order_id,order_date,year,quarter,month,region,country,product_category,product,customer_segment,revenue,material_cost,shipping_cost,marketing_cost,total_cost,profit,margin,orders,month_name,shipping_cost_pct,material_cost_pct,marketing_cost_pct
ORD-00001,2025-11-24,2025,Q4,11,Europe,Germany,Software,Cloud Platform,Enterprise,4541.94,2226.68,373.44,255.99,2856.11,1685.83,0.3712,10,November,0.0822,0.4902,0.0564
ORD-00002,2025-08-05,2025,Q3,8,Europe,Germany,Electronics,Smartphone X,Enterprise,14089.77,6800.48,1440.62,838.29,9079.39,5010.38,0.3556,9,August,0.1022,0.4827,0.0595
ORD-00003,2025-08-03,2025,Q3,8,Europe,Spain,Software,Analytics Suite,Enterprise,19121.44,9828.9,1916.54,1313.96,13059.4,6062.04,0.317,6,August,0.1002,0.514,0.0687
ORD-00004,2025-02-22,2025,Q1,2,Europe,Spain,Electronics,Tablet Air,SMB,11104.83,6226.62,909.4,622.84,7758.86,3345.97,0.3013,15,February,0.0819,0.5607,0.0561
ORD-00005,2025-07-13,2025,Q3,7,Europe,Netherlands,Software,Security Pro,Consumer,3288.18,1601.2,406.91,207.79,2215.9,1072.28,0.3261,2,July,0.1237,0.487,0.0632
ORD-00006,2025-04-30,2025,Q2,4,Europe,Spain,Software,CRM Enterprise,Consumer,12594.6,6250.26,889.91,757.0,7897.17,4697.43,0.373,12,April,0.0707,0.4963,0.0601
ORD-00007,2025-12-16,2025,Q4,12,North America,USA,Furniture,Ergonomic Chair,Enterprise,12964.99,6573.18,1137.83,786.26,8497.27,4467.72,0.3446,4,December,0.0878,0.507,0.0606
ORD-00008,2025-12-17,2025,Q4,12,Asia,India,Furniture,Office Desk,SMB,7580.27,3688.7,662.47,432.19,4783.36,2796.91,0.369,12,December,0.0874,0.4866,0.057
ORD-00009,2025-06-11,2025,Q2,6,Europe,Spain,Accessories,Webcam HD,Enterprise,7813.37,3943.12,600.39,374.12,4917.63,2895.74,0.3706,10,June,0.0768,0.5047,0.0479
ORD-00010,2025-08-08,2025,Q3,8,North America,Canada,Software,Cloud Platform,Enterprise,14198.64,6944.42,871.99,614.65,8431.06,5767.58,0.4062,11,August,0.0614,0.4891,0.0433
ORD-00011,2025-03-23,2025,Q1,3,North America,Canada,Electronics,Monitor Ultra,SMB,10968.46,5778.24,740.84,620.78,7139.86,3828.6,0.3491,1,March,0.0675,0.5268,0.0566
ORD-00012,2025-12-15,2025,Q4,12,North America,USA,Software,Security Pro,Enterprise,8560.35,4244.36,514.45,527.86,5286.67,3273.68,0.3824,12,December,0.0601,0.4958,0.0617
ORD-00013,2025-05-15,2025,Q2,5,North America,USA,Electronics,Tablet Air,Consumer,7861.11,3929.7,559.85,352.54,4842.09,3019.02,0.384,13,May,0.0712,0.4999,0.0448
ORD-00014,2025-09-29,2025,Q3,9,Europe,Netherlands,Software,CRM Enterprise,Enterprise,3819.75,1972.13,530.25,245.24,2747.62,1072.13,0.2807,4,September,0.1388,0.5163,0.0642
ORD-00015,2025-01-30,2025,Q1,1,Europe,Netherlands,Electronics,Laptop Pro,Consumer,7546.86,3674.73,625.02,475.26,4775.01,2771.85,0.3673,3,January,0.0828,0.4869,0.063
ORD-00016,2025-12-04,2025,Q4,12,Asia,Thailand,Furniture,Conference Table,Consumer,13150.28,6868.57,872.57,738.77,8479.91,4670.37,0.3552,12,December,0.0664,0.5223,0.0562
ORD-00017,2025-12-20,2025,Q4,12,Europe,Italy,Accessories,USB Hub,SMB,16253.29,8535.39,1096.08,681.35,10312.82,5940.47,0.3655,1,December,0.0674,0.5251,0.0419
ORD-00018,2025-10-29,2025,Q4,10,North America,USA,Furniture,Office Desk,Enterprise,19374.65,9413.9,1201.65,793.24,11408.79,7965.86,0.4111,6,October,0.062,0.4859,0.0409
ORD-00019,2025-02-06,2025,Q1,2,North America,USA,Software,CRM Enterprise,Enterprise,14974.01,8270.67,1294.82,857.81,10423.3,4550.71,0.3039,4,February,0.0865,0.5523,0.0573
ORD-00020,2025-08-31,2025,Q3,8,Asia,Japan,Electronics,Laptop Pro,Consumer,6750.24,3526.04,499.59,417.65,4443.28,2306.96,0.3418,11,August,0.074,0.5224,0.0619
ORD-00021,2025-12-01,2025,Q4,12,North America,USA,Electronics,Monitor Ultra,Consumer,5419.89,3068.56,365.62,247.72,3681.9,1737.99,0.3207,8,December,0.0675,0.5662,0.0457
ORD-00022,2025-03-13,2025,Q1,3,Asia,Japan,Software,CRM Enterprise,Enterprise,23724.08,11566.4,1998.53,1558.17,15123.1,8600.98,0.3625,2,March,0.0842,0.4875,0.0657
ORD-00023,2025-01-26,2025,Q1,1,North America,Mexico,Electronics,Laptop Pro,Enterprise,5240.72,2770.06,348.05,272.68,3390.79,1849.93,0.353,1,January,0.0664,0.5286,0.052
ORD-00024,2025-03-26,2025,Q1,3,Asia,India,Accessories,USB Hub,SMB,5563.34,3057.94,455.72,353.28,3866.94,1696.4,0.3049,11,March,0.0819,0.5497,0.0635
ORD-00025,2025-09-07,2025,Q3,9,Europe,France,Software,Cloud Platform,Enterprise,16016.61,8556.38,2046.62,668.13,11271.13,4745.48,0.2963,10,September,0.1278,0.5342,0.0417
ORD-00026,2025-09-02,2025,Q3,9,North America,Mexico,Furniture,Office Desk,Consumer,1661.62,828.45,129.36,100.12,1057.93,603.69,0.3633,4,September,0.0779,0.4986,0.0603
ORD-00027,2025-07-26,2025,Q3,7,Europe,Netherlands,Furniture,Office Desk,Consumer,1688.76,921.62,201.44,83.58,1206.64,482.12,0.2855,5,July,0.1193,0.5457,0.0495
ORD-00028,2025-04-15,2025,Q2,4,North America,Mexico,Software,Cloud Platform,SMB,7486.67,4096.48,516.58,370.48,4983.54,2503.13,0.3343,13,April,0.069,0.5472,0.0495
ORD-00029,2025-02-07,2025,Q1,2,Europe,Spain,Electronics,Laptop Pro,Consumer,3590.74,1818.78,315.98,238.52,2373.28,1217.46,0.3391,15,February,0.088,0.5065,0.0664
ORD-00030,2025-05-06,2025,Q2,5,Asia,Singapore,Furniture,Storage Cabinet,Consumer,10701.33,5791.21,959.02,638.01,7388.24,3313.09,0.3096,1,May,0.0896,0.5412,0.0596
ORD-00031,2025-12-08,2025,Q4,12,North America,Canada,Electronics,Smartphone X,SMB,2608.46,1279.98,199.8,125.65,1605.43,1003.03,0.3845,10,December,0.0766,0.4907,0.0482
ORD-00032,2025-04-18,2025,Q2,4,North America,Canada,Furniture,Conference Table,Consumer,7583.71,4326.76,647.52,324.35,5298.63,2285.08,0.3013,7,April,0.0854,0.5705,0.0428
ORD-00033,2025-05-22,2025,Q2,5,Europe,Germany,Software,Cloud Platform,Consumer,14707.07,7297.03,1077.37,899.63,9274.03,5433.04,0.3694,9,May,0.0733,0.4962,0.0612
ORD-00034,2025-01-05,2025,Q1,1,Europe,Germany,Furniture,Office Desk,SMB,10735.67,5312.11,685.19,528.71,6526.01,4209.66,0.3921,15,January,0.0638,0.4948,0.0492
ORD-00035,2025-01-21,2025,Q1,1,Asia,Japan,Furniture,Office Desk,SMB,14174.02,8056.71,1023.24,830.88,9910.83,4263.19,0.3008,3,January,0.0722,0.5684,0.0586
ORD-00036,2025-05-02,2025,Q2,5,Europe,France,Accessories,Wireless Mouse,Enterprise,20124.33,10328.18,1769.42,1289.31,13386.91,6737.42,0.3348,14,May,0.0879,0.5132,0.0641
ORD-00037,2025-05-08,2025,Q2,5,Asia,Japan,Electronics,Monitor Ultra,Enterprise,23309.28,11706.93,1969.58,1254.25,14930.76,8378.52,0.3594,5,May,0.0845,0.5022,0.0538
ORD-00038,2025-04-27,2025,Q2,4,Europe,Germany,Furniture,Storage Cabinet,SMB,5447.69,2652.71,453.25,275.3,3381.26,2066.43,0.3793,9,April,0.0832,0.4869,0.0505
ORD-00039,2025-07-24,2025,Q3,7,North America,Mexico,Software,Analytics Suite,Enterprise,23790.7,12040.99,1841.82,1653.61,15536.42,8254.28,0.347,1,July,0.0774,0.5061,0.0695
ORD-00040,2025-02-25,2025,Q1,2,North America,Canada,Software,Security Pro,SMB,11148.03,5921.19,797.71,638.76,7357.66,3790.37,0.34,5,February,0.0716,0.5311,0.0573
ORD-00041,2025-01-23,2025,Q1,1,North America,Canada,Electronics,Smartphone X,SMB,8104.57,4659.22,710.15,475.7,5845.07,2259.5,0.2788,11,January,0.0876,0.5749,0.0587
ORD-00042,2025-03-05,2025,Q1,3,North America,Canada,Software,CRM Enterprise,SMB,7601.77,3873.6,485.13,399.95,4758.68,2843.09,0.374,7,March,0.0638,0.5096,0.0526
ORD-00043,2025-12-13,2025,Q4,12,North America,USA,Software,CRM Enterprise,Consumer,12589.01,6425.28,834.72,800.32,8060.32,4528.69,0.3597,10,December,0.0663,0.5104,0.0636
ORD-00044,2025-12-02,2025,Q4,12,Asia,South Korea,Accessories,Webcam HD,Consumer,3598.67,1897.65,313.21,229.89,2440.75,1157.92,0.3218,3,December,0.087,0.5273,0.0639
ORD-00045,2025-12-04,2025,Q4,12,Europe,Italy,Software,Analytics Suite,Enterprise,18459.97,9275.47,1217.88,751.93,11245.28,7214.69,0.3908,4,December,0.066,0.5025,0.0407
ORD-00046,2025-09-01,2025,Q3,9,North America,USA,Accessories,Webcam HD,Consumer,8847.23,4882.21,632.75,459.96,5974.92,2872.31,0.3247,3,September,0.0715,0.5518,0.052
ORD-00047,2025-12-02,2025,Q4,12,North America,USA,Electronics,Monitor Ultra,Enterprise,5490.64,3161.49,414.76,227.9,3804.15,1686.49,0.3072,4,December,0.0755,0.5758,0.0415
ORD-00048,2025-03-04,2025,Q1,3,Asia,Japan,Accessories,USB Hub,SMB,11260.15,6214.79,846.13,730.98,7791.9,3468.25,0.308,9,March,0.0751,0.5519,0.0649
ORD-00049,2025-08-17,2025,Q3,8,Europe,Spain,Accessories,USB Hub,Enterprise,22820.42,11586.64,2947.53,1244.58,15778.75,7041.67,0.3086,4,August,0.1292,0.5077,0.0545
ORD-00050,2025-05-21,2025,Q2,5,Asia,India,Software,Cloud Platform,SMB,6443.75,3668.44,402.2,286.91,4357.55,2086.2,0.3238,7,May,0.0624,0.5693,0.0445
ORD-00051,2025-12-22,2025,Q4,12,Europe,France,Electronics,Monitor Ultra,SMB,6357.34,3347.73,393.32,413.14,4154.19,2203.15,0.3466,7,December,0.0619,0.5266,0.065
ORD-00052,2025-10-27,2025,Q4,10,North America,USA,Accessories,Webcam HD,Enterprise,25505.56,13004.3,1828.74,1702.48,16535.52,8970.04,0.3517,14,October,0.0717,0.5099,0.0667
ORD-00053,2025-08-03,2025,Q3,8,North America,Mexico,Furniture,Storage Cabinet,Enterprise,8023.61,4240.99,575.02,481.95,5297.96,2725.65,0.3397,13,August,0.0717,0.5286,0.0601
ORD-00054,2025-07-27,2025,Q3,7,North America,USA,Accessories,Keyboard Pro,Consumer,8244.79,4705.24,641.09,493.78,5840.11,2404.68,0.2917,2,July,0.0778,0.5707,0.0599
ORD-00055,2025-11-26,2025,Q4,11,Asia,Japan,Accessories,Keyboard Pro,Enterprise,7690.08,3942.98,566.31,385.47,4894.76,2795.32,0.3635,15,November,0.0736,0.5127,0.0501
ORD-00056,2025-07-14,2025,Q3,7,Asia,South Korea,Software,Analytics Suite,SMB,937.27,500.45,84.35,47.33,632.13,305.14,0.3256,11,July,0.09,0.5339,0.0505
ORD-00057,2025-02-05,2025,Q1,2,North America,USA,Electronics,Smartphone X,Enterprise,22803.87,12362.74,1531.42,1236.13,15130.29,7673.58,0.3365,2,February,0.0672,0.5421,0.0542
ORD-00058,2025-10-16,2025,Q4,10,Europe,Spain,Software,Security Pro,Enterprise,16713.8,9633.39,1363.02,1058.55,12054.96,4658.84,0.2787,3,October,0.0816,0.5764,0.0633
ORD-00059,2025-06-09,2025,Q2,6,Europe,Netherlands,Electronics,Tablet Air,Consumer,10321.54,5943.32,742.11,634.26,7319.69,3001.85,0.2908,2,June,0.0719,0.5758,0.0615
ORD-00060,2025-10-31,2025,Q4,10,North America,Mexico,Furniture,Office Desk,Consumer,11700.97,6611.39,912.82,510.53,8034.74,3666.23,0.3133,10,October,0.078,0.565,0.0436
ORD-00061,2025-01-22,2025,Q1,1,Asia,Thailand,Accessories,USB Hub,Enterprise,14105.58,7252.0,1205.85,912.21,9370.06,4735.52,0.3357,2,January,0.0855,0.5141,0.0647
ORD-00062,2025-08-10,2025,Q3,8,Asia,South Korea,Furniture,Storage Cabinet,Enterprise,20052.06,11560.96,1365.59,1288.26,14214.81,5837.25,0.2911,9,August,0.0681,0.5765,0.0642
ORD-00063,2025-09-05,2025,Q3,9,Asia,South Korea,Software,Security Pro,Enterprise,22582.08,11035.1,1952.2,1068.49,14055.79,8526.29,0.3776,8,September,0.0864,0.4887,0.0473
ORD-00064,2025-10-19,2025,Q4,10,North America,Mexico,Accessories,USB Hub,Enterprise,13801.4,7073.24,1029.95,698.97,8802.16,4999.24,0.3622,5,October,0.0746,0.5125,0.0506
ORD-00065,2025-06-24,2025,Q2,6,Asia,Thailand,Software,Analytics Suite,Consumer,14246.91,6960.49,1162.58,778.7,8901.77,5345.14,0.3752,13,June,0.0816,0.4886,0.0547
ORD-00066,2025-05-04,2025,Q2,5,North America,Canada,Accessories,Webcam HD,Enterprise,3328.69,1671.54,268.8,163.73,2104.07,1224.62,0.3679,10,May,0.0808,0.5022,0.0492
ORD-00067,2025-07-08,2025,Q3,7,Asia,Thailand,Software,CRM Enterprise,Consumer,8480.63,4369.06,624.28,417.24,5410.58,3070.05,0.362,4,July,0.0736,0.5152,0.0492
ORD-00068,2025-03-03,2025,Q1,3,North America,USA,Software,Analytics Suite,Consumer,8270.03,4599.95,542.14,384.49,5526.58,2743.45,0.3317,8,March,0.0656,0.5562,0.0465
ORD-00069,2025-05-22,2025,Q2,5,North America,Mexico,Software,Analytics Suite,Enterprise,8632.03,4454.89,596.2,528.63,5579.72,3052.31,0.3536,3,May,0.0691,0.5161,0.0612
ORD-00070,2025-05-21,2025,Q2,5,Europe,Germany,Software,Cloud Platform,Consumer,13092.69,6927.18,1128.35,749.19,8804.72,4287.97,0.3275,8,May,0.0862,0.5291,0.0572
ORD-00071,2025-09-03,2025,Q3,9,Asia,Singapore,Furniture,Office Desk,SMB,16974.51,8958.68,1437.12,883.03,11278.83,5695.68,0.3355,2,September,0.0847,0.5278,0.052
ORD-00072,2025-10-23,2025,Q4,10,North America,Mexico,Electronics,Smartphone X,Enterprise,22070.81,12688.78,1380.65,1047.17,15116.6,6954.21,0.3151,9,October,0.0626,0.5749,0.0474
ORD-00073,2025-08-02,2025,Q3,8,North America,Mexico,Furniture,Storage Cabinet,SMB,16407.98,8363.72,1274.17,867.41,10505.3,5902.68,0.3597,10,August,0.0777,0.5097,0.0529
ORD-00074,2025-11-14,2025,Q4,11,Europe,Netherlands,Electronics,Smartphone X,Consumer,3559.87,1943.84,230.36,160.96,2335.16,1224.71,0.344,2,November,0.0647,0.546,0.0452
ORD-00075,2025-03-22,2025,Q1,3,Europe,Spain,Accessories,Webcam HD,SMB,1167.93,594.26,79.98,76.84,751.08,416.85,0.3569,2,March,0.0685,0.5088,0.0658
ORD-00076,2025-12-18,2025,Q4,12,Europe,Italy,Furniture,Storage Cabinet,Enterprise,15113.08,8233.05,1318.65,979.31,10531.01,4582.07,0.3032,2,December,0.0873,0.5448,0.0648
ORD-00077,2025-01-31,2025,Q1,1,Europe,Italy,Software,CRM Enterprise,Enterprise,13133.02,6703.21,946.57,632.58,8282.36,4850.66,0.3693,9,January,0.0721,0.5104,0.0482
ORD-00078,2025-09-10,2025,Q3,9,Asia,India,Electronics,Monitor Ultra,Consumer,5173.66,2612.89,324.59,356.24,3293.72,1879.94,0.3634,14,September,0.0627,0.505,0.0689
ORD-00079,2025-10-22,2025,Q4,10,North America,USA,Software,Analytics Suite,Enterprise,13180.07,7185.13,1153.02,598.96,8937.11,4242.96,0.3219,10,October,0.0875,0.5452,0.0454
ORD-00080,2025-08-12,2025,Q3,8,North America,Canada,Electronics,Monitor Ultra,SMB,7705.26,3945.91,486.49,345.39,4777.79,2927.47,0.3799,7,August,0.0631,0.5121,0.0448
ORD-00081,2025-12-22,2025,Q4,12,Asia,Singapore,Accessories,Wireless Mouse,SMB,2132.24,1077.29,135.35,134.71,1347.35,784.89,0.3681,14,December,0.0635,0.5052,0.0632
ORD-00082,2025-09-21,2025,Q3,9,Europe,Netherlands,Accessories,Webcam HD,Enterprise,5795.9,2991.72,742.89,340.58,4075.19,1720.71,0.2969,13,September,0.1282,0.5162,0.0588
ORD-00083,2025-01-27,2025,Q1,1,Europe,Italy,Furniture,Conference Table,SMB,15926.73,8416.82,969.4,938.1,10324.32,5602.41,0.3518,13,January,0.0609,0.5285,0.0589
ORD-00084,2025-05-03,2025,Q2,5,North America,USA,Software,Analytics Suite,Consumer,6415.86,3223.78,546.9,278.47,4049.15,2366.71,0.3689,2,May,0.0852,0.5025,0.0434
ORD-00085,2025-11-28,2025,Q4,11,Europe,Spain,Software,Security Pro,SMB,15124.2,8742.16,1018.04,855.09,10615.29,4508.91,0.2981,7,November,0.0673,0.578,0.0565
ORD-00086,2025-04-08,2025,Q2,4,North America,Mexico,Furniture,Office Desk,SMB,14044.55,7941.37,985.87,893.68,9820.92,4223.63,0.3007,5,April,0.0702,0.5654,0.0636
ORD-00087,2025-01-02,2025,Q1,1,Asia,Singapore,Accessories,Keyboard Pro,SMB,9971.3,5130.36,763.38,561.41,6455.15,3516.15,0.3526,8,January,0.0766,0.5145,0.0563
ORD-00088,2025-06-14,2025,Q2,6,Europe,France,Accessories,Keyboard Pro,SMB,1359.46,753.78,110.33,87.47,951.58,407.88,0.3,7,June,0.0812,0.5545,0.0643
ORD-00089,2025-12-06,2025,Q4,12,North America,USA,Accessories,Wireless Mouse,Enterprise,14009.8,7551.53,1206.12,927.81,9685.46,4324.34,0.3087,8,December,0.0861,0.539,0.0662
ORD-00090,2025-02-21,2025,Q1,2,North America,Canada,Electronics,Smartphone X,SMB,15754.23,9090.12,980.62,999.54,11070.28,4683.95,0.2973,5,February,0.0622,0.577,0.0634
ORD-00091,2025-06-23,2025,Q2,6,North America,Mexico,Accessories,Wireless Mouse,SMB,15430.74,8732.78,1101.76,763.82,10598.36,4832.38,0.3132,12,June,0.0714,0.5659,0.0495
ORD-00092,2025-09-07,2025,Q3,9,North America,USA,Electronics,Smartphone X,Consumer,10423.79,5302.98,696.57,445.21,6444.76,3979.03,0.3817,2,September,0.0668,0.5087,0.0427
ORD-00093,2025-11-21,2025,Q4,11,North America,USA,Accessories,Keyboard Pro,Consumer,4842.26,2338.3,337.66,201.84,2877.8,1964.46,0.4057,6,November,0.0697,0.4829,0.0417
ORD-00094,2025-07-11,2025,Q3,7,Asia,Japan,Furniture,Storage Cabinet,Consumer,10386.11,5172.34,677.71,605.35,6455.4,3930.71,0.3785,7,July,0.0653,0.498,0.0583
ORD-00095,2025-11-14,2025,Q4,11,North America,USA,Accessories,Keyboard Pro,Enterprise,12936.01,6537.83,875.25,521.09,7934.17,5001.84,0.3867,13,November,0.0677,0.5054,0.0403
ORD-00096,2025-08-27,2025,Q3,8,Asia,Thailand,Furniture,Office Desk,SMB,17047.1,9866.27,1175.82,1173.88,12215.97,4831.13,0.2834,12,August,0.069,0.5788,0.0689
ORD-00097,2025-05-09,2025,Q2,5,Asia,Singapore,Furniture,Storage Cabinet,SMB,2455.77,1272.42,173.79,120.03,1566.24,889.53,0.3622,12,May,0.0708,0.5181,0.0489
ORD-00098,2025-06-01,2025,Q2,6,Europe,Spain,Software,Analytics Suite,Consumer,13043.48,7276.06,1163.58,878.07,9317.71,3725.77,0.2856,12,June,0.0892,0.5578,0.0673
ORD-00099,2025-09-12,2025,Q3,9,Asia,Japan,Software,Cloud Platform,Consumer,3256.91,1644.95,269.24,205.26,2119.45,1137.46,0.3492,11,September,0.0827,0.5051,0.063
ORD-00100,2025-03-12,2025,Q1,3,North America,USA,Electronics,Tablet Air,SMB,1180.54,609.73,75.49,79.44,764.66,415.88,0.3523,6,March,0.0639,0.5165,0.0673
ORD-00101,2025-08-01,2025,Q3,8,Europe,France,Furniture,Conference Table,Consumer,7776.02,3944.41,782.67,524.27,5251.35,2524.67,0.3247,8,August,0.1007,0.5073,0.0674
ORD-00102,2025-06-01,2025,Q2,6,North America,Canada,Electronics,Monitor Ultra,Enterprise,4573.76,2637.46,392.45,282.32,3312.23,1261.53,0.2758,7,June,0.0858,0.5767,0.0617
ORD-00103,2025-10-13,2025,Q4,10,Asia,India,Accessories,Wireless Mouse,SMB,9936.36,5221.34,796.75,597.87,6615.96,3320.4,0.3342,10,October,0.0802,0.5255,0.0602
ORD-00104,2025-07-15,2025,Q3,7,North America,Canada,Electronics,Smartphone X,SMB,1035.43,588.56,79.56,69.85,737.97,297.46,0.2873,4,July,0.0768,0.5684,0.0675
ORD-00105,2025-11-28,2025,Q4,11,Europe,Spain,Software,CRM Enterprise,Enterprise,4548.18,2613.5,314.42,249.14,3177.06,1371.12,0.3015,2,November,0.0691,0.5746,0.0548
ORD-00106,2025-05-01,2025,Q2,5,North America,USA,Accessories,Webcam HD,SMB,12266.46,6799.47,1084.1,644.89,8528.46,3738.0,0.3047,12,May,0.0884,0.5543,0.0526
ORD-00107,2025-03-21,2025,Q1,3,Asia,India,Accessories,Webcam HD,SMB,1169.26,604.57,85.71,80.11,770.39,398.87,0.3411,14,March,0.0733,0.5171,0.0685
ORD-00108,2025-07-05,2025,Q3,7,Europe,Italy,Software,Analytics Suite,SMB,5400.34,3115.03,740.54,349.54,4205.11,1195.23,0.2213,2,July,0.1371,0.5768,0.0647
ORD-00109,2025-12-06,2025,Q4,12,Europe,Netherlands,Electronics,Laptop Pro,SMB,4838.1,2383.21,372.23,203.48,2958.92,1879.18,0.3884,13,December,0.0769,0.4926,0.0421
ORD-00110,2025-10-11,2025,Q4,10,Europe,Netherlands,Furniture,Ergonomic Chair,SMB,14074.01,7865.46,1096.08,680.03,9641.57,4432.44,0.3149,3,October,0.0779,0.5589,0.0483
ORD-00111,2025-03-08,2025,Q1,3,North America,Canada,Furniture,Office Desk,Consumer,13063.49,6442.66,924.21,831.53,8198.4,4865.09,0.3724,10,March,0.0707,0.4932,0.0637
ORD-00112,2025-06-15,2025,Q2,6,Europe,France,Software,Analytics Suite,Enterprise,20258.84,10790.03,1668.72,1099.8,13558.55,6700.29,0.3307,13,June,0.0824,0.5326,0.0543
ORD-00113,2025-07-05,2025,Q3,7,North America,Mexico,Electronics,Monitor Ultra,Consumer,3712.47,2010.34,303.74,249.71,2563.79,1148.68,0.3094,11,July,0.0818,0.5415,0.0673
ORD-00114,2025-09-24,2025,Q3,9,Asia,South Korea,Electronics,Laptop Pro,SMB,15342.99,8018.67,970.27,941.63,9930.57,5412.42,0.3528,8,September,0.0632,0.5226,0.0614
ORD-00115,2025-02-07,2025,Q1,2,Europe,Italy,Furniture,Office Desk,Enterprise,8077.92,4388.79,617.56,401.92,5408.27,2669.65,0.3305,10,February,0.0765,0.5433,0.0498
ORD-00116,2025-09-29,2025,Q3,9,Asia,South Korea,Accessories,Wireless Mouse,Consumer,2159.0,1177.67,186.39,122.07,1486.13,672.87,0.3117,14,September,0.0863,0.5455,0.0565
ORD-00117,2025-04-21,2025,Q2,4,Asia,South Korea,Furniture,Storage Cabinet,SMB,14997.09,7796.58,1228.09,740.5,9765.17,5231.92,0.3489,6,April,0.0819,0.5199,0.0494
ORD-00118,2025-12-07,2025,Q4,12,Asia,Singapore,Furniture,Storage Cabinet,Enterprise,3280.97,1602.87,239.37,204.53,2046.77,1234.2,0.3762,6,December,0.073,0.4885,0.0623
ORD-00119,2025-03-08,2025,Q1,3,North America,USA,Software,Analytics Suite,SMB,6752.61,3690.53,557.15,445.96,4693.64,2058.97,0.3049,12,March,0.0825,0.5465,0.066
ORD-00120,2025-01-27,2025,Q1,1,Asia,Thailand,Software,Security Pro,Enterprise,15983.67,8012.2,1273.93,746.87,10033.0,5950.67,0.3723,2,January,0.0797,0.5013,0.0467
ORD-00121,2025-06-29,2025,Q2,6,North America,Canada,Electronics,Tablet Air,Consumer,3779.31,1976.24,290.36,238.18,2504.78,1274.53,0.3372,10,June,0.0768,0.5229,0.063
ORD-00122,2025-11-11,2025,Q4,11,North America,Mexico,Electronics,Tablet Air,Enterprise,5608.86,3086.39,388.52,281.54,3756.45,1852.41,0.3303,1,November,0.0693,0.5503,0.0502
ORD-00123,2025-04-03,2025,Q2,4,Europe,Netherlands,Accessories,Wireless Mouse,Enterprise,20239.29,11681.74,1270.07,1131.67,14083.48,6155.81,0.3042,7,April,0.0628,0.5772,0.0559
ORD-00124,2025-08-03,2025,Q3,8,Asia,Singapore,Furniture,Conference Table,SMB,13155.77,7336.76,1013.36,559.76,8909.88,4245.89,0.3227,1,August,0.077,0.5577,0.0425
ORD-00125,2025-03-21,2025,Q1,3,Europe,Netherlands,Electronics,Laptop Pro,SMB,8310.17,4341.24,649.96,435.66,5426.86,2883.31,0.347,4,March,0.0782,0.5224,0.0524
ORD-00126,2025-09-20,2025,Q3,9,Europe,Italy,Accessories,Wireless Mouse,SMB,12400.99,6688.02,1457.15,610.78,8755.95,3645.04,0.2939,4,September,0.1175,0.5393,0.0493
ORD-00127,2025-07-22,2025,Q3,7,North America,USA,Electronics,Smartphone X,SMB,17048.64,9491.57,1413.76,829.99,11735.32,5313.32,0.3117,2,July,0.0829,0.5567,0.0487
ORD-00128,2025-01-04,2025,Q1,1,Asia,South Korea,Furniture,Ergonomic Chair,SMB,9866.93,4963.18,757.4,592.42,6313.0,3553.93,0.3602,6,January,0.0768,0.503,0.06
ORD-00129,2025-02-06,2025,Q1,2,Asia,India,Accessories,Wireless Mouse,SMB,16628.23,9415.08,1284.91,951.17,11651.16,4977.07,0.2993,12,February,0.0773,0.5662,0.0572
ORD-00130,2025-11-24,2025,Q4,11,Asia,Singapore,Electronics,Monitor Ultra,Enterprise,26117.81,12985.44,2309.56,1405.21,16700.21,9417.6,0.3606,12,November,0.0884,0.4972,0.0538
ORD-00131,2025-07-05,2025,Q3,7,Europe,Spain,Electronics,Smartphone X,SMB,10846.36,5774.56,1208.32,534.81,7517.69,3328.67,0.3069,6,July,0.1114,0.5324,0.0493
ORD-00132,2025-04-24,2025,Q2,4,Asia,Japan,Electronics,Laptop Pro,Consumer,7894.3,4504.43,556.4,488.04,5548.87,2345.43,0.2971,14,April,0.0705,0.5706,0.0618
ORD-00133,2025-11-27,2025,Q4,11,Europe,France,Electronics,Smartphone X,SMB,4032.53,2178.53,333.92,240.6,2753.05,1279.48,0.3173,3,November,0.0828,0.5402,0.0597
ORD-00134,2025-11-18,2025,Q4,11,Asia,South Korea,Accessories,USB Hub,Consumer,5084.01,2663.9,376.56,299.66,3340.12,1743.89,0.343,13,November,0.0741,0.524,0.0589
ORD-00135,2025-05-21,2025,Q2,5,North America,USA,Software,Analytics Suite,SMB,8634.32,4176.94,613.57,419.73,5210.24,3424.08,0.3966,11,May,0.0711,0.4838,0.0486
ORD-00136,2025-02-16,2025,Q1,2,North America,Mexico,Accessories,Webcam HD,Consumer,8537.59,4774.06,741.71,456.69,5972.46,2565.13,0.3005,13,February,0.0869,0.5592,0.0535
ORD-00137,2025-10-20,2025,Q4,10,North America,USA,Software,CRM Enterprise,Consumer,2687.49,1306.62,169.59,179.99,1656.2,1031.29,0.3837,6,October,0.0631,0.4862,0.067
ORD-00138,2025-02-13,2025,Q1,2,North America,Mexico,Furniture,Office Desk,Enterprise,19368.93,11216.52,1466.65,1129.1,13812.27,5556.66,0.2869,6,February,0.0757,0.5791,0.0583
ORD-00139,2025-07-10,2025,Q3,7,Asia,South Korea,Accessories,USB Hub,Consumer,9169.35,5124.96,728.22,384.9,6238.08,2931.27,0.3197,2,July,0.0794,0.5589,0.042
ORD-00140,2025-10-13,2025,Q4,10,North America,Canada,Software,Security Pro,Consumer,12847.71,7405.95,1003.16,571.87,8980.98,3866.73,0.301,2,October,0.0781,0.5764,0.0445
ORD-00141,2025-10-26,2025,Q4,10,North America,USA,Software,Security Pro,Consumer,10627.96,5517.99,827.4,724.19,7069.58,3558.38,0.3348,5,October,0.0779,0.5192,0.0681
ORD-00142,2025-10-14,2025,Q4,10,Asia,Singapore,Furniture,Office Desk,Consumer,10221.61,5426.13,618.89,503.58,6548.6,3673.01,0.3593,4,October,0.0605,0.5308,0.0493
ORD-00143,2025-06-24,2025,Q2,6,Asia,Japan,Furniture,Ergonomic Chair,Enterprise,2914.01,1644.79,183.68,183.95,2012.42,901.59,0.3094,14,June,0.063,0.5644,0.0631
ORD-00144,2025-09-27,2025,Q3,9,Europe,Italy,Furniture,Storage Cabinet,Enterprise,5134.65,2891.5,661.63,330.01,3883.14,1251.51,0.2437,3,September,0.1289,0.5631,0.0643
ORD-00145,2025-08-13,2025,Q3,8,Europe,Spain,Software,Cloud Platform,SMB,11224.36,6232.2,1452.96,527.77,8212.93,3011.43,0.2683,4,August,0.1294,0.5552,0.047
ORD-00146,2025-06-08,2025,Q2,6,Asia,Japan,Software,CRM Enterprise,SMB,13988.23,7802.81,1050.34,735.22,9588.37,4399.86,0.3145,3,June,0.0751,0.5578,0.0526
ORD-00147,2025-04-13,2025,Q2,4,North America,USA,Software,Analytics Suite,Consumer,7468.56,3862.15,657.45,458.14,4977.74,2490.82,0.3335,9,April,0.088,0.5171,0.0613
ORD-00148,2025-03-05,2025,Q1,3,Asia,India,Furniture,Conference Table,SMB,16352.33,8090.07,1195.75,1118.37,10404.19,5948.14,0.3637,4,March,0.0731,0.4947,0.0684
ORD-00149,2025-08-19,2025,Q3,8,Asia,India,Accessories,Wireless Mouse,SMB,9334.92,4700.86,838.61,478.39,6017.86,3317.06,0.3553,1,August,0.0898,0.5036,0.0512
ORD-00150,2025-06-13,2025,Q2,6,Europe,Italy,Furniture,Ergonomic Chair,Enterprise,8387.55,4721.99,678.4,370.43,5770.82,2616.73,0.312,12,June,0.0809,0.563,0.0442
ORD-00151,2025-08-29,2025,Q3,8,Asia,Thailand,Electronics,Laptop Pro,Enterprise,7579.61,4271.08,579.57,468.55,5319.2,2260.41,0.2982,9,August,0.0765,0.5635,0.0618
ORD-00152,2025-08-05,2025,Q3,8,Europe,Italy,Furniture,Conference Table,Enterprise,2146.26,1120.31,278.83,115.28,1514.42,631.84,0.2944,2,August,0.1299,0.522,0.0537
ORD-00153,2025-09-13,2025,Q3,9,North America,Mexico,Electronics,Smartphone X,Consumer,2581.86,1350.12,202.53,121.91,1674.56,907.3,0.3514,7,September,0.0784,0.5229,0.0472
ORD-00154,2025-04-06,2025,Q2,4,North America,Mexico,Electronics,Tablet Air,Enterprise,25783.84,13779.09,2155.33,1424.01,17358.43,8425.41,0.3268,1,April,0.0836,0.5344,0.0552
ORD-00155,2025-07-19,2025,Q3,7,Asia,India,Accessories,USB Hub,SMB,13603.31,7015.35,843.77,642.54,8501.66,5101.65,0.375,11,July,0.062,0.5157,0.0472
ORD-00156,2025-11-18,2025,Q4,11,Europe,Netherlands,Software,Cloud Platform,Enterprise,10095.01,5187.37,800.37,655.28,6643.02,3451.99,0.342,11,November,0.0793,0.5139,0.0649
ORD-00157,2025-08-26,2025,Q3,8,North America,Canada,Furniture,Ergonomic Chair,Enterprise,19588.78,11251.02,1197.06,902.02,13350.1,6238.68,0.3185,13,August,0.0611,0.5744,0.046
ORD-00158,2025-04-13,2025,Q2,4,Europe,Italy,Software,CRM Enterprise,Consumer,7364.3,3561.83,584.78,357.78,4504.39,2859.91,0.3883,14,April,0.0794,0.4837,0.0486
ORD-00159,2025-01-25,2025,Q1,1,North America,Canada,Software,Analytics Suite,SMB,8202.95,4265.55,600.39,563.5,5429.44,2773.51,0.3381,6,January,0.0732,0.52,0.0687
ORD-00160,2025-04-06,2025,Q2,4,Asia,South Korea,Software,Security Pro,Enterprise,19876.82,9697.76,1551.86,1285.44,12535.06,7341.76,0.3694,9,April,0.0781,0.4879,0.0647
ORD-00161,2025-05-31,2025,Q2,5,Asia,India,Electronics,Tablet Air,Consumer,4786.78,2511.1,390.27,215.4,3116.77,1670.01,0.3489,8,May,0.0815,0.5246,0.045
ORD-00162,2025-06-29,2025,Q2,6,Asia,India,Software,CRM Enterprise,SMB,11726.77,6557.0,723.78,705.2,7985.98,3740.79,0.319,7,June,0.0617,0.5591,0.0601
ORD-00163,2025-07-06,2025,Q3,7,North America,Mexico,Furniture,Office Desk,Enterprise,23050.27,12627.14,1686.02,1009.3,15322.46,7727.81,0.3353,4,July,0.0731,0.5478,0.0438
ORD-00164,2025-11-27,2025,Q4,11,Asia,Singapore,Accessories,Wireless Mouse,Consumer,2724.85,1430.53,193.82,145.28,1769.63,955.22,0.3506,2,November,0.0711,0.525,0.0533
ORD-00165,2025-10-21,2025,Q4,10,Europe,Netherlands,Software,CRM Enterprise,SMB,11902.36,6010.23,754.65,738.78,7503.66,4398.7,0.3696,8,October,0.0634,0.505,0.0621
ORD-00166,2025-09-23,2025,Q3,9,Asia,Thailand,Electronics,Tablet Air,SMB,12850.26,6443.85,1006.9,781.55,8232.3,4617.96,0.3594,8,September,0.0784,0.5015,0.0608
ORD-00167,2025-04-13,2025,Q2,4,Europe,France,Electronics,Monitor Ultra,Enterprise,24355.52,12774.74,1525.48,1472.48,15772.7,8582.82,0.3524,14,April,0.0626,0.5245,0.0605
ORD-00168,2025-06-13,2025,Q2,6,North America,Canada,Electronics,Tablet Air,SMB,15413.7,8495.74,1353.63,911.43,10760.8,4652.9,0.3019,13,June,0.0878,0.5512,0.0591
ORD-00169,2025-07-05,2025,Q3,7,North America,USA,Electronics,Smartphone X,Enterprise,7078.81,3747.54,501.37,404.68,4653.59,2425.22,0.3426,8,July,0.0708,0.5294,0.0572
ORD-00170,2025-10-10,2025,Q4,10,Europe,Netherlands,Electronics,Laptop Pro,SMB,7527.98,4153.14,559.78,393.89,5106.81,2421.17,0.3216,7,October,0.0744,0.5517,0.0523
ORD-00171,2025-10-22,2025,Q4,10,Europe,France,Software,Analytics Suite,SMB,8705.5,4629.03,555.85,564.74,5749.62,2955.88,0.3395,9,October,0.0639,0.5317,0.0649
ORD-00172,2025-11-24,2025,Q4,11,North America,USA,Furniture,Storage Cabinet,Consumer,13705.33,6654.5,873.37,611.13,8139.0,5566.33,0.4061,3,November,0.0637,0.4855,0.0446
ORD-00173,2025-03-24,2025,Q1,3,Asia,Japan,Software,Security Pro,Enterprise,7440.8,4044.12,569.41,325.57,4939.1,2501.7,0.3362,5,March,0.0765,0.5435,0.0438
ORD-00174,2025-11-11,2025,Q4,11,North America,USA,Furniture,Ergonomic Chair,Enterprise,18092.93,9988.44,1414.04,1181.03,12583.51,5509.42,0.3045,10,November,0.0782,0.5521,0.0653
ORD-00175,2025-01-22,2025,Q1,1,Europe,Germany,Electronics,Tablet Air,Consumer,3556.72,1910.72,279.36,145.5,2335.58,1221.14,0.3433,15,January,0.0785,0.5372,0.0409
ORD-00176,2025-11-18,2025,Q4,11,North America,Canada,Software,CRM Enterprise,Enterprise,21902.36,12013.42,1509.58,924.04,14447.04,7455.32,0.3404,1,November,0.0689,0.5485,0.0422
ORD-00177,2025-03-22,2025,Q1,3,Asia,South Korea,Accessories,Webcam HD,Enterprise,9779.03,4834.43,839.48,484.84,6158.75,3620.28,0.3702,14,March,0.0858,0.4944,0.0496
ORD-00178,2025-06-26,2025,Q2,6,Asia,Japan,Software,Analytics Suite,SMB,4806.24,2365.88,353.2,212.56,2931.64,1874.6,0.39,1,June,0.0735,0.4923,0.0442
ORD-00179,2025-05-29,2025,Q2,5,Asia,Thailand,Accessories,Keyboard Pro,Enterprise,22131.77,12689.81,1806.7,1011.31,15507.82,6623.95,0.2993,3,May,0.0816,0.5734,0.0457
ORD-00180,2025-09-13,2025,Q3,9,North America,Canada,Accessories,USB Hub,SMB,1003.27,576.4,75.41,69.23,721.04,282.23,0.2813,4,September,0.0752,0.5745,0.069
ORD-00181,2025-10-26,2025,Q4,10,Asia,India,Electronics,Tablet Air,SMB,10996.83,6205.34,881.68,534.14,7621.16,3375.67,0.307,1,October,0.0802,0.5643,0.0486
ORD-00182,2025-02-25,2025,Q1,2,Asia,Japan,Software,Security Pro,SMB,6967.31,3623.41,537.24,319.38,4480.03,2487.28,0.357,9,February,0.0771,0.5201,0.0458
ORD-00183,2025-05-28,2025,Q2,5,Europe,Spain,Accessories,USB Hub,Consumer,10365.78,5098.73,925.17,537.12,6561.02,3804.76,0.3671,13,May,0.0893,0.4919,0.0518
ORD-00184,2025-06-23,2025,Q2,6,North America,Canada,Furniture,Ergonomic Chair,Consumer,7882.28,4177.67,483.65,347.7,5009.02,2873.26,0.3645,6,June,0.0614,0.53,0.0441
ORD-00185,2025-08-31,2025,Q3,8,North America,Canada,Furniture,Ergonomic Chair,SMB,16805.82,8602.11,1206.47,983.06,10791.64,6014.18,0.3579,14,August,0.0718,0.5119,0.0585
ORD-00186,2025-06-03,2025,Q2,6,North America,Canada,Accessories,USB Hub,SMB,14794.03,7646.08,1186.69,1026.66,9859.43,4934.6,0.3336,10,June,0.0802,0.5168,0.0694
ORD-00187,2025-06-07,2025,Q2,6,North America,Mexico,Electronics,Monitor Ultra,SMB,17427.03,9729.34,1451.41,999.07,12179.82,5247.21,0.3011,12,June,0.0833,0.5583,0.0573
ORD-00188,2025-01-27,2025,Q1,1,North America,Canada,Furniture,Storage Cabinet,Enterprise,22345.36,11266.97,1724.55,1363.42,14354.94,7990.42,0.3576,4,January,0.0772,0.5042,0.061
ORD-00189,2025-01-10,2025,Q1,1,Asia,Singapore,Accessories,Keyboard Pro,SMB,12614.7,6572.74,1050.16,852.95,8475.85,4138.85,0.3281,14,January,0.0832,0.521,0.0676
ORD-00190,2025-02-01,2025,Q1,2,North America,USA,Furniture,Conference Table,Consumer,7436.38,3849.68,659.61,400.0,4909.29,2527.09,0.3398,9,February,0.0887,0.5177,0.0538
ORD-00191,2025-06-25,2025,Q2,6,North America,Canada,Software,CRM Enterprise,Enterprise,25886.51,13147.77,1785.0,1766.61,16699.38,9187.13,0.3549,5,June,0.069,0.5079,0.0682
ORD-00192,2025-05-28,2025,Q2,5,North America,USA,Accessories,USB Hub,SMB,6669.18,3823.91,559.29,321.48,4704.68,1964.5,0.2946,2,May,0.0839,0.5734,0.0482
ORD-00193,2025-10-21,2025,Q4,10,North America,Mexico,Accessories,Webcam HD,SMB,17210.19,9645.65,1182.57,836.91,11665.13,5545.06,0.3222,12,October,0.0687,0.5605,0.0486
ORD-00194,2025-02-10,2025,Q1,2,Asia,South Korea,Software,CRM Enterprise,Enterprise,6173.97,3296.02,543.25,375.9,4215.17,1958.8,0.3173,3,February,0.088,0.5339,0.0609
ORD-00195,2025-02-25,2025,Q1,2,North America,Mexico,Furniture,Ergonomic Chair,Enterprise,18382.67,9799.88,1454.77,764.25,12018.9,6363.77,0.3462,7,February,0.0791,0.5331,0.0416
ORD-00196,2025-06-19,2025,Q2,6,North America,Canada,Electronics,Smartphone X,Enterprise,26073.94,15065.29,1687.98,1553.66,18306.93,7767.01,0.2979,15,June,0.0647,0.5778,0.0596
ORD-00197,2025-09-01,2025,Q3,9,Asia,Japan,Software,Security Pro,SMB,11838.62,6757.41,742.09,677.45,8176.95,3661.67,0.3093,9,September,0.0627,0.5708,0.0572
ORD-00198,2025-01-20,2025,Q1,1,Europe,Spain,Furniture,Office Desk,SMB,14310.51,7135.67,1180.19,946.91,9262.77,5047.74,0.3527,5,January,0.0825,0.4986,0.0662
ORD-00199,2025-01-20,2025,Q1,1,Europe,Italy,Electronics,Tablet Air,SMB,8505.67,4628.2,644.13,567.14,5839.47,2666.2,0.3135,3,January,0.0757,0.5441,0.0667
ORD-00200,2025-09-16,2025,Q3,9,Asia,Singapore,Furniture,Office Desk,SMB,3427.4,1802.44,232.1,156.24,2190.78,1236.62,0.3608,12,September,0.0677,0.5259,0.0456
ORD-00201,2025-06-22,2025,Q2,6,Asia,Thailand,Furniture,Ergonomic Chair,Consumer,12914.12,7357.23,1095.24,716.2,9168.67,3745.45,0.29,2,June,0.0848,0.5697,0.0555
ORD-00202,2025-07-25,2025,Q3,7,North America,USA,Furniture,Ergonomic Chair,SMB,6230.67,3145.27,422.59,293.25,3861.11,2369.56,0.3803,13,July,0.0678,0.5048,0.0471
ORD-00203,2025-05-17,2025,Q2,5,Asia,Singapore,Electronics,Tablet Air,Consumer,5713.51,2877.49,457.27,308.31,3643.07,2070.44,0.3624,3,May,0.08,0.5036,0.054
ORD-00204,2025-07-27,2025,Q3,7,North America,Mexico,Software,Analytics Suite,Consumer,13783.89,7022.94,1081.19,641.97,8746.1,5037.79,0.3655,3,July,0.0784,0.5095,0.0466
ORD-00205,2025-09-02,2025,Q3,9,Europe,Spain,Software,CRM Enterprise,Consumer,8463.9,4461.18,998.69,507.18,5967.05,2496.85,0.295,4,September,0.118,0.5271,0.0599
ORD-00206,2025-05-07,2025,Q2,5,North America,Mexico,Electronics,Monitor Ultra,Consumer,10704.61,5221.82,823.45,448.02,6493.29,4211.32,0.3934,9,May,0.0769,0.4878,0.0419
ORD-00207,2025-09-16,2025,Q3,9,Europe,Netherlands,Furniture,Ergonomic Chair,SMB,15468.06,8108.11,1927.84,951.4,10987.35,4480.71,0.2897,8,September,0.1246,0.5242,0.0615
ORD-00208,2025-02-16,2025,Q1,2,North America,Canada,Electronics,Monitor Ultra,Enterprise,14295.77,7515.0,882.51,770.13,9167.64,5128.13,0.3587,13,February,0.0617,0.5257,0.0539
ORD-00209,2025-06-07,2025,Q2,6,North America,USA,Accessories,USB Hub,Enterprise,20365.5,10953.2,1249.6,1025.11,13227.91,7137.59,0.3505,2,June,0.0614,0.5378,0.0503
ORD-00210,2025-10-05,2025,Q4,10,Europe,Germany,Accessories,Wireless Mouse,SMB,7714.28,4296.06,640.09,534.99,5471.14,2243.14,0.2908,11,October,0.083,0.5569,0.0694
ORD-00211,2025-08-04,2025,Q3,8,Asia,South Korea,Accessories,Webcam HD,SMB,1996.35,1150.72,172.16,87.82,1410.7,585.65,0.2934,14,August,0.0862,0.5764,0.044
ORD-00212,2025-06-28,2025,Q2,6,Europe,France,Accessories,Keyboard Pro,Consumer,14691.5,8278.4,1214.77,1018.93,10512.1,4179.4,0.2845,8,June,0.0827,0.5635,0.0694
ORD-00213,2025-12-11,2025,Q4,12,North America,Mexico,Accessories,Webcam HD,Enterprise,7360.06,3787.61,502.47,501.38,4791.46,2568.6,0.349,12,December,0.0683,0.5146,0.0681
ORD-00214,2025-02-27,2025,Q1,2,Europe,Spain,Electronics,Smartphone X,Enterprise,2656.29,1432.79,194.95,159.8,1787.54,868.75,0.3271,14,February,0.0734,0.5394,0.0602
ORD-00215,2025-01-25,2025,Q1,1,Europe,Germany,Accessories,Webcam HD,Enterprise,14987.73,8324.76,1248.21,662.52,10235.49,4752.24,0.3171,5,January,0.0833,0.5554,0.0442
ORD-00216,2025-04-30,2025,Q2,4,North America,Mexico,Software,Security Pro,Enterprise,8776.05,4338.23,700.38,409.24,5447.85,3328.2,0.3792,5,April,0.0798,0.4943,0.0466
ORD-00217,2025-05-21,2025,Q2,5,Europe,Netherlands,Furniture,Storage Cabinet,Consumer,7686.5,4436.87,678.32,462.27,5577.46,2109.04,0.2744,13,May,0.0882,0.5772,0.0601
ORD-00218,2025-09-26,2025,Q3,9,Asia,South Korea,Accessories,Keyboard Pro,SMB,7150.41,3971.63,530.6,468.21,4970.44,2179.97,0.3049,5,September,0.0742,0.5554,0.0655
ORD-00219,2025-12-29,2025,Q4,12,Europe,Spain,Electronics,Monitor Ultra,SMB,10296.79,5080.53,692.83,474.68,6248.04,4048.75,0.3932,11,December,0.0673,0.4934,0.0461
ORD-00220,2025-02-10,2025,Q1,2,Asia,Singapore,Electronics,Smartphone X,Enterprise,7906.85,4327.95,617.43,523.5,5468.88,2437.97,0.3083,4,February,0.0781,0.5474,0.0662
ORD-00221,2025-10-28,2025,Q4,10,North America,Mexico,Furniture,Storage Cabinet,Enterprise,23593.27,12110.34,2092.97,954.58,15157.89,8435.38,0.3575,15,October,0.0887,0.5133,0.0405
ORD-00222,2025-04-08,2025,Q2,4,North America,USA,Accessories,Keyboard Pro,Consumer,9263.82,4636.09,810.16,523.98,5970.23,3293.59,0.3555,13,April,0.0875,0.5005,0.0566
ORD-00223,2025-05-25,2025,Q2,5,Asia,South Korea,Software,Security Pro,SMB,6857.82,3897.17,507.34,439.48,4843.99,2013.83,0.2937,12,May,0.074,0.5683,0.0641
ORD-00224,2025-08-29,2025,Q3,8,Asia,Japan,Software,Security Pro,SMB,1395.45,790.39,114.76,56.5,961.65,433.8,0.3109,9,August,0.0822,0.5664,0.0405
ORD-00225,2025-10-27,2025,Q4,10,North America,Mexico,Accessories,USB Hub,Enterprise,6020.61,3028.38,464.15,285.21,3777.74,2242.87,0.3725,9,October,0.0771,0.503,0.0474
ORD-00226,2025-12-02,2025,Q4,12,North America,Canada,Software,CRM Enterprise,Consumer,9804.57,5187.2,637.76,626.01,6450.97,3353.6,0.342,3,December,0.065,0.5291,0.0638
ORD-00227,2025-03-13,2025,Q1,3,North America,Mexico,Accessories,Keyboard Pro,Consumer,14859.69,8555.08,1125.15,968.44,10648.67,4211.02,0.2834,2,March,0.0757,0.5757,0.0652
ORD-00228,2025-12-09,2025,Q4,12,Europe,Germany,Accessories,Keyboard Pro,Consumer,3855.78,2123.45,232.4,212.73,2568.58,1287.2,0.3338,6,December,0.0603,0.5507,0.0552
ORD-00229,2025-01-31,2025,Q1,1,North America,Mexico,Accessories,Webcam HD,Enterprise,1072.58,574.01,64.74,59.94,698.69,373.89,0.3486,5,January,0.0604,0.5352,0.0559
ORD-00230,2025-10-02,2025,Q4,10,Asia,India,Accessories,Keyboard Pro,Enterprise,24861.07,13236.99,1671.39,1456.7,16365.08,8495.99,0.3417,5,October,0.0672,0.5324,0.0586
ORD-00231,2025-07-01,2025,Q3,7,Asia,South Korea,Electronics,Tablet Air,SMB,8586.56,4330.38,694.8,420.73,5445.91,3140.65,0.3658,14,July,0.0809,0.5043,0.049
ORD-00232,2025-02-11,2025,Q1,2,North America,Mexico,Electronics,Laptop Pro,SMB,7199.19,3853.51,444.07,290.01,4587.59,2611.6,0.3628,3,February,0.0617,0.5353,0.0403
ORD-00233,2025-02-12,2025,Q1,2,Asia,South Korea,Software,Analytics Suite,Consumer,13827.71,6955.01,1203.54,840.29,8998.84,4828.87,0.3492,10,February,0.087,0.503,0.0608
ORD-00234,2025-09-01,2025,Q3,9,Asia,India,Electronics,Tablet Air,Consumer,8670.89,4190.56,761.85,428.64,5381.05,3289.84,0.3794,4,September,0.0879,0.4833,0.0494
ORD-00235,2025-10-28,2025,Q4,10,Europe,Spain,Electronics,Tablet Air,Enterprise,15619.31,8382.41,1335.19,942.02,10659.62,4959.69,0.3175,9,October,0.0855,0.5367,0.0603
ORD-00236,2025-06-19,2025,Q2,6,Asia,Japan,Electronics,Tablet Air,Enterprise,3449.6,1735.89,214.84,200.61,2151.34,1298.26,0.3764,10,June,0.0623,0.5032,0.0582
ORD-00237,2025-11-01,2025,Q4,11,Asia,Singapore,Electronics,Tablet Air,SMB,9136.5,4710.61,806.15,483.83,6000.59,3135.91,0.3432,11,November,0.0882,0.5156,0.053
ORD-00238,2025-10-27,2025,Q4,10,North America,Canada,Electronics,Tablet Air,Enterprise,19512.13,9525.9,1261.0,1197.08,11983.98,7528.15,0.3858,11,October,0.0646,0.4882,0.0614
ORD-00239,2025-03-20,2025,Q1,3,North America,Canada,Software,Security Pro,Enterprise,3288.68,1888.68,241.2,206.66,2336.54,952.14,0.2895,2,March,0.0733,0.5743,0.0628
ORD-00240,2025-03-09,2025,Q1,3,Europe,France,Accessories,Webcam HD,Consumer,8543.73,4449.61,519.36,432.46,5401.43,3142.3,0.3678,2,March,0.0608,0.5208,0.0506
ORD-00241,2025-11-02,2025,Q4,11,North America,Canada,Accessories,Wireless Mouse,SMB,7800.3,4351.92,637.64,442.95,5432.51,2367.79,0.3036,4,November,0.0817,0.5579,0.0568
ORD-00242,2025-10-20,2025,Q4,10,North America,USA,Accessories,Keyboard Pro,Enterprise,7918.78,4013.56,509.8,356.47,4879.83,3038.95,0.3838,5,October,0.0644,0.5068,0.045
ORD-00243,2025-08-04,2025,Q3,8,Asia,South Korea,Electronics,Tablet Air,SMB,17029.47,9401.8,1275.07,996.22,11673.09,5356.38,0.3145,8,August,0.0749,0.5521,0.0585
ORD-00244,2025-02-24,2025,Q1,2,Europe,Italy,Electronics,Monitor Ultra,SMB,15244.07,7896.26,1308.95,811.09,10016.3,5227.77,0.3429,7,February,0.0859,0.518,0.0532
ORD-00245,2025-11-30,2025,Q4,11,North America,USA,Software,Security Pro,Consumer,14235.54,7118.98,988.31,981.36,9088.65,5146.89,0.3616,6,November,0.0694,0.5001,0.0689
ORD-00246,2025-05-30,2025,Q2,5,North America,Mexico,Accessories,Keyboard Pro,SMB,7143.36,4012.07,512.81,310.14,4835.02,2308.34,0.3231,10,May,0.0718,0.5617,0.0434
ORD-00247,2025-04-13,2025,Q2,4,North America,Mexico,Furniture,Office Desk,Consumer,7193.52,3962.46,526.23,350.61,4839.3,2354.22,0.3273,12,April,0.0732,0.5508,0.0487
ORD-00248,2025-02-05,2025,Q1,2,Asia,South Korea,Furniture,Conference Table,Enterprise,7494.99,3713.13,544.84,384.57,4642.54,2852.45,0.3806,8,February,0.0727,0.4954,0.0513
ORD-00249,2025-11-03,2025,Q4,11,Asia,Thailand,Accessories,Webcam HD,Consumer,1033.09,595.93,83.73,66.5,746.16,286.93,0.2777,10,November,0.081,0.5768,0.0644
ORD-00250,2025-11-23,2025,Q4,11,Europe,Germany,Furniture,Conference Table,Enterprise,17786.7,8616.4,1592.06,1072.97,11281.43,6505.27,0.3657,7,November,0.0895,0.4844,0.0603
ORD-00251,2025-06-19,2025,Q2,6,Asia,India,Electronics,Laptop Pro,SMB,4462.82,2475.46,342.48,270.58,3088.52,1374.3,0.3079,4,June,0.0767,0.5547,0.0606
ORD-00252,2025-08-17,2025,Q3,8,Asia,South Korea,Accessories,Keyboard Pro,SMB,17960.03,9487.87,1236.78,1214.39,11939.04,6020.99,0.3352,2,August,0.0689,0.5283,0.0676
ORD-00253,2025-03-01,2025,Q1,3,North America,USA,Software,Security Pro,SMB,8522.79,4267.25,634.84,462.66,5364.75,3158.04,0.3705,8,March,0.0745,0.5007,0.0543
ORD-00254,2025-12-23,2025,Q4,12,Asia,Singapore,Electronics,Tablet Air,Enterprise,22045.85,10835.72,1884.38,1310.39,14030.49,8015.36,0.3636,11,December,0.0855,0.4915,0.0594
ORD-00255,2025-03-26,2025,Q1,3,North America,USA,Furniture,Ergonomic Chair,SMB,10341.37,5955.04,692.41,539.32,7186.77,3154.6,0.305,3,March,0.067,0.5758,0.0522
ORD-00256,2025-04-06,2025,Q2,4,North America,Mexico,Accessories,Webcam HD,Enterprise,20145.84,11449.08,1480.46,1065.44,13994.98,6150.86,0.3053,1,April,0.0735,0.5683,0.0529
ORD-00257,2025-12-27,2025,Q4,12,Europe,France,Software,Analytics Suite,Consumer,1975.4,1120.45,129.6,98.33,1348.38,627.02,0.3174,8,December,0.0656,0.5672,0.0498
ORD-00258,2025-02-28,2025,Q1,2,Asia,South Korea,Software,CRM Enterprise,Consumer,6191.89,3042.84,436.9,332.73,3812.47,2379.42,0.3843,3,February,0.0706,0.4914,0.0537
ORD-00259,2025-12-11,2025,Q4,12,North America,Canada,Electronics,Smartphone X,SMB,2650.79,1353.33,173.6,161.18,1688.11,962.68,0.3632,9,December,0.0655,0.5105,0.0608
ORD-00260,2025-07-18,2025,Q3,7,Asia,Thailand,Furniture,Storage Cabinet,SMB,3832.11,2082.95,309.65,227.47,2620.07,1212.04,0.3163,3,July,0.0808,0.5436,0.0594
ORD-00261,2025-10-12,2025,Q4,10,Europe,Spain,Software,Cloud Platform,Enterprise,9110.54,4783.94,561.29,462.55,5807.78,3302.76,0.3625,1,October,0.0616,0.5251,0.0508
ORD-00262,2025-09-06,2025,Q3,9,Europe,France,Accessories,Webcam HD,SMB,12513.72,6526.69,1652.5,684.01,8863.2,3650.52,0.2917,2,September,0.1321,0.5216,0.0547
ORD-00263,2025-10-17,2025,Q4,10,Europe,France,Software,Analytics Suite,SMB,4512.28,2296.15,376.42,257.06,2929.63,1582.65,0.3507,13,October,0.0834,0.5089,0.057
ORD-00264,2025-09-11,2025,Q3,9,North America,Mexico,Electronics,Laptop Pro,SMB,14086.97,7921.5,1000.26,911.12,9832.88,4254.09,0.302,1,September,0.071,0.5623,0.0647
ORD-00265,2025-08-14,2025,Q3,8,North America,USA,Accessories,Wireless Mouse,Consumer,12536.03,6959.18,864.12,877.26,8700.56,3835.47,0.306,8,August,0.0689,0.5551,0.07
ORD-00266,2025-05-15,2025,Q2,5,Asia,India,Accessories,Wireless Mouse,Enterprise,6377.82,3531.79,514.52,419.86,4466.17,1911.65,0.2997,10,May,0.0807,0.5538,0.0658
ORD-00267,2025-11-20,2025,Q4,11,Asia,Japan,Furniture,Ergonomic Chair,Enterprise,21922.0,11772.28,1665.38,1269.41,14707.07,7214.93,0.3291,3,November,0.076,0.537,0.0579
ORD-00268,2025-06-15,2025,Q2,6,North America,Canada,Software,Security Pro,Consumer,14789.58,8103.65,929.63,1018.75,10052.03,4737.55,0.3203,13,June,0.0629,0.5479,0.0689
ORD-00269,2025-07-30,2025,Q3,7,Europe,Italy,Furniture,Ergonomic Chair,Enterprise,4716.95,2416.07,492.97,308.05,3217.09,1499.86,0.318,7,July,0.1045,0.5122,0.0653
ORD-00270,2025-09-08,2025,Q3,9,Europe,Netherlands,Software,CRM Enterprise,SMB,8464.66,4599.38,1133.64,362.23,6095.25,2369.41,0.2799,9,September,0.1339,0.5434,0.0428
ORD-00271,2025-05-23,2025,Q2,5,North America,Canada,Accessories,Webcam HD,SMB,10726.03,6080.49,916.16,459.01,7455.66,3270.37,0.3049,8,May,0.0854,0.5669,0.0428
ORD-00272,2025-11-22,2025,Q4,11,North America,Mexico,Software,Analytics Suite,Consumer,6266.88,3614.82,531.09,343.68,4489.59,1777.29,0.2836,6,November,0.0847,0.5768,0.0548
ORD-00273,2025-05-26,2025,Q2,5,Asia,Thailand,Furniture,Storage Cabinet,SMB,16158.29,8987.65,991.77,949.87,10929.29,5229.0,0.3236,14,May,0.0614,0.5562,0.0588
ORD-00274,2025-08-24,2025,Q3,8,Europe,Germany,Furniture,Storage Cabinet,SMB,611.76,352.25,62.65,37.11,452.01,159.75,0.2611,3,August,0.1024,0.5758,0.0607
ORD-00275,2025-11-29,2025,Q4,11,Asia,Japan,Software,Analytics Suite,Consumer,5726.31,2795.83,457.73,340.53,3594.09,2132.22,0.3724,1,November,0.0799,0.4882,0.0595
ORD-00276,2025-07-22,2025,Q3,7,North America,Canada,Furniture,Storage Cabinet,Consumer,1822.39,892.09,121.01,77.16,1090.26,732.13,0.4017,10,July,0.0664,0.4895,0.0423
ORD-00277,2025-04-26,2025,Q2,4,North America,Mexico,Accessories,Wireless Mouse,Enterprise,19055.08,10703.45,1708.19,1003.62,13415.26,5639.82,0.296,3,April,0.0896,0.5617,0.0527
ORD-00278,2025-09-02,2025,Q3,9,Europe,France,Accessories,Wireless Mouse,Consumer,12186.37,5975.22,1341.62,596.86,7913.7,4272.67,0.3506,7,September,0.1101,0.4903,0.049
ORD-00279,2025-03-10,2025,Q1,3,North America,Mexico,Furniture,Office Desk,Consumer,8667.72,4689.51,562.74,438.03,5690.28,2977.44,0.3435,4,March,0.0649,0.541,0.0505
ORD-00280,2025-11-18,2025,Q4,11,North America,USA,Accessories,Webcam HD,Enterprise,3162.56,1549.8,261.14,182.44,1993.38,1169.18,0.3697,7,November,0.0826,0.49,0.0577
ORD-00281,2025-06-29,2025,Q2,6,Asia,Singapore,Furniture,Ergonomic Chair,SMB,11816.4,5965.12,922.03,728.31,7615.46,4200.94,0.3555,5,June,0.078,0.5048,0.0616
ORD-00282,2025-12-20,2025,Q4,12,Europe,Italy,Furniture,Ergonomic Chair,Consumer,6180.39,3365.95,516.15,394.39,4276.49,1903.9,0.3081,4,December,0.0835,0.5446,0.0638
ORD-00283,2025-09-11,2025,Q3,9,Asia,India,Furniture,Storage Cabinet,Consumer,9111.98,4855.12,813.98,634.25,6303.35,2808.63,0.3082,15,September,0.0893,0.5328,0.0696
ORD-00284,2025-06-12,2025,Q2,6,Europe,Spain,Accessories,USB Hub,Consumer,10402.66,5786.71,922.03,656.52,7365.26,3037.4,0.292,1,June,0.0886,0.5563,0.0631
ORD-00285,2025-10-28,2025,Q4,10,Europe,Germany,Software,Cloud Platform,Enterprise,24979.32,14359.81,1796.99,1213.86,17370.66,7608.66,0.3046,12,October,0.0719,0.5749,0.0486
ORD-00286,2025-09-14,2025,Q3,9,Asia,South Korea,Accessories,Wireless Mouse,Consumer,8280.19,4484.59,565.74,408.19,5458.52,2821.67,0.3408,9,September,0.0683,0.5416,0.0493
ORD-00287,2025-04-15,2025,Q2,4,Europe,Netherlands,Software,CRM Enterprise,Consumer,9697.27,5463.95,779.97,407.12,6651.04,3046.23,0.3141,12,April,0.0804,0.5635,0.042
ORD-00288,2025-08-12,2025,Q3,8,North America,USA,Electronics,Smartphone X,Enterprise,25032.78,12306.08,1961.79,1042.64,15310.51,9722.27,0.3884,11,August,0.0784,0.4916,0.0417
ORD-00289,2025-12-03,2025,Q4,12,North America,USA,Electronics,Laptop Pro,Consumer,2489.57,1197.82,186.45,125.48,1509.75,979.82,0.3936,9,December,0.0749,0.4811,0.0504
ORD-00290,2025-05-13,2025,Q2,5,Europe,Italy,Furniture,Conference Table,Consumer,13353.01,7439.54,812.94,857.44,9109.92,4243.09,0.3178,5,May,0.0609,0.5571,0.0642
ORD-00291,2025-09-26,2025,Q3,9,Europe,Italy,Electronics,Monitor Ultra,SMB,9487.6,4606.65,1261.47,427.0,6295.12,3192.48,0.3365,3,September,0.133,0.4855,0.045
ORD-00292,2025-05-11,2025,Q2,5,Europe,Netherlands,Electronics,Smartphone X,Consumer,7877.96,3816.11,676.62,372.92,4865.65,3012.31,0.3824,8,May,0.0859,0.4844,0.0473
ORD-00293,2025-07-06,2025,Q3,7,Asia,Japan,Furniture,Office Desk,Consumer,12145.17,6696.87,967.62,567.61,8232.1,3913.07,0.3222,4,July,0.0797,0.5514,0.0467
ORD-00294,2025-08-02,2025,Q3,8,North America,Canada,Software,Analytics Suite,Consumer,5905.72,3131.24,514.14,268.0,3913.38,1992.34,0.3374,13,August,0.0871,0.5302,0.0454
ORD-00295,2025-09-22,2025,Q3,9,Europe,Spain,Electronics,Monitor Ultra,SMB,14059.38,7185.32,1364.0,755.02,9304.34,4755.04,0.3382,6,September,0.097,0.5111,0.0537
ORD-00296,2025-04-13,2025,Q2,4,Asia,Thailand,Software,Cloud Platform,SMB,7007.96,4044.9,630.25,443.44,5118.59,1889.37,0.2696,12,April,0.0899,0.5772,0.0633
ORD-00297,2025-10-07,2025,Q4,10,Europe,France,Electronics,Monitor Ultra,Enterprise,6981.24,3592.84,594.71,462.97,4650.52,2330.72,0.3339,6,October,0.0852,0.5146,0.0663
ORD-00298,2025-01-01,2025,Q1,1,North America,Canada,Software,Analytics Suite,Enterprise,14728.16,7420.29,1101.09,615.59,9136.97,5591.19,0.3796,3,January,0.0748,0.5038,0.0418
ORD-00299,2025-12-31,2025,Q4,12,Asia,India,Electronics,Smartphone X,Consumer,6489.32,3696.04,478.61,405.17,4579.82,1909.5,0.2943,10,December,0.0738,0.5696,0.0624
ORD-00300,2025-02-18,2025,Q1,2,North America,USA,Accessories,Wireless Mouse,Consumer,8733.4,4571.92,776.63,411.37,5759.92,2973.48,0.3405,5,February,0.0889,0.5235,0.0471
ORD-00301,2025-06-11,2025,Q2,6,Asia,Singapore,Software,CRM Enterprise,SMB,4664.84,2679.27,298.94,294.37,3272.58,1392.26,0.2985,2,June,0.0641,0.5744,0.0631
ORD-00302,2025-03-21,2025,Q1,3,Europe,France,Accessories,Webcam HD,SMB,7673.32,4094.42,682.46,354.73,5131.61,2541.71,0.3312,5,March,0.0889,0.5336,0.0462
ORD-00303,2025-08-26,2025,Q3,8,Asia,India,Electronics,Smartphone X,Consumer,4911.12,2703.43,383.55,228.12,3315.1,1596.02,0.325,14,August,0.0781,0.5505,0.0464
ORD-00304,2025-06-17,2025,Q2,6,Europe,Germany,Furniture,Conference Table,SMB,9534.2,5222.06,646.47,664.73,6533.26,3000.94,0.3148,1,June,0.0678,0.5477,0.0697
ORD-00305,2025-07-27,2025,Q3,7,Asia,Thailand,Furniture,Office Desk,SMB,2373.19,1327.52,151.04,99.32,1577.88,795.31,0.3351,13,July,0.0636,0.5594,0.0419
ORD-00306,2025-04-24,2025,Q2,4,Europe,France,Accessories,USB Hub,Consumer,9639.31,5248.3,746.75,460.42,6455.47,3183.84,0.3303,14,April,0.0775,0.5445,0.0478
ORD-00307,2025-02-08,2025,Q1,2,Europe,Germany,Furniture,Storage Cabinet,Enterprise,3300.64,1863.96,278.13,144.16,2286.25,1014.39,0.3073,8,February,0.0843,0.5647,0.0437
ORD-00308,2025-01-26,2025,Q1,1,Europe,Netherlands,Accessories,Webcam HD,SMB,1112.99,610.28,72.55,51.69,734.52,378.47,0.34,3,January,0.0652,0.5483,0.0464
ORD-00309,2025-05-21,2025,Q2,5,Asia,South Korea,Furniture,Office Desk,Consumer,9478.06,4782.43,652.59,496.27,5931.29,3546.77,0.3742,9,May,0.0689,0.5046,0.0524
ORD-00310,2025-09-03,2025,Q3,9,Europe,Germany,Software,CRM Enterprise,Enterprise,11842.03,6445.2,1540.29,562.19,8547.68,3294.35,0.2782,13,September,0.1301,0.5443,0.0475
ORD-00311,2025-10-06,2025,Q4,10,Europe,Spain,Software,CRM Enterprise,Consumer,11830.81,6085.81,910.61,587.38,7583.8,4247.01,0.359,5,October,0.077,0.5144,0.0496
ORD-00312,2025-04-03,2025,Q2,4,Europe,Italy,Furniture,Office Desk,SMB,1619.49,937.93,122.89,102.04,1162.86,456.63,0.282,4,April,0.0759,0.5792,0.063
ORD-00313,2025-03-23,2025,Q1,3,Europe,France,Furniture,Conference Table,Consumer,12336.13,7052.89,760.86,862.19,8675.94,3660.19,0.2967,4,March,0.0617,0.5717,0.0699
ORD-00314,2025-10-22,2025,Q4,10,Asia,Singapore,Furniture,Ergonomic Chair,Enterprise,16364.76,9174.43,1324.38,1103.3,11602.11,4762.65,0.291,1,October,0.0809,0.5606,0.0674
ORD-00315,2025-12-27,2025,Q4,12,North America,Canada,Furniture,Ergonomic Chair,SMB,10032.97,4991.96,613.4,418.22,6023.58,4009.39,0.3996,10,December,0.0611,0.4976,0.0417
ORD-00316,2025-04-23,2025,Q2,4,Europe,Netherlands,Accessories,Wireless Mouse,SMB,16571.39,8288.12,1059.16,1019.28,10366.56,6204.83,0.3744,15,April,0.0639,0.5001,0.0615
ORD-00317,2025-06-15,2025,Q2,6,Europe,Germany,Furniture,Ergonomic Chair,Enterprise,22993.15,13015.66,2042.18,1177.43,16235.27,6757.88,0.2939,11,June,0.0888,0.5661,0.0512
ORD-00318,2025-07-22,2025,Q3,7,North America,USA,Software,Security Pro,SMB,2974.26,1474.49,263.11,189.62,1927.22,1047.04,0.352,8,July,0.0885,0.4958,0.0638
ORD-00319,2025-11-29,2025,Q4,11,Asia,Japan,Software,Cloud Platform,Consumer,9039.78,4497.61,625.6,548.31,5671.52,3368.26,0.3726,3,November,0.0692,0.4975,0.0607
ORD-00320,2025-04-01,2025,Q2,4,North America,USA,Accessories,Wireless Mouse,Enterprise,16622.34,9509.71,1479.82,775.05,11764.58,4857.76,0.2922,10,April,0.089,0.5721,0.0466
ORD-00321,2025-02-23,2025,Q1,2,Asia,Japan,Software,Analytics Suite,Enterprise,9951.74,5094.81,787.04,685.6,6567.45,3384.29,0.3401,14,February,0.0791,0.512,0.0689
ORD-00322,2025-12-29,2025,Q4,12,North America,Mexico,Software,CRM Enterprise,Enterprise,7822.04,3949.77,485.23,373.11,4808.11,3013.93,0.3853,2,December,0.062,0.505,0.0477
ORD-00323,2025-01-01,2025,Q1,1,Europe,Spain,Accessories,Webcam HD,Enterprise,23986.81,12696.41,1711.73,1352.39,15760.53,8226.28,0.343,2,January,0.0714,0.5293,0.0564
ORD-00324,2025-09-03,2025,Q3,9,North America,Mexico,Furniture,Ergonomic Chair,SMB,1882.54,1062.84,129.61,93.3,1285.75,596.79,0.317,2,September,0.0688,0.5646,0.0496
ORD-00325,2025-02-07,2025,Q1,2,Asia,Japan,Accessories,Keyboard Pro,Consumer,1587.54,911.54,141.83,79.6,1132.97,454.57,0.2863,10,February,0.0893,0.5742,0.0501
ORD-00326,2025-09-05,2025,Q3,9,North America,USA,Accessories,Keyboard Pro,Consumer,13401.42,6643.22,844.8,618.7,8106.72,5294.7,0.3951,4,September,0.063,0.4957,0.0462
ORD-00327,2025-07-29,2025,Q3,7,North America,Mexico,Software,Security Pro,SMB,4733.34,2295.5,365.19,308.59,2969.28,1764.06,0.3727,3,July,0.0772,0.485,0.0652
ORD-00328,2025-01-28,2025,Q1,1,Asia,India,Accessories,Wireless Mouse,SMB,14935.81,8102.81,1111.37,640.89,9855.07,5080.74,0.3402,4,January,0.0744,0.5425,0.0429
ORD-00329,2025-03-29,2025,Q1,3,North America,Canada,Electronics,Monitor Ultra,Enterprise,8948.02,4650.71,668.17,535.37,5854.25,3093.77,0.3457,2,March,0.0747,0.5197,0.0598
ORD-00330,2025-11-25,2025,Q4,11,North America,Canada,Furniture,Conference Table,SMB,7027.59,3686.52,477.17,379.15,4542.84,2484.75,0.3536,4,November,0.0679,0.5246,0.054
ORD-00331,2025-05-18,2025,Q2,5,North America,USA,Furniture,Office Desk,Enterprise,18338.48,10284.55,1328.07,1149.71,12762.33,5576.15,0.3041,4,May,0.0724,0.5608,0.0627
ORD-00332,2025-10-11,2025,Q4,10,Europe,Spain,Accessories,Webcam HD,Consumer,13283.98,7008.98,828.5,891.13,8728.61,4555.37,0.3429,12,October,0.0624,0.5276,0.0671
ORD-00333,2025-01-18,2025,Q1,1,North America,Mexico,Furniture,Office Desk,SMB,3608.09,2087.05,321.72,231.83,2640.6,967.49,0.2681,3,January,0.0892,0.5784,0.0643
ORD-00334,2025-01-22,2025,Q1,1,Asia,India,Accessories,Keyboard Pro,Consumer,2644.23,1426.58,184.02,163.45,1774.05,870.18,0.3291,13,January,0.0696,0.5395,0.0618
ORD-00335,2025-02-04,2025,Q1,2,Europe,Spain,Accessories,USB Hub,SMB,9642.57,5512.82,582.13,588.32,6683.27,2959.3,0.3069,10,February,0.0604,0.5717,0.061
ORD-00336,2025-09-25,2025,Q3,9,Asia,India,Accessories,Keyboard Pro,Enterprise,15688.1,8444.4,1395.38,674.68,10514.46,5173.64,0.3298,2,September,0.0889,0.5383,0.043
ORD-00337,2025-10-16,2025,Q4,10,Europe,Italy,Software,CRM Enterprise,SMB,7264.96,3839.95,568.62,298.76,4707.33,2557.63,0.3521,5,October,0.0783,0.5286,0.0411
ORD-00338,2025-07-26,2025,Q3,7,Europe,Netherlands,Accessories,Wireless Mouse,SMB,16078.59,8250.72,1672.94,1002.86,10926.52,5152.07,0.3204,15,July,0.104,0.5131,0.0624
ORD-00339,2025-05-18,2025,Q2,5,Asia,India,Software,Security Pro,SMB,5478.03,2898.77,443.09,235.26,3577.12,1900.91,0.347,14,May,0.0809,0.5292,0.0429
ORD-00340,2025-04-27,2025,Q2,4,Europe,Italy,Accessories,USB Hub,SMB,13281.11,7178.41,832.44,707.24,8718.09,4563.02,0.3436,15,April,0.0627,0.5405,0.0533
ORD-00341,2025-07-28,2025,Q3,7,North America,Canada,Software,Analytics Suite,Consumer,11976.61,5827.36,973.54,624.0,7424.9,4551.71,0.38,13,July,0.0813,0.4866,0.0521
ORD-00342,2025-09-26,2025,Q3,9,North America,USA,Furniture,Ergonomic Chair,Enterprise,22745.09,11485.11,1676.16,1536.22,14697.49,8047.6,0.3538,12,September,0.0737,0.5049,0.0675
ORD-00343,2025-04-12,2025,Q2,4,Asia,Singapore,Accessories,Webcam HD,Consumer,13884.57,7610.37,933.85,758.98,9303.2,4581.37,0.33,8,April,0.0673,0.5481,0.0547
ORD-00344,2025-04-01,2025,Q2,4,Asia,Thailand,Software,Security Pro,Enterprise,22762.76,11514.91,1933.15,972.24,14420.3,8342.46,0.3665,1,April,0.0849,0.5059,0.0427
ORD-00345,2025-07-17,2025,Q3,7,Europe,France,Furniture,Ergonomic Chair,Consumer,3764.12,1884.6,464.11,208.53,2557.24,1206.88,0.3206,14,July,0.1233,0.5007,0.0554
ORD-00346,2025-12-16,2025,Q4,12,Europe,Spain,Furniture,Ergonomic Chair,Consumer,12112.54,6085.06,947.81,827.17,7860.04,4252.5,0.3511,12,December,0.0783,0.5024,0.0683
ORD-00347,2025-12-30,2025,Q4,12,North America,Canada,Accessories,Webcam HD,SMB,8586.57,4308.92,593.03,477.58,5379.53,3207.04,0.3735,10,December,0.0691,0.5018,0.0556
ORD-00348,2025-07-23,2025,Q3,7,North America,USA,Electronics,Tablet Air,Consumer,9886.46,5347.64,681.71,427.52,6456.87,3429.59,0.3469,2,July,0.069,0.5409,0.0432
ORD-00349,2025-06-22,2025,Q2,6,Asia,Singapore,Software,Security Pro,Consumer,10810.86,6153.95,745.56,481.06,7380.57,3430.29,0.3173,13,June,0.069,0.5692,0.0445
ORD-00350,2025-05-04,2025,Q2,5,Europe,Netherlands,Accessories,USB Hub,Consumer,2528.98,1220.35,189.47,123.59,1533.41,995.57,0.3937,15,May,0.0749,0.4825,0.0489
ORD-00351,2025-08-03,2025,Q3,8,Asia,South Korea,Electronics,Smartphone X,SMB,13241.97,6650.6,1006.91,841.49,8499.0,4742.97,0.3582,15,August,0.076,0.5022,0.0635
ORD-00352,2025-12-10,2025,Q4,12,Asia,Thailand,Software,Cloud Platform,Consumer,13209.17,6579.67,831.23,579.07,7989.97,5219.2,0.3951,5,December,0.0629,0.4981,0.0438
ORD-00353,2025-10-14,2025,Q4,10,Europe,Italy,Electronics,Smartphone X,SMB,4485.91,2544.15,325.74,298.79,3168.68,1317.23,0.2936,6,October,0.0726,0.5671,0.0666
ORD-00354,2025-05-14,2025,Q2,5,North America,Canada,Accessories,Wireless Mouse,SMB,1533.98,833.63,118.74,89.92,1042.29,491.69,0.3205,8,May,0.0774,0.5434,0.0586
ORD-00355,2025-04-10,2025,Q2,4,North America,USA,Accessories,USB Hub,SMB,1540.68,871.14,98.79,70.88,1040.81,499.87,0.3244,7,April,0.0641,0.5654,0.046
ORD-00356,2025-10-19,2025,Q4,10,Asia,Japan,Software,Cloud Platform,Enterprise,13625.86,7400.25,889.83,804.4,9094.48,4531.38,0.3326,1,October,0.0653,0.5431,0.059
ORD-00357,2025-08-20,2025,Q3,8,Asia,Japan,Furniture,Ergonomic Chair,SMB,14262.67,7958.22,911.13,756.08,9625.43,4637.24,0.3251,7,August,0.0639,0.558,0.053
ORD-00358,2025-07-26,2025,Q3,7,Asia,South Korea,Accessories,Wireless Mouse,Enterprise,14831.73,8202.92,1312.64,990.17,10505.73,4326.0,0.2917,13,July,0.0885,0.5531,0.0668
ORD-00359,2025-09-29,2025,Q3,9,Europe,Germany,Electronics,Smartphone X,Enterprise,19001.0,9774.78,1881.01,978.68,12634.47,6366.53,0.3351,10,September,0.099,0.5144,0.0515
ORD-00360,2025-06-06,2025,Q2,6,Europe,Germany,Electronics,Tablet Air,SMB,8533.12,4539.86,646.16,452.34,5638.36,2894.76,0.3392,11,June,0.0757,0.532,0.053
ORD-00361,2025-03-10,2025,Q1,3,Asia,South Korea,Software,Cloud Platform,Enterprise,25645.0,14664.34,1849.05,1201.53,17714.92,7930.08,0.3092,12,March,0.0721,0.5718,0.0469
ORD-00362,2025-03-09,2025,Q1,3,Europe,Germany,Furniture,Office Desk,SMB,12973.32,7254.84,924.42,768.15,8947.41,4025.91,0.3103,13,March,0.0713,0.5592,0.0592
ORD-00363,2025-10-01,2025,Q4,10,North America,USA,Electronics,Laptop Pro,Consumer,12623.74,6120.29,801.28,673.22,7594.79,5028.95,0.3984,2,October,0.0635,0.4848,0.0533
ORD-00364,2025-10-08,2025,Q4,10,Asia,South Korea,Furniture,Ergonomic Chair,Consumer,10443.23,5022.47,758.45,449.37,6230.29,4212.94,0.4034,9,October,0.0726,0.4809,0.043
ORD-00365,2025-05-19,2025,Q2,5,North America,Mexico,Furniture,Storage Cabinet,Enterprise,14252.36,7721.5,976.02,905.64,9603.16,4649.2,0.3262,8,May,0.0685,0.5418,0.0635
ORD-00366,2025-04-12,2025,Q2,4,North America,USA,Software,Cloud Platform,SMB,12839.8,6542.33,785.57,704.78,8032.68,4807.12,0.3744,4,April,0.0612,0.5095,0.0549
ORD-00367,2025-12-19,2025,Q4,12,Asia,Singapore,Furniture,Office Desk,Enterprise,18429.62,10517.57,1567.57,1107.08,13192.22,5237.4,0.2842,3,December,0.0851,0.5707,0.0601
ORD-00368,2025-02-16,2025,Q1,2,North America,USA,Electronics,Tablet Air,Consumer,3851.82,2229.69,265.32,207.72,2702.73,1149.09,0.2983,2,February,0.0689,0.5789,0.0539
ORD-00369,2025-03-31,2025,Q1,3,Europe,Italy,Software,Security Pro,SMB,13450.6,6584.07,1112.98,556.54,8253.59,5197.01,0.3864,14,March,0.0827,0.4895,0.0414
ORD-00370,2025-03-12,2025,Q1,3,North America,Mexico,Furniture,Conference Table,SMB,16164.78,9302.98,1100.0,1002.09,11405.07,4759.71,0.2944,6,March,0.068,0.5755,0.062
ORD-00371,2025-06-25,2025,Q2,6,Europe,Germany,Accessories,Webcam HD,SMB,5329.9,2763.93,455.81,341.1,3560.84,1769.06,0.3319,11,June,0.0855,0.5186,0.064
ORD-00372,2025-03-27,2025,Q1,3,Europe,France,Electronics,Smartphone X,Enterprise,11758.32,6338.62,988.5,709.64,8036.76,3721.56,0.3165,3,March,0.0841,0.5391,0.0604
ORD-00373,2025-11-09,2025,Q4,11,Asia,Singapore,Electronics,Smartphone X,SMB,16614.92,8162.81,1201.9,687.51,10052.22,6562.7,0.395,5,November,0.0723,0.4913,0.0414
ORD-00374,2025-12-02,2025,Q4,12,Asia,India,Furniture,Conference Table,Consumer,8085.0,4447.22,508.2,483.9,5439.32,2645.68,0.3272,4,December,0.0629,0.5501,0.0599
ORD-00375,2025-09-04,2025,Q3,9,Asia,South Korea,Furniture,Office Desk,Enterprise,17692.71,8770.15,1512.11,1159.87,11442.13,6250.58,0.3533,14,September,0.0855,0.4957,0.0656
ORD-00376,2025-03-26,2025,Q1,3,Europe,Spain,Software,Cloud Platform,SMB,17480.52,8478.67,1165.62,1036.59,10680.88,6799.64,0.389,7,March,0.0667,0.485,0.0593
ORD-00377,2025-05-01,2025,Q2,5,Europe,Spain,Accessories,Webcam HD,Enterprise,23256.98,12203.1,1478.24,1277.3,14958.64,8298.34,0.3568,11,May,0.0636,0.5247,0.0549
ORD-00378,2025-01-10,2025,Q1,1,Europe,Spain,Accessories,Wireless Mouse,Consumer,8461.93,4760.61,708.72,582.99,6052.32,2409.61,0.2848,11,January,0.0838,0.5626,0.0689
ORD-00379,2025-06-05,2025,Q2,6,North America,Mexico,Furniture,Storage Cabinet,SMB,6922.16,3360.21,461.62,371.26,4193.09,2729.07,0.3943,9,June,0.0667,0.4854,0.0536
ORD-00380,2025-11-14,2025,Q4,11,North America,Canada,Software,CRM Enterprise,Enterprise,3443.11,1879.56,206.81,174.41,2260.78,1182.33,0.3434,11,November,0.0601,0.5459,0.0507
ORD-00381,2025-05-30,2025,Q2,5,North America,Mexico,Software,Analytics Suite,Enterprise,24308.49,12865.08,2057.84,1513.82,16436.74,7871.75,0.3238,7,May,0.0847,0.5292,0.0623
ORD-00382,2025-02-24,2025,Q1,2,Asia,Thailand,Furniture,Ergonomic Chair,Enterprise,25178.64,13075.01,1855.95,1597.4,16528.36,8650.28,0.3436,12,February,0.0737,0.5193,0.0634
ORD-00383,2025-06-23,2025,Q2,6,Europe,Spain,Electronics,Laptop Pro,SMB,8558.55,4612.47,642.97,589.82,5845.26,2713.29,0.317,1,June,0.0751,0.5389,0.0689
ORD-00384,2025-09-29,2025,Q3,9,North America,USA,Accessories,Webcam HD,Consumer,11825.68,6752.68,954.98,534.63,8242.29,3583.39,0.303,14,September,0.0808,0.571,0.0452
ORD-00385,2025-03-07,2025,Q1,3,Europe,Spain,Software,CRM Enterprise,SMB,17643.31,10084.76,1462.12,850.55,12397.43,5245.88,0.2973,6,March,0.0829,0.5716,0.0482
ORD-00386,2025-05-31,2025,Q2,5,Asia,Japan,Furniture,Storage Cabinet,Consumer,10650.21,5909.19,734.52,650.14,7293.85,3356.36,0.3151,14,May,0.069,0.5548,0.061
ORD-00387,2025-06-10,2025,Q2,6,North America,Mexico,Furniture,Ergonomic Chair,Enterprise,17190.77,8751.1,1209.52,1034.39,10995.01,6195.76,0.3604,12,June,0.0704,0.5091,0.0602
ORD-00388,2025-11-29,2025,Q4,11,Europe,Netherlands,Software,Analytics Suite,SMB,10383.68,5589.33,916.67,636.56,7142.56,3241.12,0.3121,11,November,0.0883,0.5383,0.0613
ORD-00389,2025-10-01,2025,Q4,10,Asia,South Korea,Electronics,Laptop Pro,Enterprise,10840.72,5261.07,668.85,520.46,6450.38,4390.34,0.405,13,October,0.0617,0.4853,0.048
ORD-00390,2025-03-24,2025,Q1,3,Asia,Singapore,Furniture,Office Desk,Consumer,11873.18,5941.34,905.15,602.69,7449.18,4424.0,0.3726,8,March,0.0762,0.5004,0.0508
ORD-00391,2025-02-22,2025,Q1,2,North America,Mexico,Furniture,Storage Cabinet,Enterprise,14235.07,7967.13,1151.39,865.32,9983.84,4251.23,0.2986,1,February,0.0809,0.5597,0.0608
ORD-00392,2025-07-15,2025,Q3,7,Asia,South Korea,Software,Analytics Suite,Enterprise,20309.79,10161.16,1747.97,1336.65,13245.78,7064.01,0.3478,8,July,0.0861,0.5003,0.0658
ORD-00393,2025-04-26,2025,Q2,4,North America,Mexico,Software,Cloud Platform,Consumer,14482.2,7377.49,946.02,875.88,9199.39,5282.81,0.3648,3,April,0.0653,0.5094,0.0605
ORD-00394,2025-03-30,2025,Q1,3,North America,Mexico,Electronics,Monitor Ultra,Enterprise,12084.05,6472.94,772.2,695.07,7940.21,4143.84,0.3429,5,March,0.0639,0.5357,0.0575
ORD-00395,2025-01-03,2025,Q1,1,Asia,South Korea,Furniture,Office Desk,Enterprise,25137.2,13566.24,2091.66,1477.09,17134.99,8002.21,0.3183,14,January,0.0832,0.5397,0.0588
ORD-00396,2025-12-05,2025,Q4,12,Asia,South Korea,Software,Analytics Suite,Consumer,5108.96,2564.68,334.72,214.81,3114.21,1994.75,0.3904,9,December,0.0655,0.502,0.042
ORD-00397,2025-03-23,2025,Q1,3,Asia,Thailand,Accessories,Wireless Mouse,SMB,4448.85,2230.36,311.23,226.11,2767.7,1681.15,0.3779,4,March,0.07,0.5013,0.0508
ORD-00398,2025-11-13,2025,Q4,11,North America,Canada,Electronics,Laptop Pro,Consumer,5517.11,2780.81,437.33,372.73,3590.87,1926.24,0.3491,4,November,0.0793,0.504,0.0676
ORD-00399,2025-01-21,2025,Q1,1,North America,Canada,Accessories,Wireless Mouse,SMB,5064.68,2797.71,307.63,281.12,3386.46,1678.22,0.3314,13,January,0.0607,0.5524,0.0555
ORD-00400,2025-07-11,2025,Q3,7,North America,Mexico,Accessories,Webcam HD,Enterprise,8636.93,4708.44,601.21,366.81,5676.46,2960.47,0.3428,2,July,0.0696,0.5452,0.0425
ORD-00401,2025-03-27,2025,Q1,3,North America,Mexico,Electronics,Laptop Pro,Enterprise,18395.75,10253.02,1581.09,969.94,12804.05,5591.7,0.304,2,March,0.0859,0.5574,0.0527
ORD-00402,2025-04-16,2025,Q2,4,North America,Mexico,Accessories,Wireless Mouse,Consumer,10447.63,5039.68,851.55,429.78,6321.01,4126.62,0.395,2,April,0.0815,0.4824,0.0411
ORD-00403,2025-01-28,2025,Q1,1,Europe,Italy,Electronics,Smartphone X,SMB,7692.81,4039.59,554.91,380.73,4975.23,2717.58,0.3533,7,January,0.0721,0.5251,0.0495
ORD-00404,2025-12-11,2025,Q4,12,Europe,Netherlands,Electronics,Laptop Pro,Consumer,8991.32,4946.02,559.06,609.98,6115.06,2876.26,0.3199,2,December,0.0622,0.5501,0.0678
ORD-00405,2025-05-29,2025,Q2,5,North America,Canada,Electronics,Tablet Air,SMB,7236.6,4068.5,440.89,323.4,4832.79,2403.81,0.3322,4,May,0.0609,0.5622,0.0447
ORD-00406,2025-03-11,2025,Q1,3,North America,Canada,Software,Cloud Platform,SMB,12384.83,7076.9,1038.47,766.37,8881.74,3503.09,0.2829,6,March,0.0839,0.5714,0.0619
ORD-00407,2025-01-06,2025,Q1,1,North America,Mexico,Furniture,Office Desk,Enterprise,1031.28,556.55,78.5,70.55,705.6,325.68,0.3158,5,January,0.0761,0.5397,0.0684
ORD-00408,2025-04-18,2025,Q2,4,North America,Mexico,Software,Cloud Platform,SMB,16357.93,9244.62,1051.38,744.61,11040.61,5317.32,0.3251,10,April,0.0643,0.5651,0.0455
ORD-00409,2025-05-10,2025,Q2,5,Europe,Germany,Furniture,Office Desk,Consumer,7188.35,3845.52,493.98,302.06,4641.56,2546.79,0.3543,2,May,0.0687,0.535,0.042
ORD-00410,2025-04-12,2025,Q2,4,North America,Mexico,Accessories,USB Hub,SMB,2830.94,1544.41,178.35,165.85,1888.61,942.33,0.3329,15,April,0.063,0.5455,0.0586
ORD-00411,2025-04-10,2025,Q2,4,Asia,South Korea,Accessories,USB Hub,Consumer,10061.62,5527.31,649.7,573.57,6750.58,3311.04,0.3291,13,April,0.0646,0.5493,0.057
ORD-00412,2025-06-11,2025,Q2,6,Asia,Japan,Electronics,Tablet Air,Enterprise,21405.73,11799.26,1695.87,1033.91,14529.04,6876.69,0.3213,6,June,0.0792,0.5512,0.0483
ORD-00413,2025-03-10,2025,Q1,3,North America,Mexico,Software,CRM Enterprise,SMB,8349.23,4654.5,622.93,361.23,5638.66,2710.57,0.3246,11,March,0.0746,0.5575,0.0433
ORD-00414,2025-11-07,2025,Q4,11,Europe,Italy,Furniture,Ergonomic Chair,SMB,13363.68,7251.96,1093.45,892.2,9237.61,4126.07,0.3088,14,November,0.0818,0.5427,0.0668
ORD-00415,2025-09-17,2025,Q3,9,North America,USA,Accessories,Keyboard Pro,Enterprise,15296.6,8173.69,1376.11,828.51,10378.31,4918.29,0.3215,13,September,0.09,0.5343,0.0542
ORD-00416,2025-03-18,2025,Q1,3,Asia,South Korea,Furniture,Conference Table,Enterprise,13028.7,6918.78,936.81,717.43,8573.02,4455.68,0.342,11,March,0.0719,0.531,0.0551
ORD-00417,2025-05-03,2025,Q2,5,North America,Mexico,Furniture,Ergonomic Chair,SMB,3370.47,1808.71,259.44,223.01,2291.16,1079.31,0.3202,3,May,0.077,0.5366,0.0662
ORD-00418,2025-09-05,2025,Q3,9,Asia,India,Furniture,Storage Cabinet,Enterprise,2540.68,1313.39,155.7,117.39,1586.48,954.2,0.3756,15,September,0.0613,0.5169,0.0462
ORD-00419,2025-07-04,2025,Q3,7,Asia,South Korea,Accessories,Wireless Mouse,Enterprise,26493.39,13575.4,2148.93,1474.12,17198.45,9294.94,0.3508,14,July,0.0811,0.5124,0.0556
ORD-00420,2025-05-21,2025,Q2,5,North America,Canada,Furniture,Storage Cabinet,Consumer,5988.52,3226.42,520.68,253.52,4000.62,1987.9,0.332,5,May,0.0869,0.5388,0.0423
ORD-00421,2025-07-12,2025,Q3,7,Europe,Netherlands,Accessories,USB Hub,SMB,9071.39,4791.61,1098.51,499.43,6389.55,2681.84,0.2956,3,July,0.1211,0.5282,0.0551
ORD-00422,2025-08-14,2025,Q3,8,Europe,France,Electronics,Tablet Air,Enterprise,4821.27,2390.08,583.35,311.01,3284.44,1536.83,0.3188,11,August,0.121,0.4957,0.0645
ORD-00423,2025-04-28,2025,Q2,4,Asia,Singapore,Electronics,Monitor Ultra,Consumer,7442.81,3729.37,482.57,483.79,4695.73,2747.08,0.3691,1,April,0.0648,0.5011,0.065
ORD-00424,2025-05-05,2025,Q2,5,Europe,France,Furniture,Ergonomic Chair,Consumer,7933.32,4514.69,510.95,356.92,5382.56,2550.76,0.3215,15,May,0.0644,0.5691,0.045
ORD-00425,2025-04-03,2025,Q2,4,North America,Canada,Electronics,Tablet Air,Enterprise,6553.09,3542.94,485.86,356.82,4385.62,2167.47,0.3308,4,April,0.0741,0.5407,0.0545
ORD-00426,2025-07-30,2025,Q3,7,North America,USA,Furniture,Conference Table,Enterprise,19801.28,10183.15,1457.46,1142.89,12783.5,7017.78,0.3544,4,July,0.0736,0.5143,0.0577
ORD-00427,2025-07-13,2025,Q3,7,Asia,Japan,Electronics,Laptop Pro,Enterprise,14542.77,8302.96,1171.14,942.3,10416.4,4126.37,0.2837,10,July,0.0805,0.5709,0.0648
ORD-00428,2025-02-19,2025,Q1,2,Europe,Spain,Electronics,Laptop Pro,Enterprise,13486.49,6649.28,1053.35,874.27,8576.9,4909.59,0.364,15,February,0.0781,0.493,0.0648
ORD-00429,2025-12-14,2025,Q4,12,North America,Canada,Accessories,USB Hub,Enterprise,19108.48,9991.74,1684.46,1040.72,12716.92,6391.56,0.3345,13,December,0.0882,0.5229,0.0545
ORD-00430,2025-07-15,2025,Q3,7,Asia,Thailand,Electronics,Monitor Ultra,Enterprise,7542.92,4198.28,658.52,320.68,5177.48,2365.44,0.3136,10,July,0.0873,0.5566,0.0425
ORD-00431,2025-10-06,2025,Q4,10,Asia,Singapore,Furniture,Office Desk,Consumer,11282.86,5423.8,853.84,627.25,6904.89,4377.97,0.388,7,October,0.0757,0.4807,0.0556
ORD-00432,2025-12-02,2025,Q4,12,Europe,Italy,Accessories,USB Hub,Enterprise,4939.72,2692.93,333.97,324.29,3351.19,1588.53,0.3216,7,December,0.0676,0.5452,0.0656
ORD-00433,2025-10-17,2025,Q4,10,Asia,Thailand,Software,CRM Enterprise,Enterprise,11685.25,6524.8,870.25,597.19,7992.24,3693.01,0.316,9,October,0.0745,0.5584,0.0511
ORD-00434,2025-09-05,2025,Q3,9,Asia,Singapore,Software,CRM Enterprise,Consumer,2501.99,1417.09,159.06,117.33,1693.48,808.51,0.3231,13,September,0.0636,0.5664,0.0469
ORD-00435,2025-12-25,2025,Q4,12,Europe,Germany,Furniture,Storage Cabinet,SMB,14534.85,7869.21,1170.59,604.09,9643.89,4890.96,0.3365,7,December,0.0805,0.5414,0.0416
ORD-00436,2025-11-22,2025,Q4,11,Europe,Germany,Furniture,Storage Cabinet,Consumer,6812.97,3313.88,454.11,288.88,4056.87,2756.1,0.4045,1,November,0.0667,0.4864,0.0424
ORD-00437,2025-07-16,2025,Q3,7,Asia,Thailand,Software,Analytics Suite,Enterprise,17611.6,9226.67,1163.27,1051.53,11441.47,6170.13,0.3503,13,July,0.0661,0.5239,0.0597
ORD-00438,2025-09-23,2025,Q3,9,Asia,Japan,Electronics,Smartphone X,Consumer,2957.5,1430.27,198.68,118.33,1747.28,1210.22,0.4092,3,September,0.0672,0.4836,0.04
ORD-00439,2025-02-14,2025,Q1,2,Asia,South Korea,Software,CRM Enterprise,SMB,10797.79,5741.99,886.58,454.14,7082.71,3715.08,0.3441,2,February,0.0821,0.5318,0.0421
ORD-00440,2025-10-09,2025,Q4,10,Asia,Thailand,Software,Security Pro,SMB,4537.54,2615.01,334.16,236.49,3185.66,1351.88,0.2979,1,October,0.0736,0.5763,0.0521
ORD-00441,2025-05-14,2025,Q2,5,Europe,Spain,Electronics,Laptop Pro,Consumer,4766.65,2739.4,400.82,327.48,3467.7,1298.95,0.2725,15,May,0.0841,0.5747,0.0687
ORD-00442,2025-10-03,2025,Q4,10,North America,Canada,Accessories,Webcam HD,Consumer,7512.63,3788.83,527.31,475.31,4791.45,2721.18,0.3622,11,October,0.0702,0.5043,0.0633
ORD-00443,2025-08-24,2025,Q3,8,North America,USA,Accessories,Wireless Mouse,SMB,1775.44,964.72,159.48,107.07,1231.27,544.17,0.3065,4,August,0.0898,0.5434,0.0603
ORD-00444,2025-06-11,2025,Q2,6,Asia,Singapore,Electronics,Tablet Air,Enterprise,8398.26,4366.2,692.55,422.09,5480.84,2917.42,0.3474,9,June,0.0825,0.5199,0.0503
ORD-00445,2025-04-02,2025,Q2,4,Asia,Singapore,Software,Cloud Platform,Consumer,4401.6,2529.65,354.3,296.22,3180.17,1221.43,0.2775,8,April,0.0805,0.5747,0.0673
ORD-00446,2025-04-13,2025,Q2,4,Europe,France,Software,Cloud Platform,Enterprise,6192.21,3126.88,486.45,276.67,3890.0,2302.21,0.3718,2,April,0.0786,0.505,0.0447
ORD-00447,2025-03-03,2025,Q1,3,Europe,Spain,Electronics,Laptop Pro,SMB,7058.82,3610.88,613.72,468.91,4693.51,2365.31,0.3351,10,March,0.0869,0.5115,0.0664
ORD-00448,2025-05-21,2025,Q2,5,Asia,Japan,Software,CRM Enterprise,Enterprise,20479.42,10092.76,1551.77,1079.17,12723.7,7755.72,0.3787,9,May,0.0758,0.4928,0.0527
ORD-00449,2025-01-17,2025,Q1,1,North America,Canada,Accessories,Keyboard Pro,SMB,17591.23,9672.09,1298.27,1067.37,12037.73,5553.5,0.3157,1,January,0.0738,0.5498,0.0607
ORD-00450,2025-12-12,2025,Q4,12,Europe,Spain,Electronics,Tablet Air,SMB,11262.34,5698.41,861.08,530.62,7090.11,4172.23,0.3705,8,December,0.0765,0.506,0.0471
ORD-00451,2025-11-10,2025,Q4,11,Asia,Singapore,Furniture,Storage Cabinet,SMB,4263.27,2345.1,303.41,279.8,2928.31,1334.96,0.3131,5,November,0.0712,0.5501,0.0656
ORD-00452,2025-08-19,2025,Q3,8,Europe,Netherlands,Furniture,Ergonomic Chair,Enterprise,19713.28,11047.5,2342.4,1294.95,14684.85,5028.43,0.2551,4,August,0.1188,0.5604,0.0657
ORD-00453,2025-03-16,2025,Q1,3,North America,USA,Accessories,Wireless Mouse,Enterprise,11901.69,5872.85,1033.04,701.24,7607.13,4294.56,0.3608,9,March,0.0868,0.4934,0.0589
ORD-00454,2025-06-11,2025,Q2,6,Asia,Singapore,Software,Analytics Suite,SMB,2322.16,1152.57,154.34,110.6,1417.51,904.65,0.3896,14,June,0.0665,0.4963,0.0476
ORD-00455,2025-11-19,2025,Q4,11,Europe,Spain,Software,Security Pro,SMB,6869.33,3680.24,579.09,345.69,4605.02,2264.31,0.3296,7,November,0.0843,0.5357,0.0503
ORD-00456,2025-03-04,2025,Q1,3,Asia,Thailand,Furniture,Ergonomic Chair,SMB,6778.9,3710.22,505.87,420.94,4637.03,2141.87,0.316,15,March,0.0746,0.5473,0.0621
ORD-00457,2025-02-10,2025,Q1,2,Asia,Thailand,Software,CRM Enterprise,Consumer,14370.62,8145.64,1138.4,975.15,10259.19,4111.43,0.2861,7,February,0.0792,0.5668,0.0679
ORD-00458,2025-11-20,2025,Q4,11,North America,Mexico,Accessories,Wireless Mouse,Enterprise,5128.19,2578.56,356.44,249.95,3184.95,1943.24,0.3789,5,November,0.0695,0.5028,0.0487
ORD-00459,2025-11-06,2025,Q4,11,North America,Canada,Software,CRM Enterprise,SMB,13613.38,7243.59,1000.7,612.87,8857.16,4756.22,0.3494,14,November,0.0735,0.5321,0.045
ORD-00460,2025-01-12,2025,Q1,1,Europe,France,Software,Analytics Suite,Enterprise,5256.36,2577.2,325.44,348.82,3251.46,2004.9,0.3814,9,January,0.0619,0.4903,0.0664
ORD-00461,2025-01-28,2025,Q1,1,Europe,Spain,Electronics,Laptop Pro,SMB,11354.98,5546.12,998.64,587.0,7131.76,4223.22,0.3719,4,January,0.0879,0.4884,0.0517
ORD-00462,2025-05-07,2025,Q2,5,North America,Canada,Accessories,Keyboard Pro,Enterprise,14647.98,7280.93,894.33,742.73,8917.99,5729.99,0.3912,15,May,0.0611,0.4971,0.0507
ORD-00463,2025-06-16,2025,Q2,6,Asia,South Korea,Software,CRM Enterprise,Enterprise,26205.05,14406.55,1711.48,1517.99,17636.02,8569.03,0.327,11,June,0.0653,0.5498,0.0579
ORD-00464,2025-11-22,2025,Q4,11,North America,Canada,Software,Security Pro,SMB,9990.23,5599.23,731.84,509.24,6840.31,3149.92,0.3153,5,November,0.0733,0.5605,0.051
ORD-00465,2025-03-21,2025,Q1,3,Asia,India,Electronics,Smartphone X,SMB,5589.66,2982.14,450.71,306.08,3738.93,1850.73,0.3311,13,March,0.0806,0.5335,0.0548
ORD-00466,2025-09-02,2025,Q3,9,Asia,India,Accessories,USB Hub,Consumer,3852.62,1852.04,274.34,201.69,2328.07,1524.55,0.3957,9,September,0.0712,0.4807,0.0524
ORD-00467,2025-08-12,2025,Q3,8,Asia,Japan,Furniture,Storage Cabinet,SMB,4438.31,2165.54,349.56,246.32,2761.42,1676.89,0.3778,13,August,0.0788,0.4879,0.0555
ORD-00468,2025-11-10,2025,Q4,11,North America,Mexico,Software,Security Pro,Consumer,11272.44,6322.5,815.98,739.52,7878.0,3394.44,0.3011,3,November,0.0724,0.5609,0.0656
ORD-00469,2025-03-11,2025,Q1,3,Asia,India,Accessories,Webcam HD,SMB,12788.22,6767.52,890.31,569.9,8227.73,4560.49,0.3566,9,March,0.0696,0.5292,0.0446
ORD-00470,2025-01-12,2025,Q1,1,Europe,Germany,Software,Security Pro,Enterprise,19566.61,10814.68,1310.66,871.12,12996.46,6570.15,0.3358,8,January,0.067,0.5527,0.0445
ORD-00471,2025-04-22,2025,Q2,4,Asia,South Korea,Software,CRM Enterprise,SMB,8668.11,4846.71,605.97,566.08,6018.76,2649.35,0.3056,3,April,0.0699,0.5591,0.0653
ORD-00472,2025-01-29,2025,Q1,1,Asia,South Korea,Electronics,Monitor Ultra,Enterprise,5916.22,3337.66,500.02,383.65,4221.33,1694.89,0.2865,2,January,0.0845,0.5642,0.0648
ORD-00473,2025-05-08,2025,Q2,5,Asia,South Korea,Furniture,Office Desk,Enterprise,12927.78,7202.06,977.78,898.01,9077.85,3849.93,0.2978,8,May,0.0756,0.5571,0.0695
ORD-00474,2025-07-19,2025,Q3,7,North America,Canada,Software,Cloud Platform,Consumer,11059.44,6132.15,845.91,482.9,7460.96,3598.48,0.3254,8,July,0.0765,0.5545,0.0437
ORD-00475,2025-11-23,2025,Q4,11,Asia,Japan,Software,Analytics Suite,Consumer,3657.93,1797.11,288.93,181.93,2267.97,1389.96,0.38,3,November,0.079,0.4913,0.0497
ORD-00476,2025-05-22,2025,Q2,5,North America,USA,Accessories,Keyboard Pro,Enterprise,26186.59,14091.21,2113.85,1588.27,17793.33,8393.26,0.3205,3,May,0.0807,0.5381,0.0607
ORD-00477,2025-07-10,2025,Q3,7,Europe,France,Furniture,Storage Cabinet,Enterprise,18803.16,9661.85,2596.51,1180.59,13438.95,5364.21,0.2853,1,July,0.1381,0.5138,0.0628
ORD-00478,2025-01-31,2025,Q1,1,Asia,Japan,Electronics,Smartphone X,SMB,4648.54,2687.63,388.88,291.47,3367.98,1280.56,0.2755,13,January,0.0837,0.5782,0.0627
ORD-00479,2025-08-13,2025,Q3,8,North America,USA,Electronics,Monitor Ultra,SMB,13204.55,6669.21,807.92,808.1,8285.23,4919.32,0.3725,9,August,0.0612,0.5051,0.0612
ORD-00480,2025-05-31,2025,Q2,5,North America,Mexico,Accessories,Keyboard Pro,Consumer,3206.09,1650.39,262.81,154.72,2067.92,1138.17,0.355,14,May,0.082,0.5148,0.0483
ORD-00481,2025-11-03,2025,Q4,11,North America,USA,Electronics,Smartphone X,SMB,5744.7,2908.74,407.95,229.91,3546.6,2198.1,0.3826,11,November,0.071,0.5063,0.04
ORD-00482,2025-09-17,2025,Q3,9,Asia,Japan,Electronics,Tablet Air,Consumer,3962.41,2187.65,316.0,222.56,2726.21,1236.2,0.312,7,September,0.0797,0.5521,0.0562
ORD-00483,2025-04-08,2025,Q2,4,North America,Mexico,Accessories,Keyboard Pro,Consumer,4605.37,2399.31,320.81,197.51,2917.63,1687.74,0.3665,11,April,0.0697,0.521,0.0429
ORD-00484,2025-02-04,2025,Q1,2,Europe,France,Furniture,Office Desk,Enterprise,3694.14,1843.97,225.17,218.89,2288.03,1406.11,0.3806,7,February,0.061,0.4992,0.0593
ORD-00485,2025-12-03,2025,Q4,12,Asia,Thailand,Software,Analytics Suite,SMB,4440.58,2450.24,268.18,300.32,3018.74,1421.84,0.3202,11,December,0.0604,0.5518,0.0676
ORD-00486,2025-09-09,2025,Q3,9,Europe,Spain,Electronics,Tablet Air,Consumer,11280.42,6419.05,1480.26,720.0,8619.31,2661.11,0.2359,1,September,0.1312,0.569,0.0638
ORD-00487,2025-11-12,2025,Q4,11,Asia,Thailand,Electronics,Laptop Pro,SMB,1956.08,981.15,147.85,84.18,1213.18,742.9,0.3798,4,November,0.0756,0.5016,0.043
ORD-00488,2025-09-30,2025,Q3,9,Asia,Japan,Furniture,Ergonomic Chair,Consumer,9567.21,4763.42,789.06,501.85,6054.33,3512.88,0.3672,2,September,0.0825,0.4979,0.0525
ORD-00489,2025-11-23,2025,Q4,11,North America,Canada,Accessories,Webcam HD,Enterprise,5253.72,2616.56,378.51,263.34,3258.41,1995.31,0.3798,3,November,0.072,0.498,0.0501
ORD-00490,2025-10-01,2025,Q4,10,North America,Canada,Software,Security Pro,Consumer,14876.21,7623.54,1058.47,936.09,9618.1,5258.11,0.3535,7,October,0.0712,0.5125,0.0629
ORD-00491,2025-06-15,2025,Q2,6,North America,USA,Furniture,Storage Cabinet,Consumer,13929.13,7039.91,1237.6,744.16,9021.67,4907.46,0.3523,7,June,0.0888,0.5054,0.0534
ORD-00492,2025-01-01,2025,Q1,1,North America,USA,Software,Analytics Suite,Consumer,2458.74,1399.1,148.01,170.96,1718.07,740.67,0.3012,4,January,0.0602,0.569,0.0695
ORD-00493,2025-06-11,2025,Q2,6,Europe,Italy,Furniture,Office Desk,Enterprise,12915.65,6401.14,877.61,861.33,8140.08,4775.57,0.3698,4,June,0.0679,0.4956,0.0667
ORD-00494,2025-04-30,2025,Q2,4,Asia,Singapore,Electronics,Monitor Ultra,Consumer,13809.29,7642.43,1128.32,880.85,9651.6,4157.69,0.3011,3,April,0.0817,0.5534,0.0638
ORD-00495,2025-09-07,2025,Q3,9,North America,Mexico,Electronics,Tablet Air,Enterprise,19973.6,10738.38,1245.44,832.45,12816.27,7157.33,0.3583,13,September,0.0624,0.5376,0.0417
ORD-00496,2025-06-21,2025,Q2,6,Asia,South Korea,Accessories,Wireless Mouse,Enterprise,20414.41,11533.08,1793.6,1204.79,14531.47,5882.94,0.2882,11,June,0.0879,0.5649,0.059
ORD-00497,2025-07-15,2025,Q3,7,Europe,Italy,Electronics,Tablet Air,Consumer,8691.24,4455.85,1090.28,387.59,5933.72,2757.52,0.3173,11,July,0.1254,0.5127,0.0446
ORD-00498,2025-07-21,2025,Q3,7,Asia,Thailand,Electronics,Smartphone X,SMB,5642.22,2930.75,360.91,239.66,3531.32,2110.9,0.3741,10,July,0.064,0.5194,0.0425
ORD-00499,2025-01-26,2025,Q1,1,North America,Canada,Software,Analytics Suite,SMB,9331.72,5201.34,596.4,411.03,6208.77,3122.95,0.3347,9,January,0.0639,0.5574,0.044
ORD-00500,2025-04-12,2025,Q2,4,Asia,South Korea,Furniture,Ergonomic Chair,Enterprise,2769.91,1544.71,193.07,187.59,1925.37,844.54,0.3049,2,April,0.0697,0.5577,0.0677
ORD-00501,2025-02-27,2025,Q1,2,North America,Canada,Accessories,USB Hub,SMB,3914.52,2013.84,311.84,246.97,2572.65,1341.87,0.3428,3,February,0.0797,0.5145,0.0631
ORD-00502,2025-06-29,2025,Q2,6,North America,Canada,Furniture,Storage Cabinet,Enterprise,25021.96,12594.78,2015.79,1117.97,15728.54,9293.42,0.3714,12,June,0.0806,0.5033,0.0447
ORD-00503,2025-02-13,2025,Q1,2,Europe,Germany,Furniture,Ergonomic Chair,SMB,838.96,460.91,53.14,44.89,558.94,280.02,0.3338,1,February,0.0633,0.5494,0.0535
ORD-00504,2025-06-19,2025,Q2,6,Europe,Netherlands,Furniture,Ergonomic Chair,Consumer,8087.36,4091.12,602.43,500.59,5194.14,2893.22,0.3577,3,June,0.0745,0.5059,0.0619
ORD-00505,2025-12-22,2025,Q4,12,North America,Mexico,Electronics,Monitor Ultra,Consumer,13637.58,7264.47,922.77,570.1,8757.34,4880.24,0.3579,4,December,0.0677,0.5327,0.0418
ORD-00506,2025-12-23,2025,Q4,12,North America,Canada,Electronics,Monitor Ultra,Consumer,14205.06,6913.03,1133.72,850.73,8897.48,5307.58,0.3736,15,December,0.0798,0.4867,0.0599
ORD-00507,2025-12-04,2025,Q4,12,Asia,India,Electronics,Tablet Air,Consumer,6104.59,3528.32,459.41,374.15,4361.88,1742.71,0.2855,15,December,0.0753,0.578,0.0613
ORD-00508,2025-06-11,2025,Q2,6,Asia,Thailand,Electronics,Smartphone X,Enterprise,13966.99,7343.82,1226.17,567.68,9137.67,4829.32,0.3458,4,June,0.0878,0.5258,0.0406
ORD-00509,2025-09-29,2025,Q3,9,Asia,Singapore,Accessories,Webcam HD,Consumer,2776.58,1429.04,195.91,163.14,1788.09,988.49,0.356,4,September,0.0706,0.5147,0.0588
ORD-00510,2025-09-14,2025,Q3,9,Asia,India,Software,CRM Enterprise,Enterprise,25541.97,14684.37,1705.37,1283.58,17673.32,7868.65,0.3081,7,September,0.0668,0.5749,0.0503
ORD-00511,2025-12-03,2025,Q4,12,Europe,Germany,Accessories,Keyboard Pro,SMB,4782.28,2368.54,426.18,321.81,3116.53,1665.75,0.3483,6,December,0.0891,0.4953,0.0673
ORD-00512,2025-08-18,2025,Q3,8,North America,USA,Furniture,Ergonomic Chair,Consumer,8349.63,4675.88,717.05,411.39,5804.32,2545.31,0.3048,12,August,0.0859,0.56,0.0493
ORD-00513,2025-09-26,2025,Q3,9,Europe,Spain,Furniture,Ergonomic Chair,SMB,1779.96,949.25,225.08,81.03,1255.36,524.6,0.2947,14,September,0.1265,0.5333,0.0455
ORD-00514,2025-03-16,2025,Q1,3,North America,USA,Software,CRM Enterprise,SMB,5878.26,3259.85,497.6,347.44,4104.89,1773.37,0.3017,12,March,0.0847,0.5546,0.0591
ORD-00515,2025-05-21,2025,Q2,5,Europe,France,Electronics,Smartphone X,Enterprise,1583.77,916.36,124.34,92.13,1132.83,450.94,0.2847,10,May,0.0785,0.5786,0.0582
ORD-00516,2025-04-29,2025,Q2,4,North America,USA,Furniture,Office Desk,SMB,1982.87,1106.41,126.95,129.65,1363.01,619.86,0.3126,8,April,0.064,0.558,0.0654
ORD-00517,2025-12-31,2025,Q4,12,North America,Canada,Furniture,Storage Cabinet,SMB,8844.94,4390.44,590.74,462.22,5443.4,3401.54,0.3846,1,December,0.0668,0.4964,0.0523
ORD-00518,2025-05-19,2025,Q2,5,Asia,Japan,Furniture,Ergonomic Chair,Enterprise,5521.74,3177.6,404.07,323.09,3904.76,1616.98,0.2928,12,May,0.0732,0.5755,0.0585
ORD-00519,2025-06-16,2025,Q2,6,Asia,Japan,Accessories,Webcam HD,Enterprise,16766.97,9430.3,1368.29,868.94,11667.53,5099.44,0.3041,12,June,0.0816,0.5624,0.0518
ORD-00520,2025-10-20,2025,Q4,10,North America,Mexico,Electronics,Laptop Pro,SMB,8550.07,4854.53,738.16,405.03,5997.72,2552.35,0.2985,9,October,0.0863,0.5678,0.0474
ORD-00521,2025-07-22,2025,Q3,7,North America,USA,Accessories,Wireless Mouse,Enterprise,8499.78,4418.22,587.65,551.03,5556.9,2942.88,0.3462,8,July,0.0691,0.5198,0.0648
ORD-00522,2025-03-27,2025,Q1,3,Asia,Singapore,Electronics,Smartphone X,SMB,15040.15,7898.63,1228.47,652.67,9779.77,5260.38,0.3498,13,March,0.0817,0.5252,0.0434
ORD-00523,2025-10-27,2025,Q4,10,North America,Mexico,Furniture,Storage Cabinet,SMB,6228.22,3005.06,458.46,416.66,3880.18,2348.04,0.377,15,October,0.0736,0.4825,0.0669
ORD-00524,2025-04-14,2025,Q2,4,Asia,India,Software,Security Pro,Consumer,9904.36,5458.76,642.99,614.05,6715.8,3188.56,0.3219,2,April,0.0649,0.5511,0.062
ORD-00525,2025-02-28,2025,Q1,2,North America,Canada,Software,Analytics Suite,Consumer,10755.55,5944.46,959.99,627.72,7532.17,3223.38,0.2997,3,February,0.0893,0.5527,0.0584
ORD-00526,2025-07-13,2025,Q3,7,North America,Canada,Electronics,Smartphone X,SMB,10439.55,5699.51,673.38,689.68,7062.57,3376.98,0.3235,3,July,0.0645,0.546,0.0661
ORD-00527,2025-12-31,2025,Q4,12,Europe,Spain,Software,Security Pro,Consumer,11645.14,6109.34,917.56,506.87,7533.77,4111.37,0.3531,3,December,0.0788,0.5246,0.0435
ORD-00528,2025-04-14,2025,Q2,4,Europe,Netherlands,Software,Analytics Suite,SMB,9258.72,4905.86,779.8,539.22,6224.88,3033.84,0.3277,8,April,0.0842,0.5299,0.0582
ORD-00529,2025-05-02,2025,Q2,5,Europe,Netherlands,Accessories,Webcam HD,SMB,8288.63,4476.87,498.95,550.9,5526.72,2761.91,0.3332,5,May,0.0602,0.5401,0.0665
ORD-00530,2025-11-14,2025,Q4,11,North America,Mexico,Furniture,Office Desk,Enterprise,4769.49,2600.93,291.42,312.95,3205.3,1564.19,0.328,11,November,0.0611,0.5453,0.0656
ORD-00531,2025-10-23,2025,Q4,10,North America,Canada,Software,Analytics Suite,Enterprise,3741.97,2168.0,242.63,181.6,2592.23,1149.74,0.3073,11,October,0.0648,0.5794,0.0485
ORD-00532,2025-12-21,2025,Q4,12,North America,Mexico,Furniture,Storage Cabinet,Consumer,8895.01,5098.16,558.55,435.67,6092.38,2802.63,0.3151,6,December,0.0628,0.5731,0.049
ORD-00533,2025-07-14,2025,Q3,7,Europe,Spain,Electronics,Tablet Air,SMB,2941.1,1616.02,311.05,164.15,2091.22,849.88,0.289,9,July,0.1058,0.5495,0.0558
ORD-00534,2025-04-18,2025,Q2,4,North America,USA,Electronics,Laptop Pro,Consumer,11081.06,6015.89,993.04,604.03,7612.96,3468.1,0.313,12,April,0.0896,0.5429,0.0545
ORD-00535,2025-11-06,2025,Q4,11,North America,Canada,Accessories,USB Hub,SMB,9741.81,5645.4,687.92,427.58,6760.9,2980.91,0.306,10,November,0.0706,0.5795,0.0439
ORD-00536,2025-09-12,2025,Q3,9,North America,Mexico,Accessories,Webcam HD,Enterprise,23963.62,12060.22,1646.65,1097.69,14804.56,9159.06,0.3822,2,September,0.0687,0.5033,0.0458
ORD-00537,2025-01-13,2025,Q1,1,Asia,India,Furniture,Storage Cabinet,SMB,1391.56,716.61,117.14,64.53,898.28,493.28,0.3545,11,January,0.0842,0.515,0.0464
ORD-00538,2025-04-14,2025,Q2,4,North America,Canada,Software,Analytics Suite,SMB,5824.94,3116.34,483.53,252.89,3852.76,1972.18,0.3386,6,April,0.083,0.535,0.0434
ORD-00539,2025-06-24,2025,Q2,6,Asia,Thailand,Electronics,Smartphone X,Enterprise,9526.44,4894.62,763.77,642.89,6301.28,3225.16,0.3385,13,June,0.0802,0.5138,0.0675
ORD-00540,2025-01-19,2025,Q1,1,North America,USA,Accessories,Keyboard Pro,Consumer,7178.96,4067.04,623.69,386.76,5077.49,2101.47,0.2927,14,January,0.0869,0.5665,0.0539
ORD-00541,2025-07-31,2025,Q3,7,North America,USA,Software,Security Pro,Consumer,8270.34,4142.0,666.3,529.19,5337.49,2932.85,0.3546,15,July,0.0806,0.5008,0.064
ORD-00542,2025-07-01,2025,Q3,7,Europe,France,Software,Analytics Suite,SMB,17714.97,9613.05,2341.42,1012.05,12966.52,4748.45,0.268,7,July,0.1322,0.5427,0.0571
ORD-00543,2025-04-06,2025,Q2,4,North America,USA,Software,Security Pro,Consumer,958.61,499.81,71.81,45.18,616.8,341.81,0.3566,8,April,0.0749,0.5214,0.0471
ORD-00544,2025-06-04,2025,Q2,6,Europe,Netherlands,Software,Cloud Platform,Enterprise,10667.03,5160.06,704.7,456.32,6321.08,4345.95,0.4074,9,June,0.0661,0.4837,0.0428
ORD-00545,2025-01-13,2025,Q1,1,Asia,Thailand,Furniture,Ergonomic Chair,SMB,16671.28,9223.29,1262.16,1054.73,11540.18,5131.1,0.3078,3,January,0.0757,0.5532,0.0633
ORD-00546,2025-02-20,2025,Q1,2,North America,Mexico,Furniture,Ergonomic Chair,Consumer,1030.01,534.33,88.52,44.78,667.63,362.38,0.3518,5,February,0.0859,0.5188,0.0435
ORD-00547,2025-01-23,2025,Q1,1,North America,Mexico,Electronics,Tablet Air,SMB,16071.83,7880.19,1333.73,1002.35,10216.27,5855.56,0.3643,1,January,0.083,0.4903,0.0624
ORD-00548,2025-10-23,2025,Q4,10,Asia,Japan,Software,Cloud Platform,Enterprise,8379.41,4468.13,697.03,503.89,5669.05,2710.36,0.3235,5,October,0.0832,0.5332,0.0601
ORD-00549,2025-03-18,2025,Q1,3,Europe,Italy,Electronics,Laptop Pro,Consumer,8614.57,4223.19,657.08,486.56,5366.83,3247.74,0.377,5,March,0.0763,0.4902,0.0565
ORD-00550,2025-03-14,2025,Q1,3,North America,Canada,Furniture,Ergonomic Chair,Enterprise,9026.95,5138.36,688.01,374.82,6201.19,2825.76,0.313,1,March,0.0762,0.5692,0.0415
ORD-00551,2025-08-30,2025,Q3,8,North America,USA,Electronics,Monitor Ultra,Enterprise,3147.72,1634.27,255.41,210.07,2099.75,1047.97,0.3329,11,August,0.0811,0.5192,0.0667
ORD-00552,2025-12-20,2025,Q4,12,North America,Canada,Software,Security Pro,SMB,14823.49,8172.04,1187.75,830.18,10189.97,4633.52,0.3126,15,December,0.0801,0.5513,0.056
ORD-00553,2025-08-27,2025,Q3,8,North America,USA,Electronics,Monitor Ultra,Enterprise,12790.75,7015.06,1039.97,690.21,8745.24,4045.51,0.3163,4,August,0.0813,0.5484,0.054
ORD-00554,2025-04-25,2025,Q2,4,Europe,Netherlands,Software,Security Pro,SMB,3790.34,2167.04,264.98,249.49,2681.51,1108.83,0.2925,6,April,0.0699,0.5717,0.0658
ORD-00555,2025-08-21,2025,Q3,8,Asia,India,Electronics,Monitor Ultra,Enterprise,10072.61,5299.44,655.97,634.96,6590.37,3482.24,0.3457,10,August,0.0651,0.5261,0.063
ORD-00556,2025-10-22,2025,Q4,10,Europe,Netherlands,Electronics,Monitor Ultra,Consumer,12052.99,6178.2,958.01,768.65,7904.86,4148.13,0.3442,9,October,0.0795,0.5126,0.0638
ORD-00557,2025-08-25,2025,Q3,8,Asia,Thailand,Accessories,Keyboard Pro,Consumer,4033.52,2000.23,300.38,169.33,2469.94,1563.58,0.3876,4,August,0.0745,0.4959,0.042
ORD-00558,2025-12-22,2025,Q4,12,North America,Canada,Accessories,USB Hub,Consumer,10564.93,5254.03,846.13,656.94,6757.1,3807.83,0.3604,12,December,0.0801,0.4973,0.0622
ORD-00559,2025-10-21,2025,Q4,10,Asia,India,Accessories,USB Hub,Consumer,1915.98,1004.97,132.66,99.96,1237.59,678.39,0.3541,10,October,0.0692,0.5245,0.0522
ORD-00560,2025-02-25,2025,Q1,2,North America,Mexico,Accessories,USB Hub,SMB,11822.81,5747.64,786.55,522.18,7056.37,4766.44,0.4032,10,February,0.0665,0.4861,0.0442
ORD-00561,2025-11-22,2025,Q4,11,Europe,France,Furniture,Storage Cabinet,Consumer,4726.8,2559.83,347.02,218.24,3125.09,1601.71,0.3389,15,November,0.0734,0.5416,0.0462
ORD-00562,2025-06-12,2025,Q2,6,Asia,Thailand,Software,CRM Enterprise,Consumer,14747.41,7586.46,924.35,593.49,9104.3,5643.11,0.3827,9,June,0.0627,0.5144,0.0402
ORD-00563,2025-07-26,2025,Q3,7,Europe,Italy,Electronics,Tablet Air,Consumer,14534.54,6977.81,1730.21,1008.13,9716.15,4818.39,0.3315,2,July,0.119,0.4801,0.0694
ORD-00564,2025-05-25,2025,Q2,5,Europe,France,Accessories,Webcam HD,Consumer,5112.85,2649.88,365.3,288.13,3303.31,1809.54,0.3539,11,May,0.0714,0.5183,0.0564
ORD-00565,2025-03-30,2025,Q1,3,Asia,Japan,Furniture,Storage Cabinet,SMB,15215.35,7538.09,1368.22,914.47,9820.78,5394.57,0.3545,3,March,0.0899,0.4954,0.0601
ORD-00566,2025-01-06,2025,Q1,1,Europe,Germany,Furniture,Storage Cabinet,Consumer,6832.66,3956.26,427.31,404.95,4788.52,2044.14,0.2992,7,January,0.0625,0.579,0.0593
ORD-00567,2025-08-22,2025,Q3,8,North America,Mexico,Accessories,Keyboard Pro,SMB,9463.82,5065.08,695.6,479.43,6240.11,3223.71,0.3406,3,August,0.0735,0.5352,0.0507
ORD-00568,2025-08-06,2025,Q3,8,North America,USA,Accessories,Keyboard Pro,Consumer,7775.07,4051.46,593.9,396.6,5041.96,2733.11,0.3515,1,August,0.0764,0.5211,0.051
ORD-00569,2025-10-18,2025,Q4,10,Asia,Singapore,Electronics,Monitor Ultra,Consumer,1660.92,918.52,125.88,109.26,1153.66,507.26,0.3054,13,October,0.0758,0.553,0.0658
ORD-00570,2025-05-24,2025,Q2,5,Asia,Thailand,Electronics,Laptop Pro,Enterprise,13230.99,7332.2,1175.07,560.23,9067.5,4163.49,0.3147,11,May,0.0888,0.5542,0.0423
ORD-00571,2025-10-04,2025,Q4,10,North America,Canada,Electronics,Tablet Air,Consumer,11788.64,6211.28,888.63,637.49,7737.4,4051.24,0.3437,12,October,0.0754,0.5269,0.0541
ORD-00572,2025-06-19,2025,Q2,6,Asia,Singapore,Software,Security Pro,Enterprise,1822.01,1042.71,150.28,112.62,1305.61,516.4,0.2834,10,June,0.0825,0.5723,0.0618
ORD-00573,2025-05-14,2025,Q2,5,Europe,Spain,Furniture,Office Desk,Consumer,14860.29,8334.98,1169.94,722.28,10227.2,4633.09,0.3118,2,May,0.0787,0.5609,0.0486
ORD-00574,2025-03-06,2025,Q1,3,North America,USA,Software,Security Pro,Enterprise,16972.32,8613.82,1149.17,1056.41,10819.4,6152.92,0.3625,10,March,0.0677,0.5075,0.0622
ORD-00575,2025-03-31,2025,Q1,3,North America,Mexico,Furniture,Storage Cabinet,SMB,14656.43,7417.99,1187.51,799.47,9404.97,5251.46,0.3583,13,March,0.081,0.5061,0.0545
ORD-00576,2025-09-28,2025,Q3,9,Europe,Italy,Electronics,Smartphone X,Consumer,14042.16,6956.7,1629.76,980.25,9566.71,4475.45,0.3187,13,September,0.1161,0.4954,0.0698
ORD-00577,2025-07-16,2025,Q3,7,Europe,Spain,Furniture,Ergonomic Chair,Consumer,11148.24,5735.85,1369.73,698.6,7804.18,3344.06,0.3,2,July,0.1229,0.5145,0.0627
ORD-00578,2025-01-27,2025,Q1,1,Europe,Spain,Accessories,Webcam HD,SMB,8887.03,5108.49,779.16,417.78,6305.43,2581.6,0.2905,11,January,0.0877,0.5748,0.047
ORD-00579,2025-12-28,2025,Q4,12,Asia,South Korea,Software,Cloud Platform,Consumer,13119.03,6312.7,1152.07,701.4,8166.17,4952.86,0.3775,11,December,0.0878,0.4812,0.0535
ORD-00580,2025-06-11,2025,Q2,6,North America,Mexico,Electronics,Laptop Pro,Consumer,9742.65,5608.05,710.76,658.03,6976.84,2765.81,0.2839,14,June,0.073,0.5756,0.0675
ORD-00581,2025-05-20,2025,Q2,5,Asia,Singapore,Software,Analytics Suite,SMB,11985.57,6221.9,997.13,748.77,7967.8,4017.77,0.3352,12,May,0.0832,0.5191,0.0625
ORD-00582,2025-12-11,2025,Q4,12,North America,USA,Software,Cloud Platform,SMB,10128.46,5543.1,860.42,408.77,6812.29,3316.17,0.3274,2,December,0.085,0.5473,0.0404
ORD-00583,2025-09-26,2025,Q3,9,Europe,Spain,Software,Cloud Platform,Consumer,4607.81,2300.71,433.6,197.02,2931.33,1676.48,0.3638,10,September,0.0941,0.4993,0.0428
ORD-00584,2025-12-03,2025,Q4,12,Europe,Netherlands,Electronics,Laptop Pro,Enterprise,23253.11,11463.57,1853.08,1557.89,14874.54,8378.57,0.3603,10,December,0.0797,0.493,0.067
ORD-00585,2025-04-05,2025,Q2,4,Europe,France,Software,Security Pro,SMB,12092.31,5895.87,890.03,844.74,7630.64,4461.67,0.369,13,April,0.0736,0.4876,0.0699
ORD-00586,2025-08-07,2025,Q3,8,North America,Mexico,Software,Security Pro,Enterprise,21277.09,10802.99,1316.45,1099.13,13218.57,8058.52,0.3787,1,August,0.0619,0.5077,0.0517
ORD-00587,2025-05-13,2025,Q2,5,Asia,Japan,Accessories,Wireless Mouse,SMB,17641.94,8822.15,1266.32,1047.31,11135.78,6506.16,0.3688,2,May,0.0718,0.5001,0.0594
ORD-00588,2025-03-15,2025,Q1,3,North America,Canada,Furniture,Office Desk,SMB,13047.97,6397.79,811.42,745.57,7954.78,5093.19,0.3903,5,March,0.0622,0.4903,0.0571
ORD-00589,2025-08-17,2025,Q3,8,Europe,Spain,Furniture,Office Desk,Enterprise,18246.21,9244.33,2290.86,1225.02,12760.21,5486.0,0.3007,10,August,0.1256,0.5066,0.0671
ORD-00590,2025-01-02,2025,Q1,1,North America,Mexico,Accessories,Webcam HD,SMB,7628.08,4216.63,643.57,321.17,5181.37,2446.71,0.3208,4,January,0.0844,0.5528,0.0421
ORD-00591,2025-01-02,2025,Q1,1,Asia,South Korea,Electronics,Tablet Air,SMB,12463.94,6482.02,984.25,857.08,8323.35,4140.59,0.3322,2,January,0.079,0.5201,0.0688
ORD-00592,2025-07-07,2025,Q3,7,North America,Canada,Electronics,Monitor Ultra,SMB,11871.59,5908.04,726.3,611.68,7246.02,4625.57,0.3896,4,July,0.0612,0.4977,0.0515
ORD-00593,2025-06-03,2025,Q2,6,North America,Canada,Electronics,Tablet Air,SMB,2076.61,1128.18,170.41,91.78,1390.37,686.24,0.3305,4,June,0.0821,0.5433,0.0442
ORD-00594,2025-01-13,2025,Q1,1,North America,Mexico,Furniture,Storage Cabinet,SMB,1696.07,905.8,117.42,95.01,1118.23,577.84,0.3407,14,January,0.0692,0.5341,0.056
ORD-00595,2025-08-19,2025,Q3,8,Europe,Germany,Software,Analytics Suite,SMB,14307.35,6928.78,1409.21,918.72,9256.71,5050.64,0.353,11,August,0.0985,0.4843,0.0642
ORD-00596,2025-09-25,2025,Q3,9,Asia,Thailand,Furniture,Ergonomic Chair,Enterprise,1862.51,920.37,148.28,100.83,1169.48,693.03,0.3721,15,September,0.0796,0.4942,0.0541
ORD-00597,2025-11-13,2025,Q4,11,Europe,France,Furniture,Office Desk,Enterprise,17412.46,9933.22,1473.48,747.32,12154.02,5258.44,0.302,10,November,0.0846,0.5705,0.0429
ORD-00598,2025-03-29,2025,Q1,3,North America,USA,Electronics,Laptop Pro,SMB,10952.61,5931.53,677.89,504.69,7114.11,3838.5,0.3505,6,March,0.0619,0.5416,0.0461
ORD-00599,2025-12-14,2025,Q4,12,Asia,Singapore,Electronics,Smartphone X,SMB,15153.83,8475.69,1256.66,875.78,10608.13,4545.7,0.3,6,December,0.0829,0.5593,0.0578
ORD-00600,2025-02-02,2025,Q1,2,Europe,Italy,Furniture,Storage Cabinet,Enterprise,19073.32,10210.73,1395.4,1292.6,12898.73,6174.59,0.3237,1,February,0.0732,0.5353,0.0678
ORD-00601,2025-03-10,2025,Q1,3,Europe,Netherlands,Accessories,Keyboard Pro,Enterprise,23858.26,11644.56,1436.67,1617.21,14698.44,9159.82,0.3839,12,March,0.0602,0.4881,0.0678
ORD-00602,2025-11-30,2025,Q4,11,North America,Canada,Accessories,Webcam HD,Consumer,2339.94,1156.65,159.42,125.22,1441.29,898.65,0.384,4,November,0.0681,0.4943,0.0535
ORD-00603,2025-03-31,2025,Q1,3,North America,Mexico,Electronics,Smartphone X,Consumer,7748.37,4455.54,610.69,491.85,5558.08,2190.29,0.2827,6,March,0.0788,0.575,0.0635
ORD-00604,2025-08-03,2025,Q3,8,Europe,Netherlands,Furniture,Ergonomic Chair,Enterprise,26650.35,15395.35,3245.48,1755.78,20396.61,6253.74,0.2347,9,August,0.1218,0.5777,0.0659
ORD-00605,2025-09-17,2025,Q3,9,Europe,Spain,Furniture,Conference Table,Enterprise,5956.07,3333.38,743.7,411.31,4488.39,1467.68,0.2464,8,September,0.1249,0.5597,0.0691
ORD-00606,2025-09-12,2025,Q3,9,Europe,France,Electronics,Laptop Pro,Consumer,5780.8,2895.94,605.19,338.2,3839.33,1941.47,0.3358,15,September,0.1047,0.501,0.0585
ORD-00607,2025-08-21,2025,Q3,8,Europe,Germany,Electronics,Smartphone X,Enterprise,21401.34,11310.74,2105.83,1430.73,14847.3,6554.04,0.3062,12,August,0.0984,0.5285,0.0669
ORD-00608,2025-08-16,2025,Q3,8,North America,Mexico,Software,CRM Enterprise,Enterprise,20398.96,11624.09,1364.73,883.36,13872.18,6526.78,0.32,4,August,0.0669,0.5698,0.0433
ORD-00609,2025-02-20,2025,Q1,2,Europe,Spain,Furniture,Storage Cabinet,Enterprise,2819.13,1518.13,173.74,149.63,1841.5,977.63,0.3468,4,February,0.0616,0.5385,0.0531
ORD-00610,2025-11-09,2025,Q4,11,Asia,Japan,Accessories,USB Hub,Enterprise,12847.02,6416.0,909.03,617.82,7942.85,4904.17,0.3817,6,November,0.0708,0.4994,0.0481
ORD-00611,2025-03-07,2025,Q1,3,Europe,Netherlands,Electronics,Tablet Air,Enterprise,3799.95,2000.88,275.67,238.68,2515.23,1284.72,0.3381,4,March,0.0725,0.5266,0.0628
ORD-00612,2025-06-01,2025,Q2,6,North America,USA,Furniture,Ergonomic Chair,Enterprise,11645.27,6197.34,999.93,541.43,7738.7,3906.57,0.3355,8,June,0.0859,0.5322,0.0465
ORD-00613,2025-08-25,2025,Q3,8,Asia,India,Accessories,Keyboard Pro,Enterprise,9442.42,5079.52,819.17,545.33,6444.02,2998.4,0.3175,3,August,0.0868,0.5379,0.0578
ORD-00614,2025-10-21,2025,Q4,10,Europe,Spain,Electronics,Laptop Pro,SMB,13362.49,7087.75,972.4,692.57,8752.72,4609.77,0.345,13,October,0.0728,0.5304,0.0518
ORD-00615,2025-12-23,2025,Q4,12,Europe,Spain,Accessories,Keyboard Pro,Enterprise,15476.51,7447.95,1268.36,1060.11,9776.42,5700.09,0.3683,3,December,0.082,0.4812,0.0685
ORD-00616,2025-07-03,2025,Q3,7,Asia,Japan,Electronics,Laptop Pro,SMB,12241.22,6073.85,903.14,699.11,7676.1,4565.12,0.3729,10,July,0.0738,0.4962,0.0571
ORD-00617,2025-01-13,2025,Q1,1,Asia,South Korea,Furniture,Storage Cabinet,Enterprise,21515.31,11124.32,1590.6,1269.45,13984.37,7530.94,0.35,14,January,0.0739,0.517,0.059
ORD-00618,2025-11-18,2025,Q4,11,Europe,Spain,Software,Analytics Suite,SMB,8010.7,4061.26,708.01,450.79,5220.06,2790.64,0.3484,13,November,0.0884,0.507,0.0563
ORD-00619,2025-04-17,2025,Q2,4,North America,USA,Software,Analytics Suite,Consumer,14207.17,7777.93,1230.9,615.58,9624.41,4582.76,0.3226,6,April,0.0866,0.5475,0.0433
ORD-00620,2025-08-27,2025,Q3,8,North America,USA,Software,Security Pro,Enterprise,17817.31,9808.2,1368.77,1126.18,12303.15,5514.16,0.3095,3,August,0.0768,0.5505,0.0632
ORD-00621,2025-06-21,2025,Q2,6,Europe,Netherlands,Electronics,Monitor Ultra,Consumer,14117.65,7595.46,1253.27,653.56,9502.29,4615.36,0.3269,12,June,0.0888,0.538,0.0463
ORD-00622,2025-04-26,2025,Q2,4,Asia,Singapore,Software,CRM Enterprise,SMB,1547.6,800.55,113.86,85.19,999.6,548.0,0.3541,14,April,0.0736,0.5173,0.055
ORD-00623,2025-03-04,2025,Q1,3,Asia,Thailand,Software,CRM Enterprise,Consumer,5838.11,3195.38,471.7,404.83,4071.91,1766.2,0.3025,15,March,0.0808,0.5473,0.0693
ORD-00624,2025-02-03,2025,Q1,2,Europe,Spain,Electronics,Laptop Pro,SMB,16224.26,8255.51,1439.07,702.2,10396.78,5827.48,0.3592,5,February,0.0887,0.5088,0.0433
ORD-00625,2025-02-27,2025,Q1,2,North America,USA,Accessories,Keyboard Pro,Enterprise,14489.95,7864.09,996.84,1001.07,9862.0,4627.95,0.3194,9,February,0.0688,0.5427,0.0691
ORD-00626,2025-03-09,2025,Q1,3,Asia,Singapore,Accessories,Webcam HD,Consumer,9847.92,5014.09,609.47,651.48,6275.04,3572.88,0.3628,4,March,0.0619,0.5092,0.0662
ORD-00627,2025-09-24,2025,Q3,9,North America,Canada,Accessories,USB Hub,Consumer,9867.74,5058.51,767.72,601.0,6427.23,3440.51,0.3487,14,September,0.0778,0.5126,0.0609
ORD-00628,2025-10-08,2025,Q4,10,Asia,South Korea,Software,Cloud Platform,SMB,3588.23,1815.65,267.42,248.02,2331.09,1257.14,0.3504,13,October,0.0745,0.506,0.0691
ORD-00629,2025-01-25,2025,Q1,1,Europe,Italy,Software,CRM Enterprise,Enterprise,17046.25,8456.29,1296.53,775.07,10527.89,6518.36,0.3824,3,January,0.0761,0.4961,0.0455
ORD-00630,2025-12-29,2025,Q4,12,North America,Mexico,Furniture,Ergonomic Chair,Enterprise,3951.54,2289.43,305.2,210.33,2804.96,1146.58,0.2902,6,December,0.0772,0.5794,0.0532
ORD-00631,2025-04-05,2025,Q2,4,Europe,Netherlands,Electronics,Tablet Air,SMB,3174.23,1665.97,283.34,177.79,2127.1,1047.13,0.3299,2,April,0.0893,0.5248,0.056
ORD-00632,2025-01-13,2025,Q1,1,Asia,South Korea,Furniture,Storage Cabinet,SMB,3315.33,1912.99,253.24,183.08,2349.31,966.02,0.2914,11,January,0.0764,0.577,0.0552
ORD-00633,2025-12-28,2025,Q4,12,Asia,South Korea,Software,Cloud Platform,Consumer,11063.88,6331.08,776.25,479.83,7587.16,3476.72,0.3142,8,December,0.0702,0.5722,0.0434
ORD-00634,2025-01-21,2025,Q1,1,Europe,Netherlands,Electronics,Tablet Air,Enterprise,11382.54,6420.75,835.24,486.88,7742.87,3639.67,0.3198,1,January,0.0734,0.5641,0.0428
ORD-00635,2025-11-08,2025,Q4,11,North America,USA,Furniture,Conference Table,Enterprise,1488.52,794.63,109.2,89.53,993.36,495.16,0.3327,2,November,0.0734,0.5338,0.0601
ORD-00636,2025-09-20,2025,Q3,9,Asia,Japan,Accessories,USB Hub,Consumer,9273.63,5326.22,809.16,471.4,6606.78,2666.85,0.2876,3,September,0.0873,0.5743,0.0508
ORD-00637,2025-08-07,2025,Q3,8,Asia,South Korea,Software,Analytics Suite,SMB,6601.61,3372.16,484.34,375.18,4231.68,2369.93,0.359,4,August,0.0734,0.5108,0.0568
ORD-00638,2025-08-16,2025,Q3,8,North America,Canada,Accessories,USB Hub,Enterprise,21928.06,12653.28,1594.5,1466.83,15714.61,6213.45,0.2834,3,August,0.0727,0.577,0.0669
ORD-00639,2025-10-28,2025,Q4,10,North America,USA,Furniture,Ergonomic Chair,SMB,8858.27,5020.45,793.69,371.9,6186.04,2672.23,0.3017,10,October,0.0896,0.5668,0.042
ORD-00640,2025-07-12,2025,Q3,7,Europe,Germany,Accessories,USB Hub,SMB,3643.14,1917.06,435.02,245.72,2597.8,1045.34,0.2869,4,July,0.1194,0.5262,0.0674
ORD-00641,2025-04-06,2025,Q2,4,Asia,Singapore,Accessories,Wireless Mouse,SMB,15121.78,7718.03,1161.03,815.12,9694.18,5427.6,0.3589,1,April,0.0768,0.5104,0.0539
ORD-00642,2025-01-02,2025,Q1,1,Europe,Italy,Software,CRM Enterprise,Enterprise,17964.52,10226.64,1302.69,983.68,12513.01,5451.51,0.3035,12,January,0.0725,0.5693,0.0548
ORD-00643,2025-11-27,2025,Q4,11,Europe,Germany,Electronics,Tablet Air,SMB,17901.39,8712.12,1474.48,1028.11,11214.71,6686.68,0.3735,10,November,0.0824,0.4867,0.0574
ORD-00644,2025-08-12,2025,Q3,8,Asia,South Korea,Electronics,Tablet Air,Consumer,11127.88,5360.91,754.32,639.29,6754.52,4373.36,0.393,3,August,0.0678,0.4818,0.0574
ORD-00645,2025-06-13,2025,Q2,6,Asia,Japan,Software,Cloud Platform,Enterprise,8016.7,4184.33,700.36,406.28,5290.97,2725.73,0.34,5,June,0.0874,0.522,0.0507
ORD-00646,2025-05-30,2025,Q2,5,North America,Mexico,Electronics,Smartphone X,Consumer,3157.09,1545.24,260.71,177.78,1983.73,1173.36,0.3717,14,May,0.0826,0.4895,0.0563
ORD-00647,2025-06-11,2025,Q2,6,North America,Canada,Software,Security Pro,Enterprise,14848.37,7649.33,954.92,654.94,9259.19,5589.18,0.3764,5,June,0.0643,0.5152,0.0441
ORD-00648,2025-07-10,2025,Q3,7,Asia,South Korea,Software,Cloud Platform,Enterprise,6586.57,3493.11,559.51,420.57,4473.19,2113.38,0.3209,9,July,0.0849,0.5303,0.0639
ORD-00649,2025-11-11,2025,Q4,11,North America,Mexico,Electronics,Monitor Ultra,SMB,16538.94,8131.48,1057.45,670.18,9859.11,6679.83,0.4039,6,November,0.0639,0.4917,0.0405
ORD-00650,2025-06-09,2025,Q2,6,North America,Canada,Furniture,Storage Cabinet,Consumer,8085.26,4665.28,526.89,397.31,5589.48,2495.78,0.3087,12,June,0.0652,0.577,0.0491
ORD-00651,2025-03-02,2025,Q1,3,Europe,France,Furniture,Ergonomic Chair,SMB,2780.99,1371.09,173.42,168.87,1713.38,1067.61,0.3839,13,March,0.0624,0.493,0.0607
ORD-00652,2025-02-27,2025,Q1,2,Europe,Germany,Accessories,Webcam HD,Enterprise,6024.76,2911.64,480.74,348.2,3740.58,2284.18,0.3791,8,February,0.0798,0.4833,0.0578
ORD-00653,2025-03-02,2025,Q1,3,Asia,India,Electronics,Tablet Air,Consumer,648.95,317.76,41.35,37.67,396.78,252.17,0.3886,10,March,0.0637,0.4897,0.058
ORD-00654,2025-04-13,2025,Q2,4,Europe,Italy,Electronics,Laptop Pro,Enterprise,22976.99,13193.03,2032.63,1158.85,16384.51,6592.48,0.2869,3,April,0.0885,0.5742,0.0504
ORD-00655,2025-09-14,2025,Q3,9,North America,Mexico,Furniture,Office Desk,Enterprise,22291.21,12401.14,1691.13,1370.34,15462.61,6828.6,0.3063,5,September,0.0759,0.5563,0.0615
ORD-00656,2025-03-29,2025,Q1,3,North America,USA,Electronics,Smartphone X,Consumer,12843.8,6774.74,1039.63,585.08,8399.45,4444.35,0.346,11,March,0.0809,0.5275,0.0456
ORD-00657,2025-02-24,2025,Q1,2,Europe,Italy,Accessories,Webcam HD,Enterprise,14321.95,7458.27,1186.46,707.91,9352.64,4969.31,0.347,8,February,0.0828,0.5208,0.0494
ORD-00658,2025-02-26,2025,Q1,2,North America,USA,Accessories,USB Hub,Consumer,4679.93,2584.32,292.34,256.51,3133.17,1546.76,0.3305,7,February,0.0625,0.5522,0.0548
ORD-00659,2025-05-26,2025,Q2,5,Asia,Thailand,Software,CRM Enterprise,Enterprise,15357.2,7817.72,1315.51,701.26,9834.49,5522.71,0.3596,2,May,0.0857,0.5091,0.0457
ORD-00660,2025-09-01,2025,Q3,9,North America,Canada,Furniture,Office Desk,Consumer,7628.9,3742.11,557.99,455.88,4755.98,2872.92,0.3766,2,September,0.0731,0.4905,0.0598
ORD-00661,2025-03-03,2025,Q1,3,Europe,Spain,Accessories,Wireless Mouse,Consumer,13916.71,8040.87,862.02,963.82,9866.71,4050.0,0.291,6,March,0.0619,0.5778,0.0693
ORD-00662,2025-04-13,2025,Q2,4,North America,Canada,Electronics,Smartphone X,SMB,13218.49,6713.03,1076.05,759.5,8548.58,4669.91,0.3533,5,April,0.0814,0.5079,0.0575
ORD-00663,2025-11-26,2025,Q4,11,Asia,Singapore,Accessories,Webcam HD,SMB,9498.61,4699.32,699.47,414.76,5813.55,3685.06,0.388,8,November,0.0736,0.4947,0.0437
ORD-00664,2025-09-12,2025,Q3,9,Europe,France,Electronics,Laptop Pro,Consumer,1266.36,616.49,157.7,87.58,861.77,404.59,0.3195,7,September,0.1245,0.4868,0.0692
ORD-00665,2025-11-06,2025,Q4,11,North America,Canada,Furniture,Conference Table,Consumer,9536.87,5302.66,761.35,530.24,6594.25,2942.62,0.3086,8,November,0.0798,0.556,0.0556
ORD-00666,2025-08-27,2025,Q3,8,Europe,Italy,Accessories,Webcam HD,Consumer,4294.15,2208.74,571.01,242.18,3021.93,1272.22,0.2963,13,August,0.133,0.5144,0.0564
ORD-00667,2025-01-17,2025,Q1,1,Asia,India,Accessories,Webcam HD,SMB,15440.01,8094.51,943.07,699.53,9737.11,5702.9,0.3694,11,January,0.0611,0.5243,0.0453
ORD-00668,2025-06-05,2025,Q2,6,North America,USA,Accessories,Webcam HD,Enterprise,9055.2,4698.81,750.86,516.74,5966.41,3088.79,0.3411,8,June,0.0829,0.5189,0.0571
ORD-00669,2025-12-04,2025,Q4,12,North America,Mexico,Accessories,Webcam HD,Consumer,12888.1,6839.31,924.61,706.79,8470.71,4417.39,0.3427,7,December,0.0717,0.5307,0.0548
ORD-00670,2025-11-12,2025,Q4,11,North America,Canada,Software,Security Pro,Enterprise,1634.64,792.0,139.12,82.49,1013.61,621.03,0.3799,12,November,0.0851,0.4845,0.0505
ORD-00671,2025-10-26,2025,Q4,10,Europe,Italy,Accessories,Wireless Mouse,SMB,6605.49,3406.69,465.94,395.25,4267.88,2337.61,0.3539,4,October,0.0705,0.5157,0.0598
ORD-00672,2025-05-01,2025,Q2,5,North America,Canada,Electronics,Laptop Pro,SMB,2591.8,1288.07,197.37,106.58,1592.02,999.78,0.3857,11,May,0.0762,0.497,0.0411
ORD-00673,2025-08-05,2025,Q3,8,North America,Mexico,Accessories,USB Hub,Enterprise,19064.52,10271.94,1707.66,978.62,12958.22,6106.3,0.3203,7,August,0.0896,0.5388,0.0513
ORD-00674,2025-06-15,2025,Q2,6,North America,USA,Accessories,Wireless Mouse,Consumer,10289.11,5284.46,772.54,647.67,6704.67,3584.44,0.3484,6,June,0.0751,0.5136,0.0629
ORD-00675,2025-03-27,2025,Q1,3,North America,Canada,Software,CRM Enterprise,Enterprise,13870.44,7833.1,1159.77,904.51,9897.38,3973.06,0.2864,9,March,0.0836,0.5647,0.0652
ORD-00676,2025-04-20,2025,Q2,4,Asia,Singapore,Electronics,Tablet Air,Consumer,6329.4,3181.08,520.82,270.64,3972.54,2356.86,0.3724,14,April,0.0823,0.5026,0.0428
ORD-00677,2025-10-24,2025,Q4,10,Europe,Netherlands,Software,Security Pro,Enterprise,15683.78,8361.12,1141.99,790.77,10293.88,5389.9,0.3437,2,October,0.0728,0.5331,0.0504
ORD-00678,2025-11-30,2025,Q4,11,Asia,Thailand,Software,CRM Enterprise,Consumer,8329.24,4164.68,600.28,489.33,5254.29,3074.95,0.3692,8,November,0.0721,0.5,0.0587
ORD-00679,2025-12-10,2025,Q4,12,North America,USA,Electronics,Smartphone X,Consumer,7738.45,4225.82,655.58,527.32,5408.72,2329.73,0.3011,5,December,0.0847,0.5461,0.0681
ORD-00680,2025-11-23,2025,Q4,11,North America,Mexico,Accessories,Wireless Mouse,Consumer,3409.4,1794.19,229.15,212.72,2236.06,1173.34,0.3441,13,November,0.0672,0.5262,0.0624
ORD-00681,2025-06-03,2025,Q2,6,Asia,South Korea,Software,Analytics Suite,Consumer,3451.59,1799.12,292.39,204.96,2296.47,1155.12,0.3347,5,June,0.0847,0.5212,0.0594
ORD-00682,2025-12-18,2025,Q4,12,North America,USA,Accessories,Keyboard Pro,Enterprise,4814.01,2324.06,403.95,237.41,2965.42,1848.59,0.384,8,December,0.0839,0.4828,0.0493
ORD-00683,2025-10-14,2025,Q4,10,Asia,South Korea,Electronics,Smartphone X,Enterprise,8017.78,3871.9,671.01,387.52,4930.43,3087.35,0.3851,9,October,0.0837,0.4829,0.0483
ORD-00684,2025-04-01,2025,Q2,4,North America,USA,Accessories,Wireless Mouse,Enterprise,23335.14,11396.72,1821.26,1540.47,14758.45,8576.69,0.3675,15,April,0.078,0.4884,0.066
ORD-00685,2025-07-28,2025,Q3,7,Asia,India,Accessories,Keyboard Pro,Enterprise,3821.43,2114.97,336.24,212.7,2663.91,1157.52,0.3029,14,July,0.088,0.5534,0.0557
ORD-00686,2025-10-25,2025,Q4,10,North America,Canada,Accessories,Wireless Mouse,Enterprise,16555.34,9226.6,1148.98,1075.6,11451.18,5104.16,0.3083,12,October,0.0694,0.5573,0.065
ORD-00687,2025-07-19,2025,Q3,7,North America,Mexico,Furniture,Storage Cabinet,Enterprise,4665.65,2321.23,415.7,248.14,2985.07,1680.58,0.3602,5,July,0.0891,0.4975,0.0532
ORD-00688,2025-10-29,2025,Q4,10,Europe,Spain,Software,Analytics Suite,SMB,10095.96,5325.47,680.37,487.96,6493.8,3602.16,0.3568,13,October,0.0674,0.5275,0.0483
ORD-00689,2025-03-16,2025,Q1,3,Asia,South Korea,Software,Security Pro,Enterprise,17744.88,10123.86,1083.22,1103.44,12310.52,5434.36,0.3062,13,March,0.061,0.5705,0.0622
ORD-00690,2025-01-28,2025,Q1,1,North America,Mexico,Furniture,Conference Table,Consumer,6078.01,3305.8,492.43,407.8,4206.03,1871.98,0.308,11,January,0.081,0.5439,0.0671
ORD-00691,2025-03-04,2025,Q1,3,North America,USA,Accessories,Webcam HD,Enterprise,24645.5,12798.35,2201.82,1174.75,16174.92,8470.58,0.3437,2,March,0.0893,0.5193,0.0477
ORD-00692,2025-05-01,2025,Q2,5,Asia,Japan,Furniture,Storage Cabinet,Consumer,5099.17,2861.78,404.53,324.71,3591.02,1508.15,0.2958,5,May,0.0793,0.5612,0.0637
ORD-00693,2025-02-11,2025,Q1,2,Asia,South Korea,Accessories,USB Hub,Consumer,6624.31,3788.14,417.41,296.84,4502.39,2121.92,0.3203,5,February,0.063,0.5719,0.0448
ORD-00694,2025-09-17,2025,Q3,9,Europe,Italy,Accessories,USB Hub,SMB,12696.66,7061.85,1559.45,577.85,9199.15,3497.51,0.2755,8,September,0.1228,0.5562,0.0455
ORD-00695,2025-11-25,2025,Q4,11,Europe,Germany,Accessories,Keyboard Pro,Consumer,4930.44,2650.51,312.22,234.14,3196.87,1733.57,0.3516,12,November,0.0633,0.5376,0.0475
ORD-00696,2025-11-29,2025,Q4,11,Europe,Netherlands,Accessories,USB Hub,SMB,8923.56,4939.34,605.2,540.98,6085.52,2838.04,0.318,14,November,0.0678,0.5535,0.0606
ORD-00697,2025-06-17,2025,Q2,6,Asia,Japan,Electronics,Monitor Ultra,SMB,3764.87,2137.09,332.6,250.48,2720.17,1044.7,0.2775,4,June,0.0883,0.5676,0.0665
ORD-00698,2025-01-11,2025,Q1,1,Europe,Netherlands,Furniture,Office Desk,SMB,4049.83,2227.92,263.49,210.72,2702.13,1347.7,0.3328,7,January,0.0651,0.5501,0.052
ORD-00699,2025-11-04,2025,Q4,11,Asia,Japan,Electronics,Tablet Air,Enterprise,25623.06,12599.75,2089.75,1359.43,16048.93,9574.13,0.3737,15,November,0.0816,0.4917,0.0531
ORD-00700,2025-08-21,2025,Q3,8,North America,Canada,Electronics,Smartphone X,Consumer,3445.61,1979.86,290.82,165.34,2436.02,1009.59,0.293,12,August,0.0844,0.5746,0.048
ORD-00701,2025-09-11,2025,Q3,9,Asia,Japan,Accessories,Keyboard Pro,Consumer,3625.72,2039.13,296.59,165.63,2501.35,1124.37,0.3101,3,September,0.0818,0.5624,0.0457
ORD-00702,2025-07-29,2025,Q3,7,Europe,Germany,Software,Security Pro,Enterprise,17021.45,9714.7,1875.56,1030.27,12620.53,4400.92,0.2586,8,July,0.1102,0.5707,0.0605
ORD-00703,2025-02-13,2025,Q1,2,Europe,Spain,Furniture,Conference Table,Consumer,6264.54,3139.93,447.95,330.13,3918.01,2346.53,0.3746,10,February,0.0715,0.5012,0.0527
ORD-00704,2025-05-12,2025,Q2,5,Europe,Germany,Electronics,Laptop Pro,SMB,16800.52,8855.44,1186.61,977.64,11019.69,5780.83,0.3441,11,May,0.0706,0.5271,0.0582
ORD-00705,2025-11-03,2025,Q4,11,North America,Mexico,Electronics,Laptop Pro,SMB,9379.03,4859.22,837.79,564.03,6261.04,3117.99,0.3324,3,November,0.0893,0.5181,0.0601
ORD-00706,2025-10-14,2025,Q4,10,Europe,Netherlands,Furniture,Conference Table,Enterprise,14047.79,8049.84,1212.84,617.51,9880.19,4167.6,0.2967,6,October,0.0863,0.573,0.044
ORD-00707,2025-12-30,2025,Q4,12,North America,Canada,Furniture,Conference Table,Enterprise,9076.34,5244.78,680.51,628.09,6553.38,2522.96,0.278,5,December,0.075,0.5779,0.0692
ORD-00708,2025-07-04,2025,Q3,7,Asia,Singapore,Software,Security Pro,Consumer,5038.65,2868.34,350.02,351.88,3570.24,1468.41,0.2914,13,July,0.0695,0.5693,0.0698
ORD-00709,2025-03-19,2025,Q1,3,North America,Mexico,Accessories,Wireless Mouse,Enterprise,4779.0,2403.77,291.88,228.47,2924.12,1854.88,0.3881,12,March,0.0611,0.503,0.0478
ORD-00710,2025-08-28,2025,Q3,8,Asia,India,Accessories,Wireless Mouse,SMB,6803.45,3748.04,507.24,372.76,4628.04,2175.41,0.3198,14,August,0.0746,0.5509,0.0548
ORD-00711,2025-03-17,2025,Q1,3,Europe,Italy,Electronics,Smartphone X,SMB,3743.4,1859.83,281.74,180.37,2321.94,1421.46,0.3797,15,March,0.0753,0.4968,0.0482
ORD-00712,2025-12-06,2025,Q4,12,North America,USA,Electronics,Smartphone X,SMB,16615.19,8384.29,1245.2,711.61,10341.1,6274.09,0.3776,6,December,0.0749,0.5046,0.0428
ORD-00713,2025-01-14,2025,Q1,1,Asia,India,Accessories,USB Hub,Consumer,13972.65,6855.08,973.98,571.01,8400.07,5572.58,0.3988,8,January,0.0697,0.4906,0.0409
ORD-00714,2025-12-29,2025,Q4,12,North America,Canada,Accessories,USB Hub,Consumer,10041.09,5150.5,615.67,589.12,6355.29,3685.8,0.3671,8,December,0.0613,0.5129,0.0587
ORD-00715,2025-06-16,2025,Q2,6,North America,Mexico,Furniture,Ergonomic Chair,Enterprise,21820.66,11091.34,1831.72,1359.73,14282.79,7537.87,0.3454,9,June,0.0839,0.5083,0.0623
ORD-00716,2025-11-05,2025,Q4,11,Asia,India,Accessories,USB Hub,Enterprise,7166.09,3992.14,515.73,291.05,4798.92,2367.17,0.3303,4,November,0.072,0.5571,0.0406
ORD-00717,2025-03-25,2025,Q1,3,Asia,South Korea,Software,Cloud Platform,Enterprise,8692.07,4868.51,713.42,588.03,6169.96,2522.11,0.2902,15,March,0.0821,0.5601,0.0677
ORD-00718,2025-12-17,2025,Q4,12,North America,USA,Software,Analytics Suite,SMB,9520.17,5035.81,824.09,516.88,6376.78,3143.39,0.3302,10,December,0.0866,0.529,0.0543
ORD-00719,2025-11-04,2025,Q4,11,Asia,India,Accessories,USB Hub,Consumer,3202.16,1738.99,201.06,177.4,2117.45,1084.71,0.3387,8,November,0.0628,0.5431,0.0554
ORD-00720,2025-12-13,2025,Q4,12,Europe,France,Accessories,Wireless Mouse,SMB,8747.01,4267.83,735.15,428.71,5431.69,3315.32,0.379,3,December,0.084,0.4879,0.049
ORD-00721,2025-12-17,2025,Q4,12,Asia,Japan,Accessories,USB Hub,Consumer,1192.06,581.31,73.14,51.53,705.98,486.08,0.4078,7,December,0.0614,0.4877,0.0432
ORD-00722,2025-07-31,2025,Q3,7,Europe,Spain,Software,Security Pro,SMB,10788.88,6007.95,1011.53,671.24,7690.72,3098.16,0.2872,8,July,0.0938,0.5569,0.0622
ORD-00723,2025-04-02,2025,Q2,4,Europe,Spain,Electronics,Laptop Pro,SMB,15855.54,8082.6,1230.65,850.65,10163.9,5691.64,0.359,11,April,0.0776,0.5098,0.0537
ORD-00724,2025-08-19,2025,Q3,8,North America,Canada,Software,Cloud Platform,Enterprise,5730.78,3178.88,447.7,379.08,4005.66,1725.12,0.301,2,August,0.0781,0.5547,0.0661
ORD-00725,2025-08-11,2025,Q3,8,North America,USA,Electronics,Monitor Ultra,Enterprise,1247.25,680.47,92.05,65.05,837.57,409.68,0.3285,11,August,0.0738,0.5456,0.0522
ORD-00726,2025-11-05,2025,Q4,11,North America,Canada,Software,Security Pro,Consumer,10270.15,5638.61,737.91,504.06,6880.58,3389.57,0.33,3,November,0.0718,0.549,0.0491
ORD-00727,2025-03-11,2025,Q1,3,Europe,France,Electronics,Laptop Pro,Consumer,14572.55,8246.62,965.82,866.46,10078.9,4493.65,0.3084,11,March,0.0663,0.5659,0.0595
ORD-00728,2025-05-04,2025,Q2,5,Asia,Thailand,Furniture,Office Desk,SMB,13993.15,6924.04,1016.69,608.61,8549.34,5443.81,0.389,15,May,0.0727,0.4948,0.0435
ORD-00729,2025-03-20,2025,Q1,3,North America,Mexico,Accessories,Webcam HD,SMB,941.52,494.25,63.34,45.99,603.58,337.94,0.3589,14,March,0.0673,0.5249,0.0488
ORD-00730,2025-07-20,2025,Q3,7,Europe,Italy,Electronics,Laptop Pro,Consumer,12790.63,6691.79,1436.76,701.84,8830.39,3960.24,0.3096,10,July,0.1123,0.5232,0.0549
ORD-00731,2025-11-02,2025,Q4,11,North America,Mexico,Software,Analytics Suite,SMB,7554.44,4013.94,617.49,514.14,5145.57,2408.87,0.3189,15,November,0.0817,0.5313,0.0681
ORD-00732,2025-09-07,2025,Q3,9,Europe,Germany,Electronics,Monitor Ultra,Consumer,5079.83,2470.58,683.33,266.76,3420.67,1659.16,0.3266,8,September,0.1345,0.4864,0.0525
ORD-00733,2025-03-01,2025,Q1,3,Asia,Thailand,Software,CRM Enterprise,Consumer,6825.34,3386.28,558.22,369.1,4313.6,2511.74,0.368,8,March,0.0818,0.4961,0.0541
ORD-00734,2025-04-29,2025,Q2,4,North America,USA,Software,CRM Enterprise,Enterprise,23950.83,13228.03,1717.54,1257.56,16203.13,7747.7,0.3235,11,April,0.0717,0.5523,0.0525
ORD-00735,2025-12-01,2025,Q4,12,North America,Canada,Accessories,Keyboard Pro,Consumer,3504.52,1924.23,219.33,190.95,2334.51,1170.01,0.3339,3,December,0.0626,0.5491,0.0545
ORD-00736,2025-04-13,2025,Q2,4,Europe,Netherlands,Accessories,Wireless Mouse,SMB,17009.15,9004.18,1140.32,964.5,11109.0,5900.15,0.3469,1,April,0.067,0.5294,0.0567
ORD-00737,2025-07-03,2025,Q3,7,Asia,Singapore,Furniture,Ergonomic Chair,Consumer,963.57,468.65,70.26,56.39,595.3,368.27,0.3822,2,July,0.0729,0.4864,0.0585
ORD-00738,2025-10-15,2025,Q4,10,Europe,Spain,Software,Security Pro,SMB,13987.11,7790.95,1072.96,935.59,9799.5,4187.61,0.2994,14,October,0.0767,0.557,0.0669
ORD-00739,2025-12-20,2025,Q4,12,North America,Mexico,Electronics,Laptop Pro,SMB,14502.37,8357.21,1198.95,1004.14,10560.3,3942.07,0.2718,13,December,0.0827,0.5763,0.0692
ORD-00740,2025-11-09,2025,Q4,11,North America,USA,Electronics,Laptop Pro,Enterprise,17341.07,9833.9,1514.39,775.34,12123.63,5217.44,0.3009,5,November,0.0873,0.5671,0.0447
ORD-00741,2025-12-29,2025,Q4,12,Asia,Thailand,Accessories,Wireless Mouse,Enterprise,17789.13,9134.02,1140.87,1164.44,11439.33,6349.8,0.3569,8,December,0.0641,0.5135,0.0655
ORD-00742,2025-08-01,2025,Q3,8,Europe,France,Accessories,USB Hub,SMB,9387.4,4585.96,1035.6,588.08,6209.64,3177.76,0.3385,6,August,0.1103,0.4885,0.0626
ORD-00743,2025-11-19,2025,Q4,11,North America,USA,Furniture,Storage Cabinet,Enterprise,4501.65,2353.83,394.08,301.35,3049.26,1452.39,0.3226,14,November,0.0875,0.5229,0.0669
ORD-00744,2025-09-22,2025,Q3,9,North America,Canada,Electronics,Monitor Ultra,Enterprise,21000.96,11587.55,1586.0,883.88,14057.43,6943.53,0.3306,6,September,0.0755,0.5518,0.0421
ORD-00745,2025-06-11,2025,Q2,6,Asia,Japan,Accessories,Wireless Mouse,SMB,13809.95,7540.47,1094.36,926.31,9561.14,4248.81,0.3077,1,June,0.0792,0.546,0.0671
ORD-00746,2025-11-20,2025,Q4,11,North America,Mexico,Software,CRM Enterprise,SMB,16012.62,8808.21,1380.39,987.12,11175.72,4836.9,0.3021,6,November,0.0862,0.5501,0.0616
ORD-00747,2025-06-26,2025,Q2,6,Europe,Italy,Furniture,Storage Cabinet,SMB,11803.5,6713.34,929.3,691.04,8333.68,3469.82,0.294,8,June,0.0787,0.5688,0.0585
ORD-00748,2025-12-24,2025,Q4,12,Asia,South Korea,Furniture,Conference Table,Enterprise,1864.92,957.54,152.46,116.0,1226.0,638.92,0.3426,3,December,0.0818,0.5134,0.0622
ORD-00749,2025-09-24,2025,Q3,9,North America,Canada,Furniture,Office Desk,Consumer,8500.89,4523.61,703.12,380.85,5607.58,2893.31,0.3404,1,September,0.0827,0.5321,0.0448
ORD-00750,2025-10-04,2025,Q4,10,North America,Canada,Furniture,Conference Table,Consumer,6629.82,3517.3,543.38,432.58,4493.26,2136.56,0.3223,5,October,0.082,0.5305,0.0652
ORD-00751,2025-11-18,2025,Q4,11,North America,Canada,Electronics,Laptop Pro,Consumer,14149.47,7426.69,1091.96,568.19,9086.84,5062.63,0.3578,6,November,0.0772,0.5249,0.0402
ORD-00752,2025-05-01,2025,Q2,5,North America,Mexico,Furniture,Conference Table,SMB,5550.92,3100.07,452.1,334.02,3886.19,1664.73,0.2999,12,May,0.0814,0.5585,0.0602
ORD-00753,2025-07-13,2025,Q3,7,North America,Mexico,Furniture,Office Desk,SMB,9586.26,4785.99,799.08,514.1,6099.17,3487.09,0.3638,3,July,0.0834,0.4993,0.0536
ORD-00754,2025-12-31,2025,Q4,12,Asia,South Korea,Electronics,Laptop Pro,Enterprise,11989.54,5910.92,796.63,507.66,7215.21,4774.33,0.3982,11,December,0.0664,0.493,0.0423
ORD-00755,2025-09-27,2025,Q3,9,Asia,Thailand,Accessories,USB Hub,Consumer,7733.0,4039.27,566.07,525.31,5130.65,2602.35,0.3365,8,September,0.0732,0.5223,0.0679
ORD-00756,2025-08-02,2025,Q3,8,Europe,France,Furniture,Storage Cabinet,Consumer,7136.84,4116.55,834.03,398.77,5349.35,1787.49,0.2505,12,August,0.1169,0.5768,0.0559
ORD-00757,2025-04-19,2025,Q2,4,Asia,South Korea,Electronics,Smartphone X,Consumer,5855.31,3367.87,457.0,305.99,4130.86,1724.45,0.2945,2,April,0.078,0.5752,0.0523
ORD-00758,2025-07-09,2025,Q3,7,North America,Canada,Electronics,Smartphone X,Enterprise,10595.3,6135.76,732.11,578.27,7446.14,3149.16,0.2972,13,July,0.0691,0.5791,0.0546
ORD-00759,2025-03-15,2025,Q1,3,Europe,Netherlands,Accessories,Wireless Mouse,SMB,16069.6,8059.84,1359.07,878.43,10297.34,5772.26,0.3592,2,March,0.0846,0.5016,0.0547
ORD-00760,2025-10-08,2025,Q4,10,Asia,India,Electronics,Monitor Ultra,SMB,10571.23,5672.27,919.79,670.64,7262.7,3308.53,0.313,8,October,0.087,0.5366,0.0634
ORD-00761,2025-11-07,2025,Q4,11,Europe,France,Accessories,Webcam HD,Consumer,7011.58,3973.01,489.1,448.7,4910.81,2100.77,0.2996,11,November,0.0698,0.5666,0.064
ORD-00762,2025-11-16,2025,Q4,11,Asia,South Korea,Furniture,Storage Cabinet,SMB,10013.3,5765.74,868.17,621.6,7255.51,2757.79,0.2754,11,November,0.0867,0.5758,0.0621
ORD-00763,2025-02-15,2025,Q1,2,Europe,Germany,Software,Analytics Suite,Consumer,8610.62,4298.79,676.46,493.44,5468.69,3141.93,0.3649,1,February,0.0786,0.4992,0.0573
ORD-00764,2025-10-19,2025,Q4,10,North America,USA,Accessories,Wireless Mouse,Enterprise,18080.44,9640.24,1606.83,872.36,12119.43,5961.01,0.3297,4,October,0.0889,0.5332,0.0482
ORD-00765,2025-05-06,2025,Q2,5,North America,Mexico,Accessories,Wireless Mouse,Consumer,9299.39,4837.36,570.51,612.45,6020.32,3279.07,0.3526,1,May,0.0613,0.5202,0.0659
ORD-00766,2025-06-24,2025,Q2,6,Asia,Japan,Accessories,Wireless Mouse,Consumer,5102.05,2580.2,323.67,219.29,3123.16,1978.89,0.3879,3,June,0.0634,0.5057,0.043
ORD-00767,2025-05-27,2025,Q2,5,Europe,France,Software,Analytics Suite,Enterprise,8907.33,4638.29,579.65,520.49,5738.43,3168.9,0.3558,6,May,0.0651,0.5207,0.0584
ORD-00768,2025-04-03,2025,Q2,4,Europe,Germany,Software,CRM Enterprise,Enterprise,9253.08,4823.47,645.19,474.36,5943.02,3310.06,0.3577,14,April,0.0697,0.5213,0.0513
ORD-00769,2025-03-03,2025,Q1,3,Europe,France,Furniture,Ergonomic Chair,SMB,9450.01,5012.68,836.14,454.34,6303.16,3146.85,0.333,6,March,0.0885,0.5304,0.0481
ORD-00770,2025-08-26,2025,Q3,8,North America,Canada,Electronics,Monitor Ultra,Enterprise,11535.59,5806.72,998.81,554.57,7360.1,4175.49,0.362,10,August,0.0866,0.5034,0.0481
ORD-00771,2025-12-12,2025,Q4,12,Europe,France,Furniture,Conference Table,Consumer,6397.82,3124.63,505.9,294.96,3925.49,2472.33,0.3864,3,December,0.0791,0.4884,0.0461
ORD-00772,2025-07-11,2025,Q3,7,North America,USA,Furniture,Storage Cabinet,Consumer,7050.26,3384.83,521.29,457.43,4363.55,2686.71,0.3811,5,July,0.0739,0.4801,0.0649
ORD-00773,2025-12-01,2025,Q4,12,Europe,Germany,Electronics,Monitor Ultra,SMB,11002.9,6205.07,785.66,556.11,7546.84,3456.06,0.3141,11,December,0.0714,0.5639,0.0505
ORD-00774,2025-04-19,2025,Q2,4,North America,Mexico,Software,Analytics Suite,Enterprise,20192.67,10829.5,1393.68,1047.17,13270.35,6922.32,0.3428,2,April,0.069,0.5363,0.0519
ORD-00775,2025-03-13,2025,Q1,3,North America,Mexico,Software,CRM Enterprise,Enterprise,16832.62,9691.24,1170.69,1017.75,11879.68,4952.94,0.2942,6,March,0.0695,0.5757,0.0605
ORD-00776,2025-11-22,2025,Q4,11,Asia,South Korea,Software,Cloud Platform,Consumer,14753.82,7585.87,1088.74,855.51,9530.12,5223.7,0.3541,1,November,0.0738,0.5142,0.058
ORD-00777,2025-12-21,2025,Q4,12,Europe,Germany,Accessories,Wireless Mouse,Enterprise,18457.64,9622.27,1603.19,1127.74,12353.2,6104.44,0.3307,13,December,0.0869,0.5213,0.0611
ORD-00778,2025-07-21,2025,Q3,7,North America,USA,Electronics,Laptop Pro,Consumer,6955.06,3424.27,620.12,356.73,4401.12,2553.94,0.3672,10,July,0.0892,0.4923,0.0513
ORD-00779,2025-07-03,2025,Q3,7,Asia,Japan,Electronics,Laptop Pro,SMB,7046.36,3518.24,424.76,438.95,4381.95,2664.41,0.3781,13,July,0.0603,0.4993,0.0623
ORD-00780,2025-05-24,2025,Q2,5,North America,Mexico,Software,Cloud Platform,Enterprise,22204.93,12046.7,1870.82,1035.51,14953.03,7251.9,0.3266,8,May,0.0843,0.5425,0.0466
ORD-00781,2025-07-05,2025,Q3,7,Europe,Italy,Accessories,Keyboard Pro,Enterprise,6017.87,3382.72,670.5,397.77,4450.99,1566.88,0.2604,10,July,0.1114,0.5621,0.0661
ORD-00782,2025-09-14,2025,Q3,9,Asia,Japan,Furniture,Ergonomic Chair,Enterprise,16251.1,9012.81,1037.19,1105.19,11155.19,5095.91,0.3136,14,September,0.0638,0.5546,0.068
ORD-00783,2025-04-27,2025,Q2,4,North America,Mexico,Software,Cloud Platform,Consumer,835.2,481.9,67.09,48.8,597.79,237.41,0.2843,11,April,0.0803,0.577,0.0584
ORD-00784,2025-10-14,2025,Q4,10,Asia,India,Accessories,Wireless Mouse,SMB,8126.34,4709.3,554.39,490.87,5754.56,2371.78,0.2919,8,October,0.0682,0.5795,0.0604
ORD-00785,2025-09-11,2025,Q3,9,Asia,Thailand,Electronics,Smartphone X,Enterprise,8154.05,4256.47,599.04,327.42,5182.93,2971.12,0.3644,4,September,0.0735,0.522,0.0402
ORD-00786,2025-06-21,2025,Q2,6,Europe,Netherlands,Electronics,Smartphone X,Consumer,6645.39,3239.26,448.56,298.61,3986.43,2658.96,0.4001,5,June,0.0675,0.4874,0.0449
ORD-00787,2025-02-02,2025,Q1,2,North America,Mexico,Electronics,Laptop Pro,SMB,8115.91,3915.13,681.06,552.3,5148.49,2967.42,0.3656,14,February,0.0839,0.4824,0.0681
ORD-00788,2025-05-09,2025,Q2,5,Europe,Germany,Accessories,Keyboard Pro,SMB,15085.8,8480.69,1140.34,710.58,10331.61,4754.19,0.3151,2,May,0.0756,0.5622,0.0471
ORD-00789,2025-11-04,2025,Q4,11,North America,Canada,Electronics,Monitor Ultra,Consumer,2309.98,1333.91,202.13,118.55,1654.59,655.39,0.2837,15,November,0.0875,0.5775,0.0513
ORD-00790,2025-12-22,2025,Q4,12,Europe,France,Electronics,Monitor Ultra,Enterprise,8768.4,4757.89,543.41,528.97,5830.27,2938.13,0.3351,9,December,0.062,0.5426,0.0603
ORD-00791,2025-01-27,2025,Q1,1,Asia,South Korea,Accessories,Wireless Mouse,Consumer,11403.47,5739.49,889.33,681.83,7310.65,4092.82,0.3589,1,January,0.078,0.5033,0.0598
ORD-00792,2025-08-21,2025,Q3,8,Asia,South Korea,Accessories,Wireless Mouse,SMB,11926.03,6530.43,724.85,662.09,7917.37,4008.66,0.3361,10,August,0.0608,0.5476,0.0555
ORD-00793,2025-04-09,2025,Q2,4,Europe,Germany,Electronics,Laptop Pro,Consumer,11946.54,5965.64,922.23,706.29,7594.16,4352.38,0.3643,5,April,0.0772,0.4994,0.0591
ORD-00794,2025-07-01,2025,Q3,7,Asia,South Korea,Accessories,Keyboard Pro,Enterprise,4493.26,2176.57,286.81,258.52,2721.9,1771.36,0.3942,9,July,0.0638,0.4844,0.0575
ORD-00795,2025-11-30,2025,Q4,11,Asia,Singapore,Furniture,Ergonomic Chair,SMB,5970.93,3070.79,424.32,240.29,3735.4,2235.53,0.3744,10,November,0.0711,0.5143,0.0402
ORD-00796,2025-12-03,2025,Q4,12,North America,USA,Electronics,Smartphone X,Consumer,12378.16,6634.02,762.97,622.8,8019.79,4358.37,0.3521,4,December,0.0616,0.5359,0.0503
ORD-00797,2025-11-24,2025,Q4,11,Europe,Germany,Software,Cloud Platform,Consumer,7398.01,4062.87,547.62,449.6,5060.09,2337.92,0.316,14,November,0.074,0.5492,0.0608
ORD-00798,2025-10-24,2025,Q4,10,North America,Canada,Software,CRM Enterprise,SMB,3423.67,1798.9,286.48,141.28,2226.66,1197.01,0.3496,4,October,0.0837,0.5254,0.0413
ORD-00799,2025-01-02,2025,Q1,1,North America,USA,Furniture,Storage Cabinet,Consumer,3590.51,1896.06,298.19,231.37,2425.62,1164.89,0.3244,13,January,0.083,0.5281,0.0644
ORD-00800,2025-07-12,2025,Q3,7,Europe,Spain,Furniture,Office Desk,SMB,772.12,398.25,91.72,34.18,524.15,247.97,0.3212,8,July,0.1188,0.5158,0.0443
ORD-00801,2025-04-10,2025,Q2,4,North America,Mexico,Software,Analytics Suite,Enterprise,6097.11,3099.83,405.87,291.81,3797.51,2299.6,0.3772,3,April,0.0666,0.5084,0.0479
ORD-00802,2025-06-23,2025,Q2,6,North America,USA,Furniture,Ergonomic Chair,Enterprise,5495.62,2781.77,346.42,356.9,3485.09,2010.53,0.3658,3,June,0.063,0.5062,0.0649
ORD-00803,2025-07-14,2025,Q3,7,North America,USA,Software,Cloud Platform,SMB,8537.94,4413.81,607.65,385.41,5406.87,3131.07,0.3667,9,July,0.0712,0.517,0.0451
ORD-00804,2025-11-16,2025,Q4,11,Asia,India,Electronics,Smartphone X,Enterprise,21646.84,10805.41,1544.41,1108.92,13458.74,8188.1,0.3783,10,November,0.0713,0.4992,0.0512
ORD-00805,2025-08-08,2025,Q3,8,North America,USA,Electronics,Smartphone X,Consumer,4765.65,2358.31,321.28,280.62,2960.21,1805.44,0.3788,5,August,0.0674,0.4949,0.0589
ORD-00806,2025-03-06,2025,Q1,3,North America,Mexico,Accessories,Keyboard Pro,Consumer,1680.41,885.69,134.27,70.49,1090.45,589.96,0.3511,9,March,0.0799,0.5271,0.0419
ORD-00807,2025-07-18,2025,Q3,7,North America,Mexico,Software,CRM Enterprise,Consumer,7231.88,3704.04,515.03,439.95,4659.02,2572.86,0.3558,12,July,0.0712,0.5122,0.0608
ORD-00808,2025-09-11,2025,Q3,9,Asia,Singapore,Accessories,Wireless Mouse,Enterprise,6629.64,3316.81,569.45,343.93,4230.19,2399.45,0.3619,5,September,0.0859,0.5003,0.0519
ORD-00809,2025-08-06,2025,Q3,8,Asia,Thailand,Furniture,Conference Table,SMB,10179.6,5022.95,636.44,542.93,6202.32,3977.28,0.3907,6,August,0.0625,0.4934,0.0533
ORD-00810,2025-04-28,2025,Q2,4,North America,USA,Accessories,USB Hub,SMB,8450.03,4421.48,600.17,464.13,5485.78,2964.25,0.3508,5,April,0.071,0.5233,0.0549
ORD-00811,2025-07-15,2025,Q3,7,Europe,France,Accessories,Keyboard Pro,SMB,11829.17,6102.78,1145.45,772.19,8020.42,3808.75,0.322,9,July,0.0968,0.5159,0.0653
ORD-00812,2025-10-07,2025,Q4,10,North America,USA,Software,Cloud Platform,Enterprise,3995.14,2061.59,305.15,199.81,2566.55,1428.59,0.3576,11,October,0.0764,0.516,0.05
ORD-00813,2025-06-18,2025,Q2,6,Asia,Singapore,Software,Cloud Platform,Consumer,9258.49,4571.72,792.99,569.26,5933.97,3324.52,0.3591,9,June,0.0857,0.4938,0.0615
ORD-00814,2025-05-14,2025,Q2,5,Europe,Italy,Software,Security Pro,SMB,17057.18,9589.31,1411.21,688.37,11688.89,5368.29,0.3147,11,May,0.0827,0.5622,0.0404
ORD-00815,2025-09-20,2025,Q3,9,Europe,Spain,Furniture,Ergonomic Chair,Consumer,11362.49,5993.07,1329.25,722.42,8044.74,3317.75,0.292,13,September,0.117,0.5274,0.0636
ORD-00816,2025-08-28,2025,Q3,8,North America,Canada,Software,Analytics Suite,SMB,15316.95,8008.92,1351.84,804.61,10165.37,5151.58,0.3363,8,August,0.0883,0.5229,0.0525
ORD-00817,2025-08-19,2025,Q3,8,North America,USA,Software,Cloud Platform,Consumer,13169.38,6723.72,1081.66,724.24,8529.62,4639.76,0.3523,11,August,0.0821,0.5106,0.055
ORD-00818,2025-07-01,2025,Q3,7,Asia,Japan,Accessories,Webcam HD,Consumer,11413.08,6348.92,921.21,559.12,7829.25,3583.83,0.314,10,July,0.0807,0.5563,0.049
ORD-00819,2025-01-12,2025,Q1,1,North America,USA,Furniture,Ergonomic Chair,SMB,10486.52,5871.56,916.65,600.0,7388.21,3098.31,0.2955,7,January,0.0874,0.5599,0.0572
ORD-00820,2025-07-15,2025,Q3,7,Europe,Spain,Electronics,Monitor Ultra,Enterprise,13291.7,6817.1,1830.67,786.47,9434.24,3857.46,0.2902,5,July,0.1377,0.5129,0.0592
ORD-00821,2025-02-17,2025,Q1,2,Europe,Germany,Furniture,Office Desk,Consumer,9248.78,4464.24,610.14,622.82,5697.2,3551.58,0.384,7,February,0.066,0.4827,0.0673
ORD-00822,2025-05-26,2025,Q2,5,Europe,France,Software,Analytics Suite,SMB,1599.69,850.8,104.23,105.25,1060.28,539.41,0.3372,7,May,0.0652,0.5319,0.0658
ORD-00823,2025-07-20,2025,Q3,7,Europe,Germany,Furniture,Storage Cabinet,SMB,13530.68,7021.06,1826.87,625.04,9472.97,4057.71,0.2999,14,July,0.135,0.5189,0.0462
ORD-00824,2025-04-16,2025,Q2,4,Asia,South Korea,Accessories,Keyboard Pro,Consumer,8838.83,4516.92,584.15,543.62,5644.69,3194.14,0.3614,8,April,0.0661,0.511,0.0615
ORD-00825,2025-05-22,2025,Q2,5,Europe,Germany,Furniture,Storage Cabinet,Enterprise,22421.61,12118.54,1511.33,1118.09,14747.96,7673.65,0.3422,10,May,0.0674,0.5405,0.0499
ORD-00826,2025-09-09,2025,Q3,9,Asia,South Korea,Electronics,Laptop Pro,SMB,11845.6,6774.38,833.97,773.27,8381.62,3463.98,0.2924,13,September,0.0704,0.5719,0.0653
ORD-00827,2025-06-02,2025,Q2,6,Asia,Thailand,Furniture,Storage Cabinet,Enterprise,5586.99,3026.88,407.64,287.95,3722.47,1864.52,0.3337,11,June,0.073,0.5418,0.0515
ORD-00828,2025-04-04,2025,Q2,4,North America,Mexico,Electronics,Monitor Ultra,Consumer,14212.47,7162.65,1223.92,685.23,9071.8,5140.67,0.3617,11,April,0.0861,0.504,0.0482
ORD-00829,2025-10-03,2025,Q4,10,Asia,India,Furniture,Storage Cabinet,SMB,17867.58,9564.2,1605.57,755.73,11925.5,5942.08,0.3326,2,October,0.0899,0.5353,0.0423
ORD-00830,2025-09-16,2025,Q3,9,Asia,South Korea,Accessories,Keyboard Pro,SMB,4208.27,2038.76,255.87,248.99,2543.62,1664.65,0.3956,11,September,0.0608,0.4845,0.0592
ORD-00831,2025-08-25,2025,Q3,8,Asia,Singapore,Accessories,Keyboard Pro,SMB,1257.28,635.0,102.18,55.44,792.62,464.66,0.3696,11,August,0.0813,0.5051,0.0441
ORD-00832,2025-08-26,2025,Q3,8,Asia,South Korea,Electronics,Laptop Pro,Consumer,10026.83,5528.37,733.28,542.69,6804.34,3222.49,0.3214,5,August,0.0731,0.5514,0.0541
ORD-00833,2025-03-24,2025,Q1,3,Europe,Germany,Electronics,Smartphone X,SMB,2760.23,1529.57,179.56,166.01,1875.14,885.09,0.3207,1,March,0.0651,0.5541,0.0601
ORD-00834,2025-12-13,2025,Q4,12,Asia,Japan,Accessories,USB Hub,Enterprise,6555.15,3169.05,526.06,304.72,3999.83,2555.32,0.3898,12,December,0.0803,0.4834,0.0465
ORD-00835,2025-01-25,2025,Q1,1,North America,Mexico,Electronics,Monitor Ultra,Consumer,4970.7,2411.99,298.94,314.01,3024.94,1945.76,0.3914,13,January,0.0601,0.4852,0.0632
ORD-00836,2025-04-14,2025,Q2,4,Europe,Italy,Furniture,Ergonomic Chair,Enterprise,1318.6,636.61,79.69,85.2,801.5,517.1,0.3922,11,April,0.0604,0.4828,0.0646
ORD-00837,2025-12-09,2025,Q4,12,Europe,France,Electronics,Smartphone X,Consumer,2922.19,1524.12,184.77,145.57,1854.46,1067.73,0.3654,9,December,0.0632,0.5216,0.0498
ORD-00838,2025-11-17,2025,Q4,11,Europe,Netherlands,Furniture,Storage Cabinet,SMB,2701.99,1354.72,191.02,122.15,1667.89,1034.1,0.3827,7,November,0.0707,0.5014,0.0452
ORD-00839,2025-12-01,2025,Q4,12,Asia,India,Accessories,Keyboard Pro,SMB,4429.67,2417.7,302.78,260.1,2980.58,1449.09,0.3271,1,December,0.0684,0.5458,0.0587
ORD-00840,2025-02-04,2025,Q1,2,Europe,Spain,Software,CRM Enterprise,Enterprise,19497.06,10901.31,1709.24,1112.82,13723.37,5773.69,0.2961,5,February,0.0877,0.5591,0.0571
ORD-00841,2025-02-18,2025,Q1,2,North America,Canada,Accessories,Keyboard Pro,SMB,3650.76,2030.45,294.36,253.15,2577.96,1072.8,0.2939,11,February,0.0806,0.5562,0.0693
ORD-00842,2025-09-04,2025,Q3,9,Europe,Italy,Electronics,Monitor Ultra,SMB,9491.85,5260.21,1104.94,580.32,6945.47,2546.38,0.2683,1,September,0.1164,0.5542,0.0611
ORD-00843,2025-04-30,2025,Q2,4,Europe,Netherlands,Electronics,Tablet Air,Enterprise,20159.54,11203.15,1584.4,842.62,13630.17,6529.37,0.3239,6,April,0.0786,0.5557,0.0418
ORD-00844,2025-09-13,2025,Q3,9,Asia,Japan,Furniture,Storage Cabinet,Enterprise,17657.22,8895.82,1443.64,1229.94,11569.4,6087.82,0.3448,8,September,0.0818,0.5038,0.0697
ORD-00845,2025-06-18,2025,Q2,6,Europe,Italy,Software,Analytics Suite,Consumer,11980.81,6247.86,1010.96,749.0,8007.82,3972.99,0.3316,4,June,0.0844,0.5215,0.0625
ORD-00846,2025-06-19,2025,Q2,6,Asia,Japan,Furniture,Office Desk,Consumer,14831.46,8307.77,1199.69,692.23,10199.69,4631.77,0.3123,14,June,0.0809,0.5601,0.0467
ORD-00847,2025-07-15,2025,Q3,7,North America,Canada,Furniture,Storage Cabinet,Consumer,587.62,333.17,36.49,26.9,396.56,191.06,0.3251,11,July,0.0621,0.567,0.0458
ORD-00848,2025-03-14,2025,Q1,3,Europe,France,Electronics,Smartphone X,Consumer,8458.28,4732.61,559.36,467.09,5759.06,2699.22,0.3191,7,March,0.0661,0.5595,0.0552
ORD-00849,2025-08-28,2025,Q3,8,Asia,Japan,Furniture,Ergonomic Chair,SMB,3669.98,1852.96,251.62,196.15,2300.73,1369.25,0.3731,11,August,0.0686,0.5049,0.0534
ORD-00850,2025-04-14,2025,Q2,4,Asia,South Korea,Electronics,Tablet Air,SMB,7172.28,3780.31,521.29,418.01,4719.61,2452.67,0.342,7,April,0.0727,0.5271,0.0583
ORD-00851,2025-03-21,2025,Q1,3,Asia,India,Accessories,Webcam HD,Enterprise,20706.2,11847.12,1612.09,923.16,14382.37,6323.83,0.3054,12,March,0.0779,0.5722,0.0446
ORD-00852,2025-03-31,2025,Q1,3,Asia,South Korea,Accessories,USB Hub,SMB,5528.13,2964.26,411.43,276.39,3652.08,1876.05,0.3394,12,March,0.0744,0.5362,0.05
ORD-00853,2025-08-29,2025,Q3,8,Europe,France,Furniture,Office Desk,Enterprise,23389.2,12935.09,2582.24,1219.43,16736.76,6652.44,0.2844,7,August,0.1104,0.553,0.0521
ORD-00854,2025-07-22,2025,Q3,7,North America,Canada,Accessories,Webcam HD,SMB,11754.25,6333.55,849.4,483.86,7666.81,4087.44,0.3477,15,July,0.0723,0.5388,0.0412
ORD-00855,2025-03-05,2025,Q1,3,Asia,Thailand,Furniture,Ergonomic Chair,SMB,17253.49,9612.38,1424.23,870.57,11907.18,5346.31,0.3099,12,March,0.0825,0.5571,0.0505
ORD-00856,2025-09-08,2025,Q3,9,North America,Mexico,Software,Analytics Suite,Consumer,6087.33,3180.05,410.31,330.74,3921.1,2166.23,0.3559,15,September,0.0674,0.5224,0.0543
ORD-00857,2025-07-05,2025,Q3,7,North America,Mexico,Electronics,Smartphone X,SMB,11134.58,6396.0,717.3,528.03,7641.33,3493.25,0.3137,10,July,0.0644,0.5744,0.0474
ORD-00858,2025-12-06,2025,Q4,12,Europe,Germany,Electronics,Laptop Pro,Consumer,10818.34,5608.6,878.26,748.89,7235.75,3582.59,0.3312,2,December,0.0812,0.5184,0.0692
ORD-00859,2025-09-23,2025,Q3,9,Europe,Spain,Furniture,Storage Cabinet,SMB,12637.96,6698.94,1488.67,841.68,9029.29,3608.67,0.2855,10,September,0.1178,0.5301,0.0666
ORD-00860,2025-06-07,2025,Q2,6,North America,Canada,Electronics,Laptop Pro,Consumer,8802.87,4927.44,743.2,423.16,6093.8,2709.07,0.3077,4,June,0.0844,0.5598,0.0481
ORD-00861,2025-07-23,2025,Q3,7,North America,Canada,Electronics,Smartphone X,SMB,627.47,305.57,50.76,34.98,391.31,236.16,0.3764,11,July,0.0809,0.487,0.0557
ORD-00862,2025-05-28,2025,Q2,5,North America,Canada,Furniture,Ergonomic Chair,SMB,3843.36,1896.44,286.69,211.69,2394.82,1448.54,0.3769,2,May,0.0746,0.4934,0.0551
ORD-00863,2025-08-19,2025,Q3,8,North America,USA,Furniture,Ergonomic Chair,Enterprise,20472.8,11483.56,1346.22,1422.62,14252.4,6220.4,0.3038,14,August,0.0658,0.5609,0.0695
ORD-00864,2025-07-29,2025,Q3,7,Asia,Thailand,Electronics,Smartphone X,Enterprise,8550.58,4427.26,584.03,429.79,5441.08,3109.5,0.3637,10,July,0.0683,0.5178,0.0503
ORD-00865,2025-05-01,2025,Q2,5,Asia,South Korea,Electronics,Laptop Pro,Enterprise,7844.71,4514.8,627.26,499.52,5641.58,2203.13,0.2808,1,May,0.08,0.5755,0.0637
ORD-00866,2025-02-19,2025,Q1,2,Europe,Netherlands,Electronics,Monitor Ultra,Consumer,8041.07,4633.31,546.59,438.86,5618.76,2422.31,0.3012,13,February,0.068,0.5762,0.0546
ORD-00867,2025-06-22,2025,Q2,6,North America,Canada,Software,Security Pro,Consumer,13407.21,7775.44,1132.98,914.77,9823.19,3584.02,0.2673,11,June,0.0845,0.5799,0.0682
ORD-00868,2025-07-24,2025,Q3,7,Asia,Thailand,Electronics,Tablet Air,SMB,14629.1,7026.48,1259.8,761.51,9047.79,5581.31,0.3815,14,July,0.0861,0.4803,0.0521
ORD-00869,2025-03-13,2025,Q1,3,Europe,Netherlands,Electronics,Tablet Air,Consumer,11395.88,5753.25,838.25,690.43,7281.93,4113.95,0.361,14,March,0.0736,0.5049,0.0606
ORD-00870,2025-09-01,2025,Q3,9,North America,Canada,Furniture,Office Desk,Consumer,14384.43,8073.43,870.24,730.82,9674.49,4709.94,0.3274,1,September,0.0605,0.5613,0.0508
ORD-00871,2025-06-16,2025,Q2,6,North America,Canada,Furniture,Storage Cabinet,SMB,13462.16,7530.68,948.41,917.75,9396.84,4065.32,0.302,15,June,0.0705,0.5594,0.0682
ORD-00872,2025-09-01,2025,Q3,9,North America,Mexico,Electronics,Monitor Ultra,SMB,11164.82,6153.99,961.24,740.08,7855.31,3309.51,0.2964,13,September,0.0861,0.5512,0.0663
ORD-00873,2025-09-16,2025,Q3,9,Europe,France,Accessories,Wireless Mouse,SMB,15082.96,8742.54,2095.11,814.54,11652.19,3430.77,0.2275,15,September,0.1389,0.5796,0.054
ORD-00874,2025-08-17,2025,Q3,8,Europe,Spain,Furniture,Ergonomic Chair,Enterprise,5348.3,3072.18,671.46,230.85,3974.49,1373.81,0.2569,12,August,0.1255,0.5744,0.0432
ORD-00875,2025-01-15,2025,Q1,1,Europe,Italy,Accessories,USB Hub,Enterprise,19670.47,10751.74,1741.72,1182.55,13676.01,5994.46,0.3047,11,January,0.0885,0.5466,0.0601
ORD-00876,2025-03-11,2025,Q1,3,North America,Mexico,Accessories,Wireless Mouse,Consumer,5325.62,2675.49,411.56,360.63,3447.68,1877.94,0.3526,2,March,0.0773,0.5024,0.0677
ORD-00877,2025-11-26,2025,Q4,11,Asia,South Korea,Accessories,Webcam HD,Enterprise,6734.68,3310.56,421.8,287.4,4019.76,2714.92,0.4031,12,November,0.0626,0.4916,0.0427
ORD-00878,2025-10-31,2025,Q4,10,Europe,Germany,Software,Cloud Platform,SMB,17200.79,9248.72,1032.91,719.97,11001.6,6199.19,0.3604,9,October,0.0601,0.5377,0.0419
ORD-00879,2025-04-08,2025,Q2,4,Asia,South Korea,Software,Security Pro,Consumer,14041.91,6917.48,1122.12,810.55,8850.15,5191.76,0.3697,2,April,0.0799,0.4926,0.0577
ORD-00880,2025-07-22,2025,Q3,7,Europe,Netherlands,Accessories,USB Hub,Enterprise,22201.46,11315.69,2290.73,1340.96,14947.38,7254.08,0.3267,3,July,0.1032,0.5097,0.0604
ORD-00881,2025-11-04,2025,Q4,11,Asia,Japan,Electronics,Tablet Air,SMB,9341.38,5127.11,637.12,611.21,6375.44,2965.94,0.3175,10,November,0.0682,0.5489,0.0654
ORD-00882,2025-09-02,2025,Q3,9,North America,USA,Accessories,USB Hub,Consumer,14514.19,7052.17,1223.64,647.06,8922.87,5591.32,0.3852,12,September,0.0843,0.4859,0.0446
ORD-00883,2025-04-18,2025,Q2,4,North America,USA,Electronics,Smartphone X,SMB,13256.68,6759.72,1119.53,893.12,8772.37,4484.31,0.3383,3,April,0.0845,0.5099,0.0674
ORD-00884,2025-01-12,2025,Q1,1,North America,Canada,Software,CRM Enterprise,Consumer,7364.61,3791.53,528.34,310.45,4630.32,2734.29,0.3713,12,January,0.0717,0.5148,0.0422
ORD-00885,2025-05-25,2025,Q2,5,Asia,Japan,Accessories,Wireless Mouse,Enterprise,9341.23,5222.94,803.12,388.82,6414.88,2926.35,0.3133,15,May,0.086,0.5591,0.0416
ORD-00886,2025-12-30,2025,Q4,12,Asia,South Korea,Furniture,Ergonomic Chair,SMB,12709.63,6470.57,817.8,591.56,7879.93,4829.7,0.38,12,December,0.0643,0.5091,0.0465
ORD-00887,2025-04-11,2025,Q2,4,North America,Mexico,Electronics,Tablet Air,Consumer,12914.05,6330.4,1079.16,849.14,8258.7,4655.35,0.3605,7,April,0.0836,0.4902,0.0658
ORD-00888,2025-08-07,2025,Q3,8,North America,USA,Electronics,Laptop Pro,SMB,17550.36,8739.44,1080.65,1218.14,11038.23,6512.13,0.3711,11,August,0.0616,0.498,0.0694
ORD-00889,2025-06-23,2025,Q2,6,North America,Canada,Furniture,Storage Cabinet,Enterprise,1787.21,900.91,133.43,108.38,1142.72,644.49,0.3606,3,June,0.0747,0.5041,0.0606
ORD-00890,2025-12-01,2025,Q4,12,North America,Canada,Electronics,Monitor Ultra,Consumer,6040.46,3281.38,443.09,243.72,3968.19,2072.27,0.3431,2,December,0.0734,0.5432,0.0403
ORD-00891,2025-02-12,2025,Q1,2,Europe,Spain,Furniture,Office Desk,Consumer,8808.24,4732.34,600.83,549.29,5882.46,2925.78,0.3322,13,February,0.0682,0.5373,0.0624
ORD-00892,2025-10-31,2025,Q4,10,Europe,Spain,Accessories,Webcam HD,SMB,10542.76,5165.36,652.65,709.17,6527.18,4015.58,0.3809,13,October,0.0619,0.4899,0.0673
ORD-00893,2025-10-03,2025,Q4,10,Europe,Spain,Electronics,Monitor Ultra,Consumer,12353.21,6897.38,937.64,517.82,8352.84,4000.37,0.3238,14,October,0.0759,0.5583,0.0419
ORD-00894,2025-10-27,2025,Q4,10,North America,Mexico,Electronics,Smartphone X,Consumer,13515.23,6731.48,1053.82,613.57,8398.87,5116.36,0.3786,9,October,0.078,0.4981,0.0454
ORD-00895,2025-08-17,2025,Q3,8,Asia,India,Electronics,Smartphone X,Consumer,3490.33,1731.63,268.32,228.77,2228.72,1261.61,0.3615,1,August,0.0769,0.4961,0.0655
ORD-00896,2025-02-13,2025,Q1,2,Europe,Netherlands,Software,Security Pro,Consumer,2988.25,1726.34,238.3,141.79,2106.43,881.82,0.2951,1,February,0.0797,0.5777,0.0474
ORD-00897,2025-09-23,2025,Q3,9,Asia,Thailand,Accessories,Keyboard Pro,Consumer,7611.42,3891.67,664.66,532.07,5088.4,2523.02,0.3315,10,September,0.0873,0.5113,0.0699
ORD-00898,2025-10-03,2025,Q4,10,North America,USA,Electronics,Laptop Pro,Enterprise,1858.76,918.54,159.26,86.35,1164.15,694.61,0.3737,3,October,0.0857,0.4942,0.0465
ORD-00899,2025-11-05,2025,Q4,11,North America,USA,Software,Security Pro,Enterprise,19929.62,10407.28,1524.53,953.04,12884.85,7044.77,0.3535,11,November,0.0765,0.5222,0.0478
ORD-00900,2025-03-25,2025,Q1,3,Asia,South Korea,Electronics,Tablet Air,Consumer,6667.48,3663.46,507.24,280.81,4451.51,2215.97,0.3324,12,March,0.0761,0.5495,0.0421
ORD-00901,2025-05-18,2025,Q2,5,North America,Mexico,Furniture,Conference Table,Consumer,10031.11,5637.99,783.91,527.54,6949.44,3081.67,0.3072,3,May,0.0781,0.5621,0.0526
ORD-00902,2025-06-11,2025,Q2,6,Asia,South Korea,Electronics,Smartphone X,Enterprise,7950.27,4238.66,640.15,415.03,5293.84,2656.43,0.3341,6,June,0.0805,0.5331,0.0522
ORD-00903,2025-11-24,2025,Q4,11,Europe,Italy,Software,Security Pro,Enterprise,23577.13,11849.31,1421.6,1209.85,14480.76,9096.37,0.3858,4,November,0.0603,0.5026,0.0513
ORD-00904,2025-07-13,2025,Q3,7,Europe,Germany,Furniture,Conference Table,Consumer,12409.48,6564.14,1459.31,757.15,8780.6,3628.88,0.2924,14,July,0.1176,0.529,0.061
ORD-00905,2025-05-25,2025,Q2,5,North America,Canada,Electronics,Laptop Pro,Enterprise,9199.71,5107.56,601.85,590.46,6299.87,2899.84,0.3152,11,May,0.0654,0.5552,0.0642
ORD-00906,2025-09-30,2025,Q3,9,North America,Mexico,Accessories,Webcam HD,Consumer,2349.8,1130.13,177.19,104.95,1412.27,937.53,0.399,3,September,0.0754,0.4809,0.0447
ORD-00907,2025-03-15,2025,Q1,3,Asia,Thailand,Software,Analytics Suite,Consumer,9768.31,5050.36,813.95,589.48,6453.79,3314.52,0.3393,7,March,0.0833,0.517,0.0603
ORD-00908,2025-12-28,2025,Q4,12,Asia,Japan,Accessories,USB Hub,SMB,9338.79,4740.2,680.17,637.38,6057.75,3281.04,0.3513,15,December,0.0728,0.5076,0.0683
ORD-00909,2025-04-28,2025,Q2,4,Asia,India,Software,CRM Enterprise,SMB,15307.27,8319.01,953.66,722.52,9995.19,5312.08,0.347,2,April,0.0623,0.5435,0.0472
ORD-00910,2025-03-26,2025,Q1,3,North America,USA,Electronics,Tablet Air,Consumer,13979.04,7839.93,843.23,956.89,9640.05,4338.99,0.3104,11,March,0.0603,0.5608,0.0685
ORD-00911,2025-09-18,2025,Q3,9,North America,USA,Accessories,Webcam HD,Consumer,10434.27,5714.61,792.72,456.4,6963.73,3470.54,0.3326,1,September,0.076,0.5477,0.0437
ORD-00912,2025-11-12,2025,Q4,11,Europe,Germany,Accessories,USB Hub,Enterprise,26849.19,14662.81,2352.36,1878.77,18893.94,7955.25,0.2963,9,November,0.0876,0.5461,0.07
ORD-00913,2025-12-17,2025,Q4,12,North America,USA,Accessories,Keyboard Pro,Consumer,13987.69,7782.34,1218.52,632.86,9633.72,4353.97,0.3113,6,December,0.0871,0.5564,0.0452
ORD-00914,2025-03-10,2025,Q1,3,North America,Canada,Electronics,Monitor Ultra,SMB,7196.25,3722.82,456.22,485.18,4664.22,2532.03,0.3519,4,March,0.0634,0.5173,0.0674
ORD-00915,2025-10-04,2025,Q4,10,Europe,Italy,Software,CRM Enterprise,SMB,5206.66,2500.36,410.99,269.75,3181.1,2025.56,0.389,15,October,0.0789,0.4802,0.0518
ORD-00916,2025-06-06,2025,Q2,6,North America,Mexico,Electronics,Monitor Ultra,Consumer,12801.1,6218.13,770.33,688.84,7677.3,5123.8,0.4003,5,June,0.0602,0.4857,0.0538
ORD-00917,2025-07-01,2025,Q3,7,Europe,Germany,Software,Cloud Platform,SMB,6768.86,3317.65,784.38,287.96,4389.99,2378.87,0.3514,9,July,0.1159,0.4901,0.0425
ORD-00918,2025-03-20,2025,Q1,3,Asia,India,Accessories,Wireless Mouse,Enterprise,20982.58,10596.49,1555.25,1074.92,13226.66,7755.92,0.3696,6,March,0.0741,0.505,0.0512
ORD-00919,2025-08-08,2025,Q3,8,Europe,Netherlands,Software,Analytics Suite,SMB,12019.27,6297.32,1195.97,750.16,8243.45,3775.82,0.3141,1,August,0.0995,0.5239,0.0624
ORD-00920,2025-07-03,2025,Q3,7,North America,USA,Electronics,Smartphone X,SMB,1300.46,675.53,107.05,87.17,869.75,430.71,0.3312,3,July,0.0823,0.5195,0.067
ORD-00921,2025-12-08,2025,Q4,12,Europe,Spain,Software,Analytics Suite,SMB,9109.78,4824.15,732.9,399.22,5956.27,3153.51,0.3462,13,December,0.0805,0.5296,0.0438
ORD-00922,2025-07-24,2025,Q3,7,North America,Mexico,Accessories,Keyboard Pro,Enterprise,25895.41,14482.56,1651.71,1303.15,17437.42,8457.99,0.3266,1,July,0.0638,0.5593,0.0503
ORD-00923,2025-12-17,2025,Q4,12,Europe,Germany,Software,CRM Enterprise,Consumer,11192.76,5858.66,768.76,610.88,7238.3,3954.46,0.3533,13,December,0.0687,0.5234,0.0546
ORD-00924,2025-08-08,2025,Q3,8,Europe,Netherlands,Furniture,Ergonomic Chair,Enterprise,8237.72,4048.86,867.05,502.74,5418.65,2819.07,0.3422,11,August,0.1053,0.4915,0.061
ORD-00925,2025-08-08,2025,Q3,8,Europe,Spain,Electronics,Smartphone X,Enterprise,26805.6,14451.42,3283.77,1256.69,18991.88,7813.72,0.2915,3,August,0.1225,0.5391,0.0469
ORD-00926,2025-07-25,2025,Q3,7,Europe,Italy,Furniture,Ergonomic Chair,SMB,907.31,453.62,120.85,46.65,621.12,286.19,0.3154,9,July,0.1332,0.5,0.0514
ORD-00927,2025-06-06,2025,Q2,6,North America,Mexico,Furniture,Ergonomic Chair,SMB,8013.72,3895.75,583.5,332.97,4812.22,3201.5,0.3995,2,June,0.0728,0.4861,0.0415
ORD-00928,2025-05-18,2025,Q2,5,Asia,Singapore,Software,CRM Enterprise,Enterprise,9247.85,4482.95,566.21,384.38,5433.54,3814.31,0.4125,12,May,0.0612,0.4848,0.0416
ORD-00929,2025-06-14,2025,Q2,6,Europe,Italy,Accessories,USB Hub,Consumer,1961.04,977.55,173.45,99.83,1250.83,710.21,0.3622,5,June,0.0884,0.4985,0.0509
ORD-00930,2025-02-27,2025,Q1,2,Europe,Germany,Furniture,Conference Table,SMB,13498.48,6967.09,1125.29,754.1,8846.48,4652.0,0.3446,6,February,0.0834,0.5161,0.0559
ORD-00931,2025-05-02,2025,Q2,5,North America,Canada,Furniture,Storage Cabinet,Enterprise,24055.76,11860.66,1979.25,1049.09,14889.0,9166.76,0.3811,10,May,0.0823,0.493,0.0436
ORD-00932,2025-12-02,2025,Q4,12,Europe,France,Accessories,Wireless Mouse,Enterprise,25481.45,13808.42,1759.35,1381.76,16949.53,8531.92,0.3348,13,December,0.069,0.5419,0.0542
ORD-00933,2025-04-14,2025,Q2,4,North America,Mexico,Furniture,Office Desk,Enterprise,5903.55,3158.69,398.94,391.48,3949.11,1954.44,0.3311,14,April,0.0676,0.535,0.0663
ORD-00934,2025-10-14,2025,Q4,10,Asia,Singapore,Accessories,Wireless Mouse,SMB,1778.13,928.01,156.37,98.0,1182.38,595.75,0.335,1,October,0.0879,0.5219,0.0551
ORD-00935,2025-03-27,2025,Q1,3,North America,Canada,Furniture,Conference Table,Enterprise,25846.46,12563.43,2304.84,1181.33,16049.6,9796.86,0.379,14,March,0.0892,0.4861,0.0457
ORD-00936,2025-07-23,2025,Q3,7,Asia,Thailand,Electronics,Smartphone X,SMB,13662.66,7082.93,1139.21,710.81,8932.95,4729.71,0.3462,5,July,0.0834,0.5184,0.052
ORD-00937,2025-04-16,2025,Q2,4,Europe,Germany,Furniture,Ergonomic Chair,Consumer,10602.47,6021.3,887.63,568.96,7477.89,3124.58,0.2947,12,April,0.0837,0.5679,0.0537
ORD-00938,2025-09-26,2025,Q3,9,Asia,Singapore,Furniture,Conference Table,Consumer,4393.46,2161.19,293.12,246.06,2700.37,1693.09,0.3854,5,September,0.0667,0.4919,0.056
ORD-00939,2025-01-21,2025,Q1,1,North America,USA,Software,Cloud Platform,SMB,15796.86,7663.88,1412.25,1100.82,10176.95,5619.91,0.3558,4,January,0.0894,0.4852,0.0697
ORD-00940,2025-10-01,2025,Q4,10,Europe,Germany,Software,Security Pro,SMB,2048.48,1127.78,156.66,126.31,1410.75,637.73,0.3113,7,October,0.0765,0.5505,0.0617
ORD-00941,2025-11-10,2025,Q4,11,Asia,Singapore,Electronics,Laptop Pro,SMB,4415.46,2545.62,288.34,305.32,3139.28,1276.18,0.289,9,November,0.0653,0.5765,0.0691
ORD-00942,2025-12-03,2025,Q4,12,North America,USA,Accessories,USB Hub,Consumer,9697.43,5188.98,819.49,452.09,6460.56,3236.87,0.3338,5,December,0.0845,0.5351,0.0466
ORD-00943,2025-04-15,2025,Q2,4,North America,Mexico,Accessories,Keyboard Pro,SMB,4631.98,2559.77,329.14,310.64,3199.55,1432.43,0.3092,2,April,0.0711,0.5526,0.0671
ORD-00944,2025-09-11,2025,Q3,9,Europe,Spain,Furniture,Ergonomic Chair,Enterprise,15768.07,9056.16,1598.71,764.14,11419.01,4349.06,0.2758,5,September,0.1014,0.5743,0.0485
ORD-00945,2025-03-25,2025,Q1,3,Europe,Spain,Furniture,Office Desk,Enterprise,2780.47,1402.82,242.66,192.16,1837.64,942.83,0.3391,2,March,0.0873,0.5045,0.0691
ORD-00946,2025-09-27,2025,Q3,9,Europe,Germany,Electronics,Monitor Ultra,SMB,960.46,540.41,123.42,56.99,720.82,239.64,0.2495,1,September,0.1285,0.5627,0.0593
ORD-00947,2025-03-09,2025,Q1,3,Europe,Germany,Software,Cloud Platform,Consumer,9194.74,5142.07,554.28,586.16,6282.51,2912.23,0.3167,9,March,0.0603,0.5592,0.0637
ORD-00948,2025-06-23,2025,Q2,6,North America,USA,Furniture,Ergonomic Chair,SMB,13818.29,7865.91,1167.15,680.16,9713.22,4105.07,0.2971,8,June,0.0845,0.5692,0.0492
ORD-00949,2025-03-21,2025,Q1,3,Europe,Germany,Software,Analytics Suite,Enterprise,22430.54,10997.28,1545.51,1241.45,13784.24,8646.3,0.3855,14,March,0.0689,0.4903,0.0553
ORD-00950,2025-08-01,2025,Q3,8,Europe,Germany,Furniture,Office Desk,Enterprise,12048.23,5960.72,1487.65,563.57,8011.94,4036.29,0.335,15,August,0.1235,0.4947,0.0468
ORD-00951,2025-12-17,2025,Q4,12,Asia,India,Accessories,Keyboard Pro,Enterprise,6760.04,3891.39,462.75,285.87,4640.01,2120.03,0.3136,6,December,0.0685,0.5756,0.0423
ORD-00952,2025-03-02,2025,Q1,3,Asia,India,Electronics,Smartphone X,Enterprise,12087.2,6206.59,791.0,637.69,7635.28,4451.92,0.3683,15,March,0.0654,0.5135,0.0528
ORD-00953,2025-12-08,2025,Q4,12,North America,Canada,Software,Security Pro,Enterprise,7975.53,4226.44,566.85,382.52,5175.81,2799.72,0.351,15,December,0.0711,0.5299,0.048
ORD-00954,2025-12-31,2025,Q4,12,Europe,Germany,Furniture,Ergonomic Chair,SMB,3171.38,1663.92,266.1,219.75,2149.77,1021.61,0.3221,14,December,0.0839,0.5247,0.0693
ORD-00955,2025-02-04,2025,Q1,2,Europe,Netherlands,Accessories,USB Hub,Enterprise,3260.67,1889.48,213.43,168.09,2271.0,989.67,0.3035,6,February,0.0655,0.5795,0.0516
ORD-00956,2025-09-11,2025,Q3,9,Asia,South Korea,Accessories,USB Hub,Enterprise,21835.88,11909.19,1471.24,1147.69,14528.12,7307.76,0.3347,8,September,0.0674,0.5454,0.0526
ORD-00957,2025-10-03,2025,Q4,10,North America,Canada,Furniture,Storage Cabinet,Enterprise,16063.16,8387.93,1242.27,976.72,10606.92,5456.24,0.3397,12,October,0.0773,0.5222,0.0608
ORD-00958,2025-04-23,2025,Q2,4,North America,USA,Furniture,Conference Table,Enterprise,6205.6,3506.53,439.8,336.45,4282.78,1922.82,0.3099,3,April,0.0709,0.5651,0.0542
ORD-00959,2025-02-26,2025,Q1,2,Europe,Italy,Software,Cloud Platform,SMB,8610.76,4852.38,659.11,585.02,6096.51,2514.25,0.292,7,February,0.0765,0.5635,0.0679
ORD-00960,2025-05-05,2025,Q2,5,Europe,France,Electronics,Smartphone X,Enterprise,26009.56,14315.56,1855.1,1060.94,17231.6,8777.96,0.3375,7,May,0.0713,0.5504,0.0408
ORD-00961,2025-07-10,2025,Q3,7,Europe,Germany,Electronics,Monitor Ultra,Consumer,13121.92,6338.13,1443.2,555.97,8337.3,4784.62,0.3646,2,July,0.11,0.483,0.0424
ORD-00962,2025-01-07,2025,Q1,1,North America,Canada,Furniture,Ergonomic Chair,SMB,13537.91,7510.98,1095.99,663.16,9270.13,4267.78,0.3152,7,January,0.081,0.5548,0.049
ORD-00963,2025-06-22,2025,Q2,6,Asia,India,Software,Analytics Suite,Enterprise,2466.02,1342.12,192.66,111.48,1646.26,819.76,0.3324,3,June,0.0781,0.5442,0.0452
ORD-00964,2025-01-06,2025,Q1,1,Asia,South Korea,Accessories,USB Hub,Consumer,7777.15,4284.71,565.48,347.67,5197.86,2579.29,0.3316,2,January,0.0727,0.5509,0.0447
ORD-00965,2025-09-25,2025,Q3,9,Asia,Japan,Furniture,Storage Cabinet,Consumer,1311.95,681.2,111.09,90.89,883.18,428.77,0.3268,10,September,0.0847,0.5192,0.0693
ORD-00966,2025-02-09,2025,Q1,2,North America,Canada,Accessories,USB Hub,Consumer,9807.42,5518.88,636.94,628.66,6784.48,3022.94,0.3082,11,February,0.0649,0.5627,0.0641
ORD-00967,2025-08-06,2025,Q3,8,Europe,Italy,Electronics,Laptop Pro,Enterprise,10366.51,5783.27,1125.8,489.15,7398.22,2968.29,0.2863,3,August,0.1086,0.5579,0.0472
ORD-00968,2025-10-05,2025,Q4,10,Europe,Germany,Furniture,Office Desk,SMB,3866.74,1934.04,339.79,182.55,2456.38,1410.36,0.3647,2,October,0.0879,0.5002,0.0472
ORD-00969,2025-10-19,2025,Q4,10,North America,USA,Accessories,Wireless Mouse,Enterprise,9110.55,5232.65,548.95,461.9,6243.5,2867.05,0.3147,5,October,0.0603,0.5744,0.0507
ORD-00970,2025-07-23,2025,Q3,7,North America,USA,Software,CRM Enterprise,Consumer,5659.64,2789.93,454.13,282.64,3526.7,2132.94,0.3769,15,July,0.0802,0.493,0.0499
ORD-00971,2025-09-15,2025,Q3,9,Europe,Netherlands,Furniture,Office Desk,Consumer,12043.0,6355.04,1606.53,495.24,8456.81,3586.19,0.2978,3,September,0.1334,0.5277,0.0411
ORD-00972,2025-03-19,2025,Q1,3,North America,Canada,Electronics,Laptop Pro,Consumer,3857.77,1934.92,310.33,170.61,2415.86,1441.91,0.3738,12,March,0.0804,0.5016,0.0442
ORD-00973,2025-03-24,2025,Q1,3,North America,Mexico,Software,CRM Enterprise,Enterprise,9748.44,5030.5,835.23,515.96,6381.69,3366.75,0.3454,15,March,0.0857,0.516,0.0529
ORD-00974,2025-12-31,2025,Q4,12,North America,Canada,Furniture,Ergonomic Chair,Consumer,9299.72,5354.79,716.14,649.42,6720.35,2579.37,0.2774,2,December,0.077,0.5758,0.0698
ORD-00975,2025-01-08,2025,Q1,1,Europe,Italy,Electronics,Monitor Ultra,Enterprise,12770.49,6346.57,879.48,536.93,7762.98,5007.51,0.3921,10,January,0.0689,0.497,0.042
ORD-00976,2025-07-06,2025,Q3,7,Asia,India,Electronics,Smartphone X,Consumer,11693.14,5914.32,867.61,557.54,7339.47,4353.67,0.3723,15,July,0.0742,0.5058,0.0477
ORD-00977,2025-08-15,2025,Q3,8,North America,USA,Electronics,Monitor Ultra,Enterprise,10386.62,5283.29,750.65,608.56,6642.5,3744.12,0.3605,11,August,0.0723,0.5087,0.0586
ORD-00978,2025-03-08,2025,Q1,3,Asia,Singapore,Software,Security Pro,Enterprise,18705.44,9925.0,1269.82,1239.54,12434.36,6271.08,0.3353,11,March,0.0679,0.5306,0.0663
ORD-00979,2025-01-22,2025,Q1,1,North America,Mexico,Electronics,Smartphone X,Consumer,12407.91,5965.65,1062.02,604.51,7632.18,4775.73,0.3849,3,January,0.0856,0.4808,0.0487
ORD-00980,2025-10-19,2025,Q4,10,Asia,India,Furniture,Storage Cabinet,SMB,12243.22,6303.96,906.67,686.27,7896.9,4346.32,0.355,14,October,0.0741,0.5149,0.0561
ORD-00981,2025-08-27,2025,Q3,8,Europe,Germany,Furniture,Office Desk,SMB,13966.97,6982.75,1512.42,691.62,9186.79,4780.18,0.3422,10,August,0.1083,0.4999,0.0495
ORD-00982,2025-09-06,2025,Q3,9,Europe,Spain,Electronics,Tablet Air,SMB,1266.11,627.45,145.42,74.96,847.83,418.28,0.3304,6,September,0.1149,0.4956,0.0592
ORD-00983,2025-10-18,2025,Q4,10,Europe,Netherlands,Accessories,Wireless Mouse,SMB,14338.33,8285.49,952.1,664.51,9902.1,4436.23,0.3094,1,October,0.0664,0.5779,0.0463
ORD-00984,2025-12-17,2025,Q4,12,Asia,Singapore,Software,Cloud Platform,Enterprise,4599.36,2333.67,287.24,304.54,2925.45,1673.91,0.3639,8,December,0.0625,0.5074,0.0662
ORD-00985,2025-08-03,2025,Q3,8,North America,USA,Software,Cloud Platform,Enterprise,3312.72,1888.79,232.75,207.36,2328.9,983.82,0.297,3,August,0.0703,0.5702,0.0626
ORD-00986,2025-04-12,2025,Q2,4,Asia,South Korea,Accessories,Webcam HD,Consumer,10488.04,5202.79,848.49,531.12,6582.4,3905.64,0.3724,12,April,0.0809,0.4961,0.0506
ORD-00987,2025-10-20,2025,Q4,10,Asia,India,Furniture,Office Desk,Consumer,10185.46,5516.96,710.05,708.82,6935.83,3249.63,0.319,12,October,0.0697,0.5417,0.0696
ORD-00988,2025-06-12,2025,Q2,6,Europe,France,Accessories,Keyboard Pro,SMB,15638.84,7684.31,1393.41,816.22,9893.94,5744.9,0.3673,9,June,0.0891,0.4914,0.0522
ORD-00989,2025-01-02,2025,Q1,1,Asia,Japan,Accessories,Wireless Mouse,Enterprise,6606.05,3817.66,479.63,372.47,4669.76,1936.29,0.2931,3,January,0.0726,0.5779,0.0564
ORD-00990,2025-11-04,2025,Q4,11,Asia,Japan,Software,Cloud Platform,Enterprise,26262.53,14120.93,1587.07,1691.66,17399.66,8862.87,0.3375,1,November,0.0604,0.5377,0.0644
ORD-00991,2025-06-04,2025,Q2,6,Asia,Thailand,Electronics,Monitor Ultra,Consumer,14986.2,7813.88,1057.3,971.79,9842.97,5143.23,0.3432,7,June,0.0706,0.5214,0.0648
ORD-00992,2025-09-25,2025,Q3,9,Asia,India,Furniture,Storage Cabinet,SMB,7092.31,3796.34,460.15,376.43,4632.92,2459.39,0.3468,5,September,0.0649,0.5353,0.0531
ORD-00993,2025-12-04,2025,Q4,12,North America,Mexico,Accessories,USB Hub,Consumer,9495.46,5436.28,813.86,663.36,6913.5,2581.96,0.2719,13,December,0.0857,0.5725,0.0699
ORD-00994,2025-02-23,2025,Q1,2,Europe,Germany,Accessories,Wireless Mouse,SMB,13649.02,7402.99,1041.99,805.37,9250.35,4398.67,0.3223,9,February,0.0763,0.5424,0.059
ORD-00995,2025-10-25,2025,Q4,10,Europe,Italy,Accessories,Keyboard Pro,Enterprise,21176.57,11332.83,1343.34,1391.1,14067.27,7109.3,0.3357,2,October,0.0634,0.5352,0.0657
ORD-00996,2025-06-29,2025,Q2,6,Asia,South Korea,Accessories,Wireless Mouse,SMB,14210.21,7542.16,966.7,849.21,9358.07,4852.14,0.3415,5,June,0.068,0.5308,0.0598
ORD-00997,2025-08-01,2025,Q3,8,North America,USA,Electronics,Monitor Ultra,Enterprise,1305.33,646.58,92.98,84.2,823.76,481.57,0.3689,14,August,0.0712,0.4953,0.0645
ORD-00998,2025-11-04,2025,Q4,11,Asia,Singapore,Furniture,Storage Cabinet,Enterprise,15404.8,7997.19,1209.09,797.96,10004.24,5400.56,0.3506,1,November,0.0785,0.5191,0.0518
ORD-00999,2025-10-23,2025,Q4,10,Asia,Japan,Accessories,Keyboard Pro,SMB,16332.58,8684.49,1194.27,702.09,10580.85,5751.73,0.3522,13,October,0.0731,0.5317,0.043
ORD-01000,2025-03-06,2025,Q1,3,North America,USA,Accessories,USB Hub,Consumer,2806.27,1437.49,176.23,114.41,1728.13,1078.14,0.3842,1,March,0.0628,0.5122,0.0408
ORD-01001,2025-11-18,2025,Q4,11,North America,USA,Electronics,Laptop Pro,Consumer,6044.87,3350.27,386.37,324.07,4060.71,1984.16,0.3282,11,November,0.0639,0.5542,0.0536
ORD-01002,2025-07-03,2025,Q3,7,Europe,France,Furniture,Conference Table,Enterprise,14874.39,7504.51,1922.83,945.74,10373.08,4501.31,0.3026,13,July,0.1293,0.5045,0.0636
ORD-01003,2025-05-14,2025,Q2,5,North America,USA,Software,Analytics Suite,Enterprise,17276.13,9395.43,1336.84,744.65,11476.92,5799.21,0.3357,8,May,0.0774,0.5438,0.0431
ORD-01004,2025-11-02,2025,Q4,11,Europe,Germany,Furniture,Conference Table,SMB,16166.12,7909.72,1209.67,821.92,9941.31,6224.81,0.3851,14,November,0.0748,0.4893,0.0508
ORD-01005,2025-04-17,2025,Q2,4,Asia,India,Accessories,Wireless Mouse,SMB,1880.22,1082.86,117.12,113.98,1313.96,566.26,0.3012,7,April,0.0623,0.5759,0.0606
ORD-01006,2025-06-10,2025,Q2,6,North America,Canada,Furniture,Ergonomic Chair,SMB,776.44,386.56,59.8,45.19,491.55,284.89,0.3669,1,June,0.077,0.4979,0.0582
ORD-01007,2025-03-02,2025,Q1,3,Asia,Singapore,Accessories,Wireless Mouse,Enterprise,14517.64,7337.94,924.02,844.68,9106.64,5411.0,0.3727,9,March,0.0636,0.5054,0.0582
ORD-01008,2025-01-12,2025,Q1,1,North America,Mexico,Furniture,Ergonomic Chair,SMB,2597.32,1303.06,181.36,121.02,1605.44,991.88,0.3819,12,January,0.0698,0.5017,0.0466
ORD-01009,2025-12-21,2025,Q4,12,Europe,Italy,Software,CRM Enterprise,Enterprise,25779.29,13272.6,1973.27,1258.79,16504.66,9274.63,0.3598,12,December,0.0765,0.5149,0.0488
ORD-01010,2025-09-11,2025,Q3,9,Asia,Thailand,Accessories,Keyboard Pro,SMB,3609.5,1980.55,312.65,174.82,2468.02,1141.48,0.3162,7,September,0.0866,0.5487,0.0484
ORD-01011,2025-02-22,2025,Q1,2,North America,Mexico,Software,Cloud Platform,Enterprise,25793.19,13639.01,2230.74,1359.61,17229.36,8563.83,0.332,12,February,0.0865,0.5288,0.0527
ORD-01012,2025-05-20,2025,Q2,5,Asia,Thailand,Electronics,Monitor Ultra,SMB,4075.14,2099.89,354.28,263.17,2717.34,1357.8,0.3332,8,May,0.0869,0.5153,0.0646
ORD-01013,2025-03-27,2025,Q1,3,Europe,Netherlands,Software,CRM Enterprise,SMB,11107.55,6306.04,983.14,621.08,7910.26,3197.29,0.2878,7,March,0.0885,0.5677,0.0559
ORD-01014,2025-01-16,2025,Q1,1,Europe,France,Software,CRM Enterprise,Enterprise,10237.13,4988.19,815.99,523.72,6327.9,3909.23,0.3819,13,January,0.0797,0.4873,0.0512
ORD-01015,2025-06-10,2025,Q2,6,Europe,Germany,Software,Analytics Suite,Consumer,5268.61,2774.12,441.81,352.8,3568.73,1699.88,0.3226,9,June,0.0839,0.5265,0.067
ORD-01016,2025-02-03,2025,Q1,2,Asia,Singapore,Furniture,Ergonomic Chair,Enterprise,15541.02,8572.84,1373.64,998.09,10944.57,4596.45,0.2958,11,February,0.0884,0.5516,0.0642
ORD-01017,2025-02-08,2025,Q1,2,North America,Mexico,Accessories,Webcam HD,SMB,14753.06,7373.8,907.16,808.73,9089.69,5663.37,0.3839,1,February,0.0615,0.4998,0.0548
ORD-01018,2025-05-21,2025,Q2,5,Asia,India,Electronics,Monitor Ultra,Enterprise,16597.34,8947.91,1113.56,674.48,10735.95,5861.39,0.3532,1,May,0.0671,0.5391,0.0406
ORD-01019,2025-11-26,2025,Q4,11,North America,USA,Accessories,USB Hub,Enterprise,22866.88,11897.2,1986.56,1544.45,15428.21,7438.67,0.3253,1,November,0.0869,0.5203,0.0675
ORD-01020,2025-06-22,2025,Q2,6,North America,USA,Electronics,Monitor Ultra,Enterprise,22559.09,11764.74,1557.25,1117.03,14439.02,8120.07,0.3599,6,June,0.069,0.5215,0.0495
ORD-01021,2025-07-24,2025,Q3,7,Europe,Netherlands,Software,CRM Enterprise,Consumer,1182.56,602.92,164.08,64.8,831.8,350.76,0.2966,11,July,0.1387,0.5098,0.0548
ORD-01022,2025-03-04,2025,Q1,3,Asia,Thailand,Electronics,Laptop Pro,Enterprise,2148.47,1033.5,135.68,106.75,1275.93,872.54,0.4061,12,March,0.0632,0.481,0.0497
ORD-01023,2025-08-12,2025,Q3,8,Europe,France,Electronics,Smartphone X,Consumer,13583.01,7020.89,1833.49,946.56,9800.94,3782.07,0.2784,15,August,0.135,0.5169,0.0697
ORD-01024,2025-12-19,2025,Q4,12,Europe,Italy,Electronics,Laptop Pro,Enterprise,25620.48,12490.09,1790.36,1495.79,15776.24,9844.24,0.3842,13,December,0.0699,0.4875,0.0584
ORD-01025,2025-07-14,2025,Q3,7,Asia,Japan,Furniture,Storage Cabinet,Enterprise,4196.14,2375.81,346.56,279.61,3001.98,1194.16,0.2846,15,July,0.0826,0.5662,0.0666
ORD-01026,2025-07-31,2025,Q3,7,North America,Canada,Electronics,Smartphone X,Consumer,7429.94,3930.51,508.33,469.42,4908.26,2521.68,0.3394,8,July,0.0684,0.529,0.0632
ORD-01027,2025-04-26,2025,Q2,4,Europe,Italy,Software,Analytics Suite,SMB,10318.17,5853.36,823.23,640.33,7316.92,3001.25,0.2909,4,April,0.0798,0.5673,0.0621
ORD-01028,2025-12-22,2025,Q4,12,Europe,Germany,Accessories,Wireless Mouse,Enterprise,1242.64,623.33,105.07,56.71,785.11,457.53,0.3682,2,December,0.0846,0.5016,0.0456
ORD-01029,2025-06-24,2025,Q2,6,Europe,Netherlands,Software,Security Pro,Consumer,7083.32,3509.08,532.21,477.58,4518.87,2564.45,0.362,4,June,0.0751,0.4954,0.0674
ORD-01030,2025-07-06,2025,Q3,7,Asia,South Korea,Furniture,Storage Cabinet,Enterprise,2691.49,1405.79,216.9,184.49,1807.18,884.31,0.3286,10,July,0.0806,0.5223,0.0685
ORD-01031,2025-11-28,2025,Q4,11,Europe,France,Accessories,Wireless Mouse,Consumer,2097.89,1010.47,154.88,100.7,1266.05,831.84,0.3965,8,November,0.0738,0.4817,0.048
ORD-01032,2025-12-05,2025,Q4,12,North America,Canada,Software,Security Pro,Enterprise,25092.81,12255.5,1830.38,1117.1,15202.98,9889.83,0.3941,9,December,0.0729,0.4884,0.0445
ORD-01033,2025-08-09,2025,Q3,8,North America,Canada,Electronics,Monitor Ultra,SMB,7034.18,3410.97,502.77,477.2,4390.94,2643.24,0.3758,4,August,0.0715,0.4849,0.0678
ORD-01034,2025-05-31,2025,Q2,5,Europe,Spain,Furniture,Conference Table,Consumer,9308.0,4950.57,588.97,386.25,5925.79,3382.21,0.3634,4,May,0.0633,0.5319,0.0415
ORD-01035,2025-02-26,2025,Q1,2,Europe,Germany,Electronics,Laptop Pro,Consumer,4359.58,2121.31,274.79,204.0,2600.1,1759.48,0.4036,10,February,0.063,0.4866,0.0468
ORD-01036,2025-12-25,2025,Q4,12,North America,Canada,Accessories,Webcam HD,Enterprise,6639.08,3733.87,536.11,364.19,4634.17,2004.91,0.302,3,December,0.0808,0.5624,0.0549
ORD-01037,2025-04-15,2025,Q2,4,Asia,Singapore,Software,Analytics Suite,Enterprise,5730.56,3270.88,450.79,356.28,4077.95,1652.61,0.2884,14,April,0.0787,0.5708,0.0622
ORD-01038,2025-12-19,2025,Q4,12,Europe,France,Software,Analytics Suite,Enterprise,5789.69,3300.05,372.02,233.8,3905.87,1883.82,0.3254,8,December,0.0643,0.57,0.0404
ORD-01039,2025-08-08,2025,Q3,8,Asia,India,Furniture,Conference Table,Enterprise,5355.93,2978.03,322.92,270.82,3571.77,1784.16,0.3331,8,August,0.0603,0.556,0.0506
ORD-01040,2025-10-26,2025,Q4,10,Europe,Spain,Furniture,Storage Cabinet,Enterprise,2079.11,1001.59,167.16,101.29,1270.04,809.07,0.3891,4,October,0.0804,0.4817,0.0487
ORD-01041,2025-09-26,2025,Q3,9,North America,USA,Furniture,Office Desk,Enterprise,8850.12,4899.59,651.18,549.1,6099.87,2750.25,0.3108,9,September,0.0736,0.5536,0.062
ORD-01042,2025-05-12,2025,Q2,5,North America,Canada,Software,Security Pro,SMB,835.96,430.74,67.97,55.79,554.5,281.46,0.3367,13,May,0.0813,0.5153,0.0667
ORD-01043,2025-12-06,2025,Q4,12,North America,Canada,Electronics,Tablet Air,Consumer,8029.98,4368.15,517.43,420.04,5305.62,2724.36,0.3393,4,December,0.0644,0.544,0.0523
ORD-01044,2025-12-04,2025,Q4,12,Europe,Italy,Accessories,Wireless Mouse,Enterprise,15974.95,8779.52,1164.92,737.87,10682.31,5292.64,0.3313,2,December,0.0729,0.5496,0.0462
ORD-01045,2025-04-10,2025,Q2,4,Asia,India,Software,CRM Enterprise,Consumer,3036.81,1734.12,213.99,151.65,2099.76,937.05,0.3086,10,April,0.0705,0.571,0.0499
ORD-01046,2025-08-02,2025,Q3,8,Asia,Singapore,Furniture,Office Desk,Consumer,8041.13,4135.77,630.19,426.21,5192.17,2848.96,0.3543,8,August,0.0784,0.5143,0.053
ORD-01047,2025-10-18,2025,Q4,10,Asia,Singapore,Electronics,Laptop Pro,SMB,16733.85,8278.46,1345.87,932.0,10556.33,6177.52,0.3692,5,October,0.0804,0.4947,0.0557
ORD-01048,2025-11-16,2025,Q4,11,North America,Mexico,Furniture,Conference Table,SMB,5615.72,3144.68,339.57,231.53,3715.78,1899.94,0.3383,5,November,0.0605,0.56,0.0412
ORD-01049,2025-10-31,2025,Q4,10,Europe,Germany,Accessories,USB Hub,Enterprise,12131.43,6624.07,728.12,576.76,7928.95,4202.48,0.3464,6,October,0.06,0.546,0.0475
ORD-01050,2025-05-26,2025,Q2,5,North America,Mexico,Furniture,Office Desk,Consumer,4424.7,2564.52,291.6,254.67,3110.79,1313.91,0.2969,2,May,0.0659,0.5796,0.0576
ORD-01051,2025-05-29,2025,Q2,5,Europe,Germany,Accessories,USB Hub,Enterprise,22085.61,12008.04,1605.11,1524.07,15137.22,6948.39,0.3146,2,May,0.0727,0.5437,0.069
ORD-01052,2025-05-14,2025,Q2,5,Asia,Thailand,Software,Cloud Platform,Consumer,6819.34,3870.61,573.72,301.25,4745.58,2073.76,0.3041,13,May,0.0841,0.5676,0.0442
ORD-01053,2025-04-13,2025,Q2,4,Asia,Japan,Accessories,Keyboard Pro,SMB,5906.93,3010.96,518.71,318.0,3847.67,2059.26,0.3486,3,April,0.0878,0.5097,0.0538
ORD-01054,2025-07-12,2025,Q3,7,Asia,India,Furniture,Storage Cabinet,Consumer,5042.28,2891.69,410.33,272.54,3574.56,1467.72,0.2911,7,July,0.0814,0.5735,0.0541
ORD-01055,2025-08-27,2025,Q3,8,Asia,South Korea,Accessories,Wireless Mouse,Consumer,883.12,491.61,55.33,39.05,585.99,297.13,0.3365,15,August,0.0627,0.5567,0.0442
ORD-01056,2025-06-04,2025,Q2,6,Europe,Netherlands,Software,Cloud Platform,Consumer,8377.41,4494.96,576.37,524.93,5596.26,2781.15,0.332,7,June,0.0688,0.5366,0.0627
ORD-01057,2025-03-06,2025,Q1,3,Asia,India,Accessories,Webcam HD,Enterprise,3109.6,1576.62,278.57,134.37,1989.56,1120.04,0.3602,10,March,0.0896,0.507,0.0432
ORD-01058,2025-02-19,2025,Q1,2,Asia,Thailand,Accessories,USB Hub,Enterprise,4069.65,2191.35,306.55,250.32,2748.22,1321.43,0.3247,12,February,0.0753,0.5385,0.0615
ORD-01059,2025-04-15,2025,Q2,4,North America,USA,Accessories,Keyboard Pro,Enterprise,24260.87,13197.11,1568.3,1427.68,16193.09,8067.78,0.3325,12,April,0.0646,0.544,0.0588
ORD-01060,2025-01-04,2025,Q1,1,Asia,Thailand,Furniture,Office Desk,Enterprise,900.93,486.84,57.33,38.66,582.83,318.1,0.3531,4,January,0.0636,0.5404,0.0429
ORD-01061,2025-02-23,2025,Q1,2,Asia,India,Accessories,Webcam HD,Enterprise,25069.76,12785.39,1867.99,1141.21,15794.59,9275.17,0.37,4,February,0.0745,0.51,0.0455
ORD-01062,2025-10-07,2025,Q4,10,Asia,Thailand,Accessories,Wireless Mouse,SMB,3144.69,1516.26,202.05,196.03,1914.34,1230.35,0.3912,4,October,0.0643,0.4822,0.0623
ORD-01063,2025-03-29,2025,Q1,3,North America,Mexico,Furniture,Storage Cabinet,SMB,5646.63,3087.31,501.27,309.37,3897.95,1748.68,0.3097,11,March,0.0888,0.5468,0.0548
ORD-01064,2025-05-21,2025,Q2,5,Asia,South Korea,Electronics,Monitor Ultra,SMB,14754.79,7300.92,1010.74,643.36,8955.02,5799.77,0.3931,7,May,0.0685,0.4948,0.0436
ORD-01065,2025-01-06,2025,Q1,1,North America,Canada,Electronics,Monitor Ultra,Enterprise,24601.63,12681.47,1578.91,1635.34,15895.72,8705.91,0.3539,8,January,0.0642,0.5155,0.0665
ORD-01066,2025-05-22,2025,Q2,5,Europe,France,Software,Cloud Platform,SMB,16304.38,8682.17,1229.21,737.53,10648.91,5655.47,0.3469,3,May,0.0754,0.5325,0.0452
ORD-01067,2025-06-30,2025,Q2,6,North America,Mexico,Software,CRM Enterprise,Consumer,12950.63,6397.66,1082.01,773.84,8253.51,4697.12,0.3627,15,June,0.0835,0.494,0.0598
ORD-01068,2025-07-21,2025,Q3,7,Europe,Spain,Accessories,Webcam HD,Consumer,10055.09,5405.66,1368.75,636.1,7410.51,2644.58,0.263,9,July,0.1361,0.5376,0.0633
ORD-01069,2025-05-13,2025,Q2,5,Europe,Italy,Software,CRM Enterprise,Enterprise,2072.65,1171.47,134.26,88.91,1394.64,678.01,0.3271,2,May,0.0648,0.5652,0.0429
ORD-01070,2025-09-13,2025,Q3,9,North America,Canada,Software,Cloud Platform,Consumer,12036.27,5904.31,1040.21,744.38,7688.9,4347.37,0.3612,7,September,0.0864,0.4905,0.0618
ORD-01071,2025-08-04,2025,Q3,8,Europe,Germany,Software,Analytics Suite,Enterprise,23001.53,11208.37,2955.6,1338.6,15502.57,7498.96,0.326,14,August,0.1285,0.4873,0.0582
ORD-01072,2025-01-16,2025,Q1,1,Europe,Italy,Electronics,Monitor Ultra,SMB,2917.97,1586.62,223.79,133.85,1944.26,973.71,0.3337,8,January,0.0767,0.5437,0.0459
ORD-01073,2025-08-13,2025,Q3,8,North America,Canada,Furniture,Ergonomic Chair,Consumer,2850.3,1600.11,240.17,130.45,1970.73,879.57,0.3086,10,August,0.0843,0.5614,0.0458
ORD-01074,2025-01-13,2025,Q1,1,North America,Mexico,Electronics,Smartphone X,Enterprise,22041.23,12548.71,1560.23,1151.45,15260.39,6780.84,0.3076,9,January,0.0708,0.5693,0.0522
ORD-01075,2025-02-06,2025,Q1,2,Asia,Japan,Accessories,Keyboard Pro,Enterprise,15786.66,8325.46,1113.96,924.38,10363.8,5422.86,0.3435,9,February,0.0706,0.5274,0.0586
ORD-01076,2025-03-12,2025,Q1,3,Europe,Spain,Accessories,Webcam HD,Enterprise,15754.88,7762.73,1189.77,677.89,9630.39,6124.49,0.3887,8,March,0.0755,0.4927,0.043
ORD-01077,2025-04-29,2025,Q2,4,Europe,Netherlands,Software,Analytics Suite,Enterprise,22336.66,11369.13,1895.14,1155.09,14419.36,7917.3,0.3545,6,April,0.0848,0.509,0.0517
ORD-01078,2025-02-04,2025,Q1,2,Europe,Italy,Electronics,Smartphone X,Consumer,14011.23,7426.02,1008.48,584.26,9018.76,4992.47,0.3563,12,February,0.072,0.53,0.0417
ORD-01079,2025-02-26,2025,Q1,2,North America,Canada,Software,Analytics Suite,Enterprise,9722.98,4920.68,680.96,611.98,6213.62,3509.36,0.3609,3,February,0.07,0.5061,0.0629
ORD-01080,2025-04-15,2025,Q2,4,North America,Mexico,Software,Analytics Suite,Enterprise,13781.79,7725.6,1060.04,803.48,9589.12,4192.67,0.3042,14,April,0.0769,0.5606,0.0583
ORD-01081,2025-01-19,2025,Q1,1,Asia,India,Accessories,Wireless Mouse,Consumer,7442.19,3668.6,608.03,320.92,4597.55,2844.64,0.3822,8,January,0.0817,0.4929,0.0431
ORD-01082,2025-09-17,2025,Q3,9,Europe,Italy,Accessories,Webcam HD,SMB,14198.83,8059.89,1470.87,964.63,10495.39,3703.44,0.2608,1,September,0.1036,0.5676,0.0679
ORD-01083,2025-04-11,2025,Q2,4,North America,Mexico,Accessories,Wireless Mouse,Consumer,7491.51,3885.94,534.27,327.81,4748.02,2743.49,0.3662,12,April,0.0713,0.5187,0.0438
ORD-01084,2025-08-07,2025,Q3,8,North America,USA,Electronics,Monitor Ultra,Enterprise,24315.53,14060.54,1727.16,1113.88,16901.58,7413.95,0.3049,7,August,0.071,0.5783,0.0458
ORD-01085,2025-01-30,2025,Q1,1,Europe,France,Electronics,Laptop Pro,Enterprise,11681.01,6485.96,983.92,655.15,8125.03,3555.98,0.3044,1,January,0.0842,0.5553,0.0561
ORD-01086,2025-01-08,2025,Q1,1,North America,USA,Electronics,Laptop Pro,Enterprise,4207.28,2095.48,257.96,212.43,2565.87,1641.41,0.3901,11,January,0.0613,0.4981,0.0505
ORD-01087,2025-05-06,2025,Q2,5,Asia,Japan,Accessories,Webcam HD,Consumer,2274.46,1109.21,153.54,128.07,1390.82,883.64,0.3885,8,May,0.0675,0.4877,0.0563
ORD-01088,2025-12-28,2025,Q4,12,North America,Canada,Furniture,Storage Cabinet,Consumer,4889.42,2526.33,374.25,323.04,3223.62,1665.8,0.3407,4,December,0.0765,0.5167,0.0661
ORD-01089,2025-09-27,2025,Q3,9,Asia,Singapore,Electronics,Laptop Pro,SMB,16267.4,8956.02,1279.53,787.24,11022.79,5244.61,0.3224,4,September,0.0787,0.5506,0.0484
ORD-01090,2025-03-12,2025,Q1,3,North America,USA,Software,Cloud Platform,Enterprise,10619.38,5964.25,682.39,736.32,7382.96,3236.42,0.3048,12,March,0.0643,0.5616,0.0693
ORD-01091,2025-08-14,2025,Q3,8,North America,Canada,Electronics,Laptop Pro,SMB,15152.06,7682.55,1176.51,742.64,9601.7,5550.36,0.3663,2,August,0.0776,0.507,0.049
ORD-01092,2025-01-31,2025,Q1,1,Asia,Thailand,Accessories,Webcam HD,Enterprise,23418.37,12141.64,1436.31,1081.27,14659.22,8759.15,0.374,3,January,0.0613,0.5185,0.0462
ORD-01093,2025-12-04,2025,Q4,12,Asia,Thailand,Electronics,Tablet Air,Enterprise,15034.43,7739.43,913.79,875.94,9529.16,5505.27,0.3662,15,December,0.0608,0.5148,0.0583
ORD-01094,2025-06-22,2025,Q2,6,Asia,Thailand,Furniture,Office Desk,SMB,13228.68,7171.97,1137.3,839.74,9149.01,4079.67,0.3084,15,June,0.086,0.5422,0.0635
ORD-01095,2025-01-30,2025,Q1,1,Europe,Netherlands,Accessories,USB Hub,Consumer,7220.79,3879.44,556.36,401.24,4837.04,2383.75,0.3301,3,January,0.077,0.5373,0.0556
ORD-01096,2025-07-15,2025,Q3,7,Asia,Japan,Furniture,Office Desk,SMB,14512.85,8346.29,908.01,689.33,9943.63,4569.22,0.3148,9,July,0.0626,0.5751,0.0475
ORD-01097,2025-06-01,2025,Q2,6,Asia,Thailand,Accessories,Wireless Mouse,Consumer,4476.91,2269.23,302.26,266.78,2838.27,1638.64,0.366,13,June,0.0675,0.5069,0.0596
ORD-01098,2025-11-08,2025,Q4,11,Europe,Germany,Software,Security Pro,SMB,15348.11,8048.26,928.84,618.01,9595.11,5753.0,0.3748,1,November,0.0605,0.5244,0.0403
ORD-01099,2025-07-03,2025,Q3,7,Asia,Thailand,Furniture,Storage Cabinet,Enterprise,16026.79,7820.35,1392.91,906.21,10119.47,5907.32,0.3686,2,July,0.0869,0.488,0.0565
ORD-01100,2025-08-14,2025,Q3,8,Europe,Italy,Software,Security Pro,SMB,2813.67,1527.92,280.89,164.71,1973.52,840.15,0.2986,1,August,0.0998,0.543,0.0585
ORD-01101,2025-04-30,2025,Q2,4,Europe,Germany,Furniture,Storage Cabinet,Consumer,5101.35,2730.96,340.97,349.7,3421.63,1679.72,0.3293,5,April,0.0668,0.5353,0.0686
ORD-01102,2025-05-12,2025,Q2,5,Europe,Italy,Electronics,Smartphone X,SMB,2499.44,1326.44,158.45,105.79,1590.68,908.76,0.3636,4,May,0.0634,0.5307,0.0423
ORD-01103,2025-06-16,2025,Q2,6,North America,Canada,Accessories,Wireless Mouse,Consumer,6683.89,3397.48,405.99,389.06,4192.53,2491.36,0.3727,6,June,0.0607,0.5083,0.0582
ORD-01104,2025-06-21,2025,Q2,6,Asia,Singapore,Accessories,USB Hub,Consumer,951.78,491.91,65.41,42.36,599.68,352.1,0.3699,10,June,0.0687,0.5168,0.0445
ORD-01105,2025-01-14,2025,Q1,1,Europe,Netherlands,Furniture,Conference Table,Consumer,10878.64,6028.99,908.41,667.79,7605.19,3273.45,0.3009,4,January,0.0835,0.5542,0.0614
ORD-01106,2025-07-13,2025,Q3,7,North America,USA,Furniture,Storage Cabinet,Consumer,1637.45,798.64,144.2,76.53,1019.37,618.08,0.3775,9,July,0.0881,0.4877,0.0467
ORD-01107,2025-10-22,2025,Q4,10,North America,Mexico,Accessories,Wireless Mouse,Consumer,12073.98,6528.52,963.21,671.44,8163.17,3910.81,0.3239,6,October,0.0798,0.5407,0.0556
ORD-01108,2025-05-18,2025,Q2,5,Europe,Netherlands,Software,Cloud Platform,SMB,4829.48,2688.88,342.21,259.22,3290.31,1539.17,0.3187,12,May,0.0709,0.5568,0.0537
ORD-01109,2025-03-01,2025,Q1,3,North America,USA,Accessories,Webcam HD,SMB,1986.61,1064.91,123.75,101.06,1289.72,696.89,0.3508,8,March,0.0623,0.536,0.0509
ORD-01110,2025-11-06,2025,Q4,11,Europe,Spain,Accessories,Keyboard Pro,Consumer,12503.41,7235.4,1097.44,592.02,8924.86,3578.55,0.2862,15,November,0.0878,0.5787,0.0473
ORD-01111,2025-07-28,2025,Q3,7,North America,Mexico,Furniture,Conference Table,SMB,6543.35,3218.0,472.79,360.87,4051.66,2491.69,0.3808,3,July,0.0723,0.4918,0.0552
ORD-01112,2025-10-22,2025,Q4,10,Asia,Japan,Furniture,Storage Cabinet,Enterprise,5252.72,2741.2,435.79,322.21,3499.2,1753.52,0.3338,8,October,0.083,0.5219,0.0613
ORD-01113,2025-02-21,2025,Q1,2,Europe,Germany,Accessories,Wireless Mouse,Consumer,2920.57,1423.2,220.35,163.2,1806.75,1113.82,0.3814,7,February,0.0754,0.4873,0.0559
ORD-01114,2025-08-05,2025,Q3,8,Asia,Japan,Accessories,Keyboard Pro,Consumer,4754.18,2442.13,402.88,238.18,3083.19,1670.99,0.3515,10,August,0.0847,0.5137,0.0501
ORD-01115,2025-11-12,2025,Q4,11,Europe,Germany,Electronics,Tablet Air,SMB,16445.73,8931.4,1352.18,872.79,11156.37,5289.36,0.3216,13,November,0.0822,0.5431,0.0531
ORD-01116,2025-09-02,2025,Q3,9,North America,USA,Furniture,Office Desk,Enterprise,24275.14,13092.93,1725.87,1443.94,16262.74,8012.4,0.3301,7,September,0.0711,0.5394,0.0595
ORD-01117,2025-06-14,2025,Q2,6,Asia,Japan,Software,Analytics Suite,Enterprise,8660.8,4452.62,666.22,579.57,5698.41,2962.39,0.342,10,June,0.0769,0.5141,0.0669
ORD-01118,2025-09-18,2025,Q3,9,Asia,Singapore,Software,CRM Enterprise,SMB,13777.02,7926.63,843.95,941.68,9712.26,4064.76,0.295,15,September,0.0613,0.5754,0.0684
ORD-01119,2025-04-18,2025,Q2,4,Asia,Thailand,Software,Security Pro,Enterprise,9965.72,4948.57,684.0,544.12,6176.69,3789.03,0.3802,4,April,0.0686,0.4966,0.0546
ORD-01120,2025-03-28,2025,Q1,3,Asia,Singapore,Electronics,Smartphone X,Consumer,4540.12,2222.83,347.61,250.89,2821.33,1718.79,0.3786,3,March,0.0766,0.4896,0.0553
ORD-01121,2025-01-15,2025,Q1,1,North America,USA,Furniture,Office Desk,SMB,15085.58,7279.96,997.07,1029.65,9306.68,5778.9,0.3831,10,January,0.0661,0.4826,0.0683
ORD-01122,2025-08-07,2025,Q3,8,North America,Canada,Furniture,Storage Cabinet,SMB,16573.12,9142.15,1451.4,722.56,11316.11,5257.01,0.3172,15,August,0.0876,0.5516,0.0436
ORD-01123,2025-08-10,2025,Q3,8,Asia,Singapore,Electronics,Smartphone X,SMB,13330.43,6553.85,941.28,564.84,8059.97,5270.46,0.3954,13,August,0.0706,0.4916,0.0424
ORD-01124,2025-04-24,2025,Q2,4,North America,USA,Software,Cloud Platform,Consumer,5362.39,2817.11,440.07,322.61,3579.79,1782.6,0.3324,2,April,0.0821,0.5253,0.0602
ORD-01125,2025-12-28,2025,Q4,12,North America,Canada,Electronics,Monitor Ultra,Enterprise,25234.8,14116.85,1754.47,1646.39,17517.71,7717.09,0.3058,11,December,0.0695,0.5594,0.0652
ORD-01126,2025-11-17,2025,Q4,11,Europe,Germany,Furniture,Ergonomic Chair,Consumer,5955.03,3420.07,477.6,285.59,4183.26,1771.77,0.2975,3,November,0.0802,0.5743,0.048
ORD-01127,2025-09-06,2025,Q3,9,Europe,Spain,Software,Cloud Platform,Enterprise,17467.57,8539.39,2043.85,1077.72,11660.96,5806.61,0.3324,4,September,0.117,0.4889,0.0617
ORD-01128,2025-01-02,2025,Q1,1,Asia,India,Accessories,Keyboard Pro,Consumer,3082.67,1608.59,209.29,158.48,1976.36,1106.31,0.3589,10,January,0.0679,0.5218,0.0514
ORD-01129,2025-05-01,2025,Q2,5,North America,Canada,Accessories,Keyboard Pro,SMB,15228.04,8641.97,1218.84,833.08,10693.89,4534.15,0.2978,11,May,0.08,0.5675,0.0547
ORD-01130,2025-07-20,2025,Q3,7,North America,Canada,Accessories,USB Hub,Enterprise,6614.09,3811.64,574.79,416.15,4802.58,1811.51,0.2739,7,July,0.0869,0.5763,0.0629
ORD-01131,2025-08-17,2025,Q3,8,Asia,Japan,Accessories,Wireless Mouse,Enterprise,13029.61,6669.73,826.16,793.62,8289.51,4740.1,0.3638,12,August,0.0634,0.5119,0.0609
ORD-01132,2025-03-07,2025,Q1,3,Asia,South Korea,Accessories,Keyboard Pro,Enterprise,8493.28,4507.8,736.32,539.19,5783.31,2709.97,0.3191,1,March,0.0867,0.5307,0.0635
ORD-01133,2025-10-15,2025,Q4,10,Asia,Singapore,Software,CRM Enterprise,SMB,14677.13,7669.09,995.42,611.14,9275.65,5401.48,0.368,8,October,0.0678,0.5225,0.0416
ORD-01134,2025-04-23,2025,Q2,4,Asia,India,Software,CRM Enterprise,SMB,4450.79,2526.1,338.62,282.12,3146.84,1303.95,0.293,2,April,0.0761,0.5676,0.0634
ORD-01135,2025-11-11,2025,Q4,11,North America,Canada,Furniture,Office Desk,Consumer,806.21,417.55,67.25,40.31,525.11,281.1,0.3487,6,November,0.0834,0.5179,0.05
ORD-01136,2025-10-11,2025,Q4,10,Europe,Germany,Furniture,Conference Table,Consumer,3377.38,1674.16,256.92,222.2,2153.28,1224.1,0.3624,4,October,0.0761,0.4957,0.0658
ORD-01137,2025-05-29,2025,Q2,5,Europe,Italy,Software,CRM Enterprise,Enterprise,15332.03,7740.69,926.2,1002.17,9669.06,5662.97,0.3694,13,May,0.0604,0.5049,0.0654
ORD-01138,2025-09-27,2025,Q3,9,Europe,Netherlands,Accessories,Webcam HD,Enterprise,4996.28,2548.83,518.09,315.63,3382.55,1613.73,0.323,4,September,0.1037,0.5101,0.0632
ORD-01139,2025-01-18,2025,Q1,1,Asia,India,Accessories,Webcam HD,Enterprise,22257.52,12634.75,1911.02,941.4,15487.17,6770.35,0.3042,9,January,0.0859,0.5677,0.0423
ORD-01140,2025-12-27,2025,Q4,12,North America,Canada,Electronics,Laptop Pro,Consumer,12538.65,6776.98,809.44,778.35,8364.77,4173.88,0.3329,13,December,0.0646,0.5405,0.0621
ORD-01141,2025-07-20,2025,Q3,7,Europe,Netherlands,Software,Security Pro,SMB,9514.99,4589.49,1006.15,438.45,6034.09,3480.9,0.3658,5,July,0.1057,0.4823,0.0461
ORD-01142,2025-12-02,2025,Q4,12,North America,Canada,Accessories,USB Hub,SMB,2219.29,1279.84,170.51,120.95,1571.3,647.99,0.292,15,December,0.0768,0.5767,0.0545
ORD-01143,2025-12-26,2025,Q4,12,North America,Mexico,Furniture,Storage Cabinet,Enterprise,26821.32,14825.64,2374.86,1686.55,18887.05,7934.27,0.2958,12,December,0.0885,0.5528,0.0629
ORD-01144,2025-02-25,2025,Q1,2,Asia,Japan,Electronics,Monitor Ultra,Enterprise,12568.93,6632.38,795.22,619.88,8047.48,4521.45,0.3597,3,February,0.0633,0.5277,0.0493
ORD-01145,2025-11-19,2025,Q4,11,Europe,Germany,Furniture,Ergonomic Chair,SMB,10925.33,5335.81,787.67,711.7,6835.18,4090.15,0.3744,9,November,0.0721,0.4884,0.0651
ORD-01146,2025-10-18,2025,Q4,10,Europe,Germany,Accessories,USB Hub,SMB,6019.32,3092.65,388.36,298.82,3779.83,2239.49,0.3721,10,October,0.0645,0.5138,0.0496
ORD-01147,2025-11-03,2025,Q4,11,Asia,India,Software,Cloud Platform,Consumer,12023.09,6427.05,834.29,716.1,7977.44,4045.65,0.3365,6,November,0.0694,0.5346,0.0596
ORD-01148,2025-08-25,2025,Q3,8,North America,Canada,Electronics,Laptop Pro,SMB,12767.05,6607.82,1055.92,572.77,8236.51,4530.54,0.3549,12,August,0.0827,0.5176,0.0449
ORD-01149,2025-03-04,2025,Q1,3,Europe,France,Accessories,Wireless Mouse,Enterprise,24011.62,12714.6,1891.75,1338.35,15944.7,8066.92,0.336,3,March,0.0788,0.5295,0.0557
ORD-01150,2025-10-08,2025,Q4,10,Asia,South Korea,Electronics,Tablet Air,Enterprise,12266.01,6248.58,1075.23,739.65,8063.46,4202.55,0.3426,9,October,0.0877,0.5094,0.0603
ORD-01151,2025-06-15,2025,Q2,6,North America,Canada,Furniture,Ergonomic Chair,SMB,9704.57,4856.62,761.03,596.19,6213.84,3490.73,0.3597,9,June,0.0784,0.5004,0.0614
ORD-01152,2025-11-06,2025,Q4,11,Asia,South Korea,Accessories,Keyboard Pro,SMB,16731.18,9235.83,1431.72,737.18,11404.73,5326.45,0.3184,9,November,0.0856,0.552,0.0441
ORD-01153,2025-08-31,2025,Q3,8,Europe,Italy,Accessories,Keyboard Pro,Enterprise,13179.88,7635.51,1229.16,804.55,9669.22,3510.66,0.2664,4,August,0.0933,0.5793,0.061
ORD-01154,2025-12-22,2025,Q4,12,Europe,Netherlands,Accessories,USB Hub,Enterprise,2494.91,1314.49,161.4,126.03,1601.92,892.99,0.3579,9,December,0.0647,0.5269,0.0505
ORD-01155,2025-04-26,2025,Q2,4,Asia,India,Furniture,Conference Table,SMB,14881.13,8434.76,1153.79,731.74,10320.29,4560.84,0.3065,10,April,0.0775,0.5668,0.0492
ORD-01156,2025-07-26,2025,Q3,7,Asia,Thailand,Furniture,Office Desk,Consumer,2710.12,1498.87,185.37,129.78,1814.02,896.1,0.3306,2,July,0.0684,0.5531,0.0479
ORD-01157,2025-03-06,2025,Q1,3,North America,Mexico,Accessories,USB Hub,Consumer,11693.69,6305.44,798.88,750.96,7855.28,3838.41,0.3282,14,March,0.0683,0.5392,0.0642
ORD-01158,2025-11-12,2025,Q4,11,North America,Canada,Furniture,Ergonomic Chair,Enterprise,21345.82,12357.28,1339.24,1368.28,15064.8,6281.02,0.2943,3,November,0.0627,0.5789,0.0641
ORD-01159,2025-03-15,2025,Q1,3,Europe,Spain,Electronics,Tablet Air,Enterprise,24284.38,11783.24,1829.86,1291.7,14904.8,9379.58,0.3862,11,March,0.0754,0.4852,0.0532
ORD-01160,2025-08-30,2025,Q3,8,Asia,Singapore,Electronics,Smartphone X,Consumer,6202.08,3456.99,503.53,314.13,4274.65,1927.43,0.3108,14,August,0.0812,0.5574,0.0506
ORD-01161,2025-09-25,2025,Q3,9,Asia,Thailand,Electronics,Smartphone X,Enterprise,25577.29,14409.23,2080.47,1667.54,18157.24,7420.05,0.2901,9,September,0.0813,0.5634,0.0652
ORD-01162,2025-08-15,2025,Q3,8,Asia,Singapore,Electronics,Monitor Ultra,Consumer,5548.62,2677.37,393.79,299.53,3370.69,2177.93,0.3925,11,August,0.071,0.4825,0.054
ORD-01163,2025-06-27,2025,Q2,6,North America,Canada,Furniture,Ergonomic Chair,SMB,7111.18,4076.98,639.03,326.23,5042.24,2068.94,0.2909,6,June,0.0899,0.5733,0.0459
ORD-01164,2025-09-27,2025,Q3,9,Europe,Germany,Software,Security Pro,Enterprise,24678.16,14105.56,2872.04,996.75,17974.35,6703.81,0.2716,5,September,0.1164,0.5716,0.0404
ORD-01165,2025-01-18,2025,Q1,1,North America,Canada,Accessories,Webcam HD,Enterprise,26888.76,14800.28,1834.49,1121.71,17756.48,9132.28,0.3396,10,January,0.0682,0.5504,0.0417
ORD-01166,2025-01-16,2025,Q1,1,North America,Canada,Accessories,Webcam HD,Enterprise,13257.0,7523.27,1093.94,851.4,9468.61,3788.39,0.2858,1,January,0.0825,0.5675,0.0642
ORD-01167,2025-07-09,2025,Q3,7,Europe,Netherlands,Furniture,Ergonomic Chair,Enterprise,3061.72,1724.99,301.74,163.19,2189.92,871.8,0.2847,12,July,0.0986,0.5634,0.0533
ORD-01168,2025-02-01,2025,Q1,2,Asia,India,Software,Cloud Platform,Consumer,9403.05,4529.15,800.37,615.4,5944.92,3458.13,0.3678,6,February,0.0851,0.4817,0.0654
ORD-01169,2025-12-30,2025,Q4,12,Europe,Netherlands,Software,Analytics Suite,Consumer,6346.01,3577.7,508.25,266.21,4352.16,1993.85,0.3142,14,December,0.0801,0.5638,0.0419
ORD-01170,2025-09-14,2025,Q3,9,Europe,Italy,Electronics,Smartphone X,SMB,1374.45,743.37,171.84,71.85,987.06,387.39,0.2819,11,September,0.125,0.5408,0.0523
ORD-01171,2025-01-02,2025,Q1,1,Asia,Singapore,Software,Analytics Suite,SMB,8712.79,4910.62,545.27,591.67,6047.56,2665.23,0.3059,2,January,0.0626,0.5636,0.0679
ORD-01172,2025-03-01,2025,Q1,3,Europe,France,Electronics,Smartphone X,SMB,10885.98,6276.6,903.55,693.02,7873.17,3012.81,0.2768,4,March,0.083,0.5766,0.0637
ORD-01173,2025-11-23,2025,Q4,11,Asia,South Korea,Electronics,Smartphone X,SMB,15169.16,8255.54,1320.39,693.73,10269.66,4899.5,0.323,13,November,0.087,0.5442,0.0457
ORD-01174,2025-03-09,2025,Q1,3,Asia,India,Accessories,USB Hub,Enterprise,8180.94,4389.11,592.46,532.24,5513.81,2667.13,0.326,5,March,0.0724,0.5365,0.0651
ORD-01175,2025-04-13,2025,Q2,4,Europe,Italy,Software,CRM Enterprise,SMB,2207.97,1138.24,156.56,139.48,1434.28,773.69,0.3504,9,April,0.0709,0.5155,0.0632
ORD-01176,2025-08-19,2025,Q3,8,North America,Mexico,Furniture,Office Desk,Consumer,6092.37,3252.08,404.05,372.03,4028.16,2064.21,0.3388,6,August,0.0663,0.5338,0.0611
ORD-01177,2025-11-27,2025,Q4,11,North America,Canada,Furniture,Conference Table,Consumer,14543.11,7782.91,1196.81,699.07,9678.79,4864.32,0.3345,9,November,0.0823,0.5352,0.0481
ORD-01178,2025-04-18,2025,Q2,4,Asia,Japan,Accessories,USB Hub,Enterprise,24962.1,13272.42,1970.34,1354.35,16597.11,8364.99,0.3351,8,April,0.0789,0.5317,0.0543
ORD-01179,2025-10-28,2025,Q4,10,Asia,Singapore,Accessories,Wireless Mouse,SMB,12802.42,6951.04,1102.03,515.13,8568.2,4234.22,0.3307,7,October,0.0861,0.5429,0.0402
ORD-01180,2025-09-01,2025,Q3,9,Asia,Singapore,Electronics,Smartphone X,SMB,5929.2,3122.81,388.87,241.04,3752.72,2176.48,0.3671,13,September,0.0656,0.5267,0.0407
ORD-01181,2025-11-12,2025,Q4,11,Asia,Thailand,Accessories,Webcam HD,SMB,15113.28,7636.1,1076.01,757.72,9469.83,5643.45,0.3734,11,November,0.0712,0.5053,0.0501
ORD-01182,2025-07-25,2025,Q3,7,Asia,India,Furniture,Office Desk,SMB,8010.56,4060.84,619.41,462.95,5143.2,2867.36,0.3579,3,July,0.0773,0.5069,0.0578
ORD-01183,2025-09-20,2025,Q3,9,Europe,Italy,Furniture,Ergonomic Chair,Enterprise,18214.91,10179.53,1739.55,777.99,12697.07,5517.84,0.3029,13,September,0.0955,0.5589,0.0427
ORD-01184,2025-03-14,2025,Q1,3,Asia,South Korea,Accessories,Keyboard Pro,SMB,614.67,304.11,53.16,30.14,387.41,227.26,0.3697,2,March,0.0865,0.4948,0.049
ORD-01185,2025-04-05,2025,Q2,4,Europe,France,Accessories,Wireless Mouse,Consumer,4048.62,2220.55,345.63,207.4,2773.58,1275.04,0.3149,8,April,0.0854,0.5485,0.0512
ORD-01186,2025-03-23,2025,Q1,3,Asia,India,Accessories,Webcam HD,Consumer,3581.13,1888.08,255.29,193.04,2336.41,1244.72,0.3476,4,March,0.0713,0.5272,0.0539
ORD-01187,2025-02-19,2025,Q1,2,Asia,Japan,Software,Cloud Platform,SMB,14054.73,8008.42,1188.94,870.14,10067.5,3987.23,0.2837,7,February,0.0846,0.5698,0.0619
ORD-01188,2025-11-02,2025,Q4,11,Asia,Thailand,Electronics,Tablet Air,SMB,12255.85,7071.9,745.24,815.84,8632.98,3622.87,0.2956,3,November,0.0608,0.577,0.0666
ORD-01189,2025-05-01,2025,Q2,5,Asia,Singapore,Software,Analytics Suite,Consumer,9187.97,4776.07,572.58,430.94,5779.59,3408.38,0.371,8,May,0.0623,0.5198,0.0469
ORD-01190,2025-04-07,2025,Q2,4,Europe,France,Software,CRM Enterprise,Enterprise,9763.21,5324.9,710.48,473.99,6509.37,3253.84,0.3333,7,April,0.0728,0.5454,0.0485
ORD-01191,2025-12-12,2025,Q4,12,Asia,India,Software,CRM Enterprise,Enterprise,5168.47,2833.53,439.46,278.83,3551.82,1616.65,0.3128,2,December,0.085,0.5482,0.0539
ORD-01192,2025-06-27,2025,Q2,6,North America,Mexico,Electronics,Monitor Ultra,Enterprise,5099.07,2513.2,383.5,308.95,3205.65,1893.42,0.3713,1,June,0.0752,0.4929,0.0606
ORD-01193,2025-09-06,2025,Q3,9,North America,Mexico,Accessories,Webcam HD,Enterprise,8807.11,4455.21,695.97,511.77,5662.95,3144.16,0.357,13,September,0.079,0.5059,0.0581
ORD-01194,2025-08-19,2025,Q3,8,North America,Canada,Accessories,USB Hub,Consumer,14590.67,7166.46,953.72,769.25,8889.43,5701.24,0.3907,13,August,0.0654,0.4912,0.0527
ORD-01195,2025-07-16,2025,Q3,7,North America,USA,Furniture,Office Desk,SMB,17098.7,9417.22,1158.18,948.07,11523.47,5575.23,0.3261,10,July,0.0677,0.5508,0.0554
ORD-01196,2025-08-21,2025,Q3,8,Asia,India,Accessories,USB Hub,Enterprise,4072.49,2154.19,289.2,271.53,2714.92,1357.57,0.3334,11,August,0.071,0.529,0.0667
ORD-01197,2025-07-09,2025,Q3,7,Asia,South Korea,Software,Security Pro,Enterprise,15065.74,7500.82,1065.25,610.55,9176.62,5889.12,0.3909,6,July,0.0707,0.4979,0.0405
ORD-01198,2025-06-02,2025,Q2,6,North America,USA,Electronics,Tablet Air,Consumer,1030.88,570.97,69.54,43.83,684.34,346.54,0.3362,2,June,0.0675,0.5539,0.0425
ORD-01199,2025-03-06,2025,Q1,3,North America,USA,Accessories,Webcam HD,SMB,6609.72,3475.41,518.98,446.57,4440.96,2168.76,0.3281,15,March,0.0785,0.5258,0.0676
ORD-01200,2025-09-26,2025,Q3,9,North America,Canada,Electronics,Laptop Pro,SMB,7086.64,3505.58,632.87,419.06,4557.51,2529.13,0.3569,15,September,0.0893,0.4947,0.0591
ORD-01201,2025-02-21,2025,Q1,2,Asia,Thailand,Electronics,Tablet Air,Consumer,11364.37,5935.08,689.49,778.58,7403.15,3961.22,0.3486,5,February,0.0607,0.5223,0.0685
ORD-01202,2025-12-01,2025,Q4,12,North America,USA,Accessories,Wireless Mouse,Enterprise,15800.36,9156.18,1239.81,887.58,11283.57,4516.79,0.2859,13,December,0.0785,0.5795,0.0562
ORD-01203,2025-05-05,2025,Q2,5,North America,USA,Software,CRM Enterprise,Enterprise,20754.77,10869.16,1710.32,1314.8,13894.28,6860.49,0.3306,5,May,0.0824,0.5237,0.0633
ORD-01204,2025-09-14,2025,Q3,9,North America,USA,Accessories,Keyboard Pro,Consumer,4631.23,2225.33,306.65,293.9,2825.88,1805.35,0.3898,11,September,0.0662,0.4805,0.0635
ORD-01205,2025-03-08,2025,Q1,3,Asia,Singapore,Accessories,USB Hub,Enterprise,6676.55,3216.81,465.61,279.83,3962.25,2714.3,0.4065,5,March,0.0697,0.4818,0.0419
ORD-01206,2025-12-31,2025,Q4,12,North America,Canada,Accessories,USB Hub,Consumer,6141.07,3518.76,370.78,308.39,4197.93,1943.14,0.3164,6,December,0.0604,0.573,0.0502
ORD-01207,2025-08-16,2025,Q3,8,Europe,Spain,Accessories,Keyboard Pro,Consumer,10617.02,5810.68,1113.62,434.96,7359.26,3257.76,0.3068,14,August,0.1049,0.5473,0.041
ORD-01208,2025-10-20,2025,Q4,10,Europe,Spain,Software,Analytics Suite,Enterprise,20423.08,10884.67,1411.66,1276.97,13573.3,6849.78,0.3354,8,October,0.0691,0.533,0.0625
ORD-01209,2025-12-12,2025,Q4,12,Asia,India,Furniture,Ergonomic Chair,Consumer,5598.58,2928.92,503.17,227.87,3659.96,1938.62,0.3463,5,December,0.0899,0.5232,0.0407
ORD-01210,2025-10-12,2025,Q4,10,North America,Canada,Furniture,Storage Cabinet,Consumer,2409.61,1302.91,206.0,103.39,1612.3,797.31,0.3309,4,October,0.0855,0.5407,0.0429
ORD-01211,2025-04-19,2025,Q2,4,Europe,Netherlands,Software,Cloud Platform,Enterprise,20915.43,12098.28,1869.15,1181.77,15149.2,5766.23,0.2757,6,April,0.0894,0.5784,0.0565
ORD-01212,2025-04-22,2025,Q2,4,Asia,Thailand,Software,Security Pro,SMB,11566.8,6320.37,932.35,682.37,7935.09,3631.71,0.314,11,April,0.0806,0.5464,0.059
ORD-01213,2025-06-12,2025,Q2,6,North America,Mexico,Accessories,Keyboard Pro,SMB,9210.1,4848.12,780.87,492.59,6121.58,3088.52,0.3353,15,June,0.0848,0.5264,0.0535
ORD-01214,2025-04-01,2025,Q2,4,Asia,Singapore,Electronics,Tablet Air,SMB,12017.72,6589.74,756.51,689.87,8036.12,3981.6,0.3313,7,April,0.0629,0.5483,0.0574
ORD-01215,2025-08-03,2025,Q3,8,Asia,Japan,Electronics,Smartphone X,Enterprise,16813.33,8916.72,1049.41,960.34,10926.47,5886.86,0.3501,7,August,0.0624,0.5303,0.0571
ORD-01216,2025-01-12,2025,Q1,1,Asia,Thailand,Furniture,Ergonomic Chair,Consumer,9569.68,5248.36,847.45,389.31,6485.12,3084.56,0.3223,10,January,0.0886,0.5484,0.0407
ORD-01217,2025-12-01,2025,Q4,12,Asia,Thailand,Furniture,Ergonomic Chair,SMB,7021.72,3984.58,458.21,478.28,4921.07,2100.65,0.2992,15,December,0.0653,0.5675,0.0681
ORD-01218,2025-04-13,2025,Q2,4,Asia,Japan,Software,Analytics Suite,Enterprise,6302.89,3316.06,424.51,366.18,4106.75,2196.14,0.3484,4,April,0.0674,0.5261,0.0581
ORD-01219,2025-04-01,2025,Q2,4,Asia,Thailand,Electronics,Tablet Air,Enterprise,7290.94,4026.09,452.73,455.38,4934.2,2356.74,0.3232,11,April,0.0621,0.5522,0.0625
ORD-01220,2025-12-13,2025,Q4,12,Asia,Thailand,Accessories,Webcam HD,Enterprise,21337.42,12285.18,1845.7,1197.46,15328.34,6009.08,0.2816,12,December,0.0865,0.5758,0.0561
ORD-01221,2025-11-07,2025,Q4,11,North America,Mexico,Electronics,Monitor Ultra,SMB,15002.92,7291.1,1265.49,972.93,9529.52,5473.4,0.3648,12,November,0.0843,0.486,0.0648
ORD-01222,2025-01-21,2025,Q1,1,Asia,South Korea,Accessories,Webcam HD,Enterprise,3604.56,2035.52,298.23,206.88,2540.63,1063.93,0.2952,13,January,0.0827,0.5647,0.0574
ORD-01223,2025-02-27,2025,Q1,2,North America,USA,Software,CRM Enterprise,Consumer,5427.6,3100.78,455.19,251.31,3807.28,1620.32,0.2985,2,February,0.0839,0.5713,0.0463
ORD-01224,2025-06-18,2025,Q2,6,North America,Mexico,Electronics,Monitor Ultra,Consumer,7627.87,3848.05,517.17,372.69,4737.91,2889.96,0.3789,8,June,0.0678,0.5045,0.0489
ORD-01225,2025-06-19,2025,Q2,6,Asia,Singapore,Software,Analytics Suite,Enterprise,4763.43,2423.84,317.39,243.53,2984.76,1778.67,0.3734,6,June,0.0666,0.5088,0.0511
ORD-01226,2025-05-30,2025,Q2,5,Asia,Japan,Software,CRM Enterprise,Consumer,6878.0,3504.26,566.14,418.54,4488.94,2389.06,0.3473,3,May,0.0823,0.5095,0.0609
ORD-01227,2025-11-08,2025,Q4,11,Asia,South Korea,Software,Cloud Platform,Enterprise,23108.99,12440.1,1489.4,932.73,14862.23,8246.76,0.3569,6,November,0.0645,0.5383,0.0404
ORD-01228,2025-09-18,2025,Q3,9,North America,Mexico,Accessories,Webcam HD,Consumer,13550.06,7821.64,1074.73,780.67,9677.04,3873.02,0.2858,9,September,0.0793,0.5772,0.0576
ORD-01229,2025-06-10,2025,Q2,6,North America,Canada,Accessories,Webcam HD,Consumer,2952.25,1572.14,192.67,197.55,1962.36,989.89,0.3353,1,June,0.0653,0.5325,0.0669
ORD-01230,2025-12-09,2025,Q4,12,Europe,Italy,Furniture,Conference Table,Enterprise,6754.49,3430.14,562.92,430.11,4423.17,2331.32,0.3452,11,December,0.0833,0.5078,0.0637
ORD-01231,2025-04-11,2025,Q2,4,Asia,South Korea,Accessories,Wireless Mouse,Consumer,12763.32,7125.87,966.48,597.98,8690.33,4072.99,0.3191,4,April,0.0757,0.5583,0.0469
ORD-01232,2025-07-06,2025,Q3,7,North America,USA,Accessories,Wireless Mouse,SMB,9429.05,4781.92,837.77,616.64,6236.33,3192.72,0.3386,9,July,0.0888,0.5071,0.0654
ORD-01233,2025-02-10,2025,Q1,2,Europe,Spain,Furniture,Ergonomic Chair,SMB,14472.5,7211.19,1274.88,951.21,9437.28,5035.22,0.3479,4,February,0.0881,0.4983,0.0657
ORD-01234,2025-12-20,2025,Q4,12,North America,Canada,Furniture,Office Desk,Consumer,4353.57,2210.51,358.27,269.92,2838.7,1514.87,0.348,15,December,0.0823,0.5077,0.062
ORD-01235,2025-02-02,2025,Q1,2,Europe,Netherlands,Software,Analytics Suite,Enterprise,6840.0,3683.8,529.68,368.87,4582.35,2257.65,0.3301,9,February,0.0774,0.5386,0.0539
ORD-01236,2025-01-27,2025,Q1,1,Asia,India,Furniture,Storage Cabinet,Enterprise,12433.54,6559.98,783.27,717.18,8060.43,4373.11,0.3517,10,January,0.063,0.5276,0.0577
ORD-01237,2025-09-07,2025,Q3,9,Asia,Thailand,Electronics,Monitor Ultra,Enterprise,19691.52,10323.56,1561.12,1135.57,13020.25,6671.27,0.3388,11,September,0.0793,0.5243,0.0577
ORD-01238,2025-11-11,2025,Q4,11,Asia,India,Software,CRM Enterprise,Consumer,4425.78,2403.7,309.18,241.2,2954.08,1471.7,0.3325,5,November,0.0699,0.5431,0.0545
ORD-01239,2025-11-27,2025,Q4,11,Asia,Singapore,Furniture,Conference Table,SMB,12394.46,6572.86,976.41,537.23,8086.5,4307.96,0.3476,13,November,0.0788,0.5303,0.0433
ORD-01240,2025-04-04,2025,Q2,4,Asia,India,Software,CRM Enterprise,SMB,3438.48,1673.01,250.87,168.96,2092.84,1345.64,0.3913,15,April,0.073,0.4866,0.0491
ORD-01241,2025-08-15,2025,Q3,8,Asia,Thailand,Furniture,Ergonomic Chair,Enterprise,20810.45,10432.73,1561.9,1032.21,13026.84,7783.61,0.374,9,August,0.0751,0.5013,0.0496
ORD-01242,2025-08-30,2025,Q3,8,Europe,Italy,Furniture,Ergonomic Chair,SMB,3321.15,1848.68,430.22,217.77,2496.67,824.48,0.2483,10,August,0.1295,0.5566,0.0656
ORD-01243,2025-12-06,2025,Q4,12,Europe,Italy,Accessories,Webcam HD,Consumer,4406.06,2525.92,326.75,289.42,3142.09,1263.97,0.2869,5,December,0.0742,0.5733,0.0657
ORD-01244,2025-07-09,2025,Q3,7,Europe,Italy,Software,Security Pro,Consumer,5072.53,2591.06,604.61,318.96,3514.63,1557.9,0.3071,1,July,0.1192,0.5108,0.0629
ORD-01245,2025-07-26,2025,Q3,7,Europe,Spain,Software,Cloud Platform,SMB,13946.65,6721.56,1753.82,645.15,9120.53,4826.12,0.346,12,July,0.1258,0.4819,0.0463
ORD-01246,2025-05-12,2025,Q2,5,Asia,Singapore,Electronics,Tablet Air,SMB,14362.01,7361.51,1102.99,660.42,9124.92,5237.09,0.3646,4,May,0.0768,0.5126,0.046
ORD-01247,2025-11-13,2025,Q4,11,North America,Canada,Software,Analytics Suite,Enterprise,7245.9,3713.87,539.03,446.62,4699.52,2546.38,0.3514,8,November,0.0744,0.5125,0.0616
ORD-01248,2025-01-24,2025,Q1,1,North America,Canada,Accessories,Keyboard Pro,SMB,17772.57,9572.51,1097.98,740.82,11411.31,6361.26,0.3579,6,January,0.0618,0.5386,0.0417
ORD-01249,2025-05-22,2025,Q2,5,North America,Canada,Accessories,USB Hub,Enterprise,13215.05,7507.27,822.24,916.01,9245.52,3969.53,0.3004,12,May,0.0622,0.5681,0.0693
ORD-01250,2025-07-31,2025,Q3,7,Europe,France,Software,Cloud Platform,Consumer,1776.07,896.07,212.48,111.69,1220.24,555.83,0.313,5,July,0.1196,0.5045,0.0629
ORD-01251,2025-10-13,2025,Q4,10,North America,Canada,Electronics,Smartphone X,Enterprise,23625.93,12992.49,1941.38,1623.48,16557.35,7068.58,0.2992,6,October,0.0822,0.5499,0.0687
ORD-01252,2025-08-17,2025,Q3,8,North America,USA,Furniture,Conference Table,SMB,4561.67,2354.83,300.93,315.41,2971.17,1590.5,0.3487,5,August,0.066,0.5162,0.0691
ORD-01253,2025-05-11,2025,Q2,5,North America,Mexico,Electronics,Smartphone X,Enterprise,17662.47,9232.76,1486.86,1129.39,11849.01,5813.46,0.3291,14,May,0.0842,0.5227,0.0639
ORD-01254,2025-09-28,2025,Q3,9,Europe,Netherlands,Software,Analytics Suite,Consumer,6839.5,3304.9,796.43,437.37,4538.7,2300.8,0.3364,13,September,0.1164,0.4832,0.0639
ORD-01255,2025-10-03,2025,Q4,10,Asia,Singapore,Software,Analytics Suite,Consumer,1595.51,780.55,122.45,69.2,972.2,623.31,0.3907,3,October,0.0767,0.4892,0.0434
ORD-01256,2025-09-20,2025,Q3,9,Europe,Netherlands,Accessories,Keyboard Pro,Enterprise,20921.71,10944.03,2215.07,1120.12,14279.22,6642.49,0.3175,15,September,0.1059,0.5231,0.0535
ORD-01257,2025-03-19,2025,Q1,3,North America,Canada,Electronics,Smartphone X,Consumer,8840.74,4644.97,737.61,549.75,5932.33,2908.41,0.329,7,March,0.0834,0.5254,0.0622
ORD-01258,2025-01-11,2025,Q1,1,Asia,Thailand,Software,Analytics Suite,Consumer,12509.23,6028.04,835.08,660.67,7523.79,4985.44,0.3985,5,January,0.0668,0.4819,0.0528
ORD-01259,2025-04-25,2025,Q2,4,North America,Mexico,Software,CRM Enterprise,Consumer,10148.33,5652.54,783.79,513.9,6950.23,3198.1,0.3151,15,April,0.0772,0.557,0.0506
ORD-01260,2025-10-23,2025,Q4,10,Europe,France,Furniture,Ergonomic Chair,SMB,3759.61,1814.47,293.47,245.66,2353.6,1406.01,0.374,13,October,0.0781,0.4826,0.0653
ORD-01261,2025-03-07,2025,Q1,3,North America,Canada,Electronics,Tablet Air,SMB,16755.3,9145.32,1106.71,752.29,11004.32,5750.98,0.3432,5,March,0.0661,0.5458,0.0449
ORD-01262,2025-04-30,2025,Q2,4,Europe,Italy,Electronics,Smartphone X,SMB,2742.12,1576.17,166.62,181.05,1923.84,818.28,0.2984,14,April,0.0608,0.5748,0.066
ORD-01263,2025-04-17,2025,Q2,4,Asia,India,Accessories,Webcam HD,SMB,4056.3,2259.76,315.2,177.42,2752.38,1303.92,0.3215,3,April,0.0777,0.5571,0.0437
ORD-01264,2025-09-17,2025,Q3,9,North America,Mexico,Electronics,Smartphone X,Enterprise,4041.35,2137.52,315.81,252.55,2705.88,1335.47,0.3305,6,September,0.0781,0.5289,0.0625
ORD-01265,2025-08-01,2025,Q3,8,Europe,France,Electronics,Tablet Air,SMB,5041.95,2476.6,576.03,202.78,3255.41,1786.54,0.3543,13,August,0.1142,0.4912,0.0402
ORD-01266,2025-08-04,2025,Q3,8,Asia,India,Software,Security Pro,SMB,15155.7,7932.72,1294.82,742.95,9970.49,5185.21,0.3421,12,August,0.0854,0.5234,0.049
ORD-01267,2025-02-13,2025,Q1,2,North America,Mexico,Accessories,Webcam HD,Enterprise,25729.17,13056.82,2043.43,1278.69,16378.94,9350.23,0.3634,3,February,0.0794,0.5075,0.0497
ORD-01268,2025-05-08,2025,Q2,5,Europe,Netherlands,Electronics,Smartphone X,Consumer,2758.5,1515.81,228.59,115.4,1859.8,898.7,0.3258,13,May,0.0829,0.5495,0.0418
ORD-01269,2025-04-18,2025,Q2,4,North America,Mexico,Software,Security Pro,Consumer,6515.71,3230.15,424.65,443.65,4098.45,2417.26,0.371,3,April,0.0652,0.4957,0.0681
ORD-01270,2025-12-09,2025,Q4,12,Europe,Italy,Electronics,Smartphone X,Enterprise,13886.2,7090.38,1093.67,934.12,9118.17,4768.03,0.3434,5,December,0.0788,0.5106,0.0673
ORD-01271,2025-11-15,2025,Q4,11,Asia,India,Electronics,Tablet Air,Enterprise,24098.21,11649.61,2076.32,1624.4,15350.33,8747.88,0.363,1,November,0.0862,0.4834,0.0674
ORD-01272,2025-10-04,2025,Q4,10,Asia,Thailand,Furniture,Ergonomic Chair,Enterprise,1289.89,734.88,80.96,89.84,905.68,384.21,0.2979,2,October,0.0628,0.5697,0.0696
ORD-01273,2025-09-01,2025,Q3,9,Asia,South Korea,Accessories,Keyboard Pro,Consumer,12236.66,5874.48,909.03,819.69,7603.2,4633.46,0.3787,5,September,0.0743,0.4801,0.067
ORD-01274,2025-03-07,2025,Q1,3,Asia,Thailand,Software,Analytics Suite,SMB,9174.75,5166.38,707.71,401.62,6275.71,2899.04,0.316,9,March,0.0771,0.5631,0.0438
ORD-01275,2025-03-08,2025,Q1,3,Europe,France,Electronics,Laptop Pro,Consumer,6355.66,3614.41,401.4,297.36,4313.17,2042.49,0.3214,3,March,0.0632,0.5687,0.0468
ORD-01276,2025-12-04,2025,Q4,12,Asia,Singapore,Accessories,USB Hub,Enterprise,9459.34,4894.99,608.77,587.35,6091.11,3368.23,0.3561,14,December,0.0644,0.5175,0.0621
ORD-01277,2025-01-18,2025,Q1,1,North America,Canada,Electronics,Smartphone X,Enterprise,1273.8,692.26,108.35,60.04,860.65,413.15,0.3243,7,January,0.0851,0.5435,0.0471
ORD-01278,2025-06-15,2025,Q2,6,Europe,Netherlands,Accessories,Webcam HD,SMB,3866.82,2192.3,344.62,201.73,2738.65,1128.17,0.2918,4,June,0.0891,0.567,0.0522
ORD-01279,2025-08-21,2025,Q3,8,North America,Canada,Accessories,Wireless Mouse,Consumer,4549.93,2533.63,399.1,228.03,3160.76,1389.17,0.3053,15,August,0.0877,0.5569,0.0501
ORD-01280,2025-04-06,2025,Q2,4,Asia,Singapore,Accessories,Webcam HD,Consumer,1899.3,1074.28,157.45,90.95,1322.68,576.62,0.3036,13,April,0.0829,0.5656,0.0479
ORD-01281,2025-07-07,2025,Q3,7,Asia,India,Furniture,Office Desk,Enterprise,26349.79,14835.14,1676.07,1617.37,18128.58,8221.21,0.312,3,July,0.0636,0.563,0.0614
ORD-01282,2025-06-27,2025,Q2,6,Asia,South Korea,Accessories,Wireless Mouse,Consumer,3147.88,1769.12,272.51,174.16,2215.79,932.09,0.2961,3,June,0.0866,0.562,0.0553
ORD-01283,2025-12-15,2025,Q4,12,Europe,Germany,Furniture,Conference Table,Consumer,9213.58,4562.35,790.5,513.67,5866.52,3347.06,0.3633,13,December,0.0858,0.4952,0.0558
ORD-01284,2025-09-30,2025,Q3,9,Asia,Thailand,Furniture,Ergonomic Chair,SMB,3362.25,1842.64,265.78,221.13,2329.55,1032.7,0.3071,4,September,0.079,0.548,0.0658
ORD-01285,2025-03-19,2025,Q1,3,North America,Mexico,Accessories,Keyboard Pro,SMB,1451.07,837.14,104.52,75.01,1016.67,434.4,0.2994,9,March,0.072,0.5769,0.0517
ORD-01286,2025-08-04,2025,Q3,8,Asia,South Korea,Software,Cloud Platform,Consumer,14103.08,6769.98,952.52,799.26,8521.76,5581.32,0.3958,5,August,0.0675,0.48,0.0567
ORD-01287,2025-04-17,2025,Q2,4,North America,Mexico,Electronics,Laptop Pro,SMB,3041.28,1606.08,197.1,210.34,2013.52,1027.76,0.3379,4,April,0.0648,0.5281,0.0692
ORD-01288,2025-07-20,2025,Q3,7,Europe,Spain,Accessories,Keyboard Pro,Enterprise,22675.99,11044.41,3124.66,1094.94,15264.01,7411.98,0.3269,15,July,0.1378,0.4871,0.0483
ORD-01289,2025-07-25,2025,Q3,7,Europe,Netherlands,Furniture,Ergonomic Chair,SMB,3077.91,1562.18,333.11,181.91,2077.2,1000.71,0.3251,9,July,0.1082,0.5075,0.0591
ORD-01290,2025-06-09,2025,Q2,6,North America,USA,Accessories,Keyboard Pro,Consumer,6854.94,3854.01,522.61,399.65,4776.27,2078.67,0.3032,3,June,0.0762,0.5622,0.0583
ORD-01291,2025-02-06,2025,Q1,2,North America,Canada,Software,Analytics Suite,SMB,15180.81,7674.58,1196.35,801.2,9672.13,5508.68,0.3629,3,February,0.0788,0.5055,0.0528
ORD-01292,2025-12-30,2025,Q4,12,North America,Canada,Software,Cloud Platform,Consumer,1994.23,1156.17,155.75,115.61,1427.53,566.7,0.2842,6,December,0.0781,0.5798,0.058
ORD-01293,2025-05-04,2025,Q2,5,North America,Canada,Accessories,Webcam HD,Enterprise,17553.36,9944.27,1200.76,1083.42,12228.45,5324.91,0.3034,5,May,0.0684,0.5665,0.0617
ORD-01294,2025-05-09,2025,Q2,5,North America,Mexico,Software,CRM Enterprise,Consumer,12626.3,7301.9,789.05,543.36,8634.31,3991.99,0.3162,13,May,0.0625,0.5783,0.043
ORD-01295,2025-09-06,2025,Q3,9,Europe,Netherlands,Accessories,Keyboard Pro,Consumer,6789.62,3439.46,946.3,439.88,4825.64,1963.98,0.2893,8,September,0.1394,0.5066,0.0648
ORD-01296,2025-10-15,2025,Q4,10,North America,Mexico,Accessories,Webcam HD,Enterprise,16603.39,8949.79,1391.5,1139.36,11480.65,5122.74,0.3085,10,October,0.0838,0.539,0.0686
ORD-01297,2025-02-18,2025,Q1,2,Europe,France,Software,CRM Enterprise,SMB,13098.23,6339.37,1040.17,696.92,8076.46,5021.77,0.3834,8,February,0.0794,0.484,0.0532
ORD-01298,2025-10-21,2025,Q4,10,North America,USA,Accessories,Webcam HD,Consumer,13667.18,6855.51,894.14,805.21,8554.86,5112.32,0.3741,6,October,0.0654,0.5016,0.0589
ORD-01299,2025-02-20,2025,Q1,2,Asia,South Korea,Electronics,Monitor Ultra,SMB,6839.45,3750.08,482.67,471.7,4704.45,2135.0,0.3122,5,February,0.0706,0.5483,0.069
ORD-01300,2025-08-17,2025,Q3,8,Europe,Italy,Accessories,USB Hub,Enterprise,6364.84,3545.73,753.91,316.06,4615.7,1749.14,0.2748,7,August,0.1184,0.5571,0.0497
ORD-01301,2025-06-28,2025,Q2,6,Europe,Spain,Electronics,Tablet Air,SMB,11325.41,6274.12,963.65,530.34,7768.11,3557.3,0.3141,14,June,0.0851,0.554,0.0468
ORD-01302,2025-06-06,2025,Q2,6,Europe,Germany,Accessories,USB Hub,Consumer,7709.29,3844.0,551.07,369.59,4764.66,2944.63,0.382,12,June,0.0715,0.4986,0.0479
ORD-01303,2025-09-06,2025,Q3,9,Asia,Singapore,Accessories,USB Hub,Enterprise,25937.95,13287.39,1643.02,1490.28,16420.69,9517.26,0.3669,15,September,0.0633,0.5123,0.0575
ORD-01304,2025-09-17,2025,Q3,9,North America,Mexico,Software,Cloud Platform,SMB,11361.4,5539.74,713.51,697.02,6950.27,4411.13,0.3883,15,September,0.0628,0.4876,0.0613
ORD-01305,2025-12-06,2025,Q4,12,Asia,Singapore,Furniture,Conference Table,Consumer,5630.09,2777.34,402.87,367.93,3548.14,2081.95,0.3698,12,December,0.0716,0.4933,0.0654
ORD-01306,2025-05-31,2025,Q2,5,North America,Mexico,Electronics,Tablet Air,Enterprise,12450.19,6026.85,951.69,747.33,7725.87,4724.32,0.3795,5,May,0.0764,0.4841,0.06
ORD-01307,2025-01-14,2025,Q1,1,Asia,Japan,Furniture,Ergonomic Chair,Enterprise,12393.29,6954.53,797.65,606.08,8358.26,4035.03,0.3256,1,January,0.0644,0.5612,0.0489
ORD-01308,2025-11-10,2025,Q4,11,Asia,South Korea,Accessories,Keyboard Pro,SMB,3837.41,2040.95,276.25,219.74,2536.94,1300.47,0.3389,15,November,0.072,0.5319,0.0573
ORD-01309,2025-07-18,2025,Q3,7,North America,Canada,Software,Security Pro,SMB,7041.98,4013.96,620.45,349.31,4983.72,2058.26,0.2923,6,July,0.0881,0.57,0.0496
ORD-01310,2025-02-09,2025,Q1,2,North America,USA,Software,Cloud Platform,Consumer,8894.9,4355.49,778.52,618.77,5752.78,3142.12,0.3532,12,February,0.0875,0.4897,0.0696
ORD-01311,2025-09-01,2025,Q3,9,North America,Canada,Electronics,Smartphone X,Consumer,5550.97,3054.22,495.67,358.77,3908.66,1642.31,0.2959,4,September,0.0893,0.5502,0.0646
ORD-01312,2025-08-27,2025,Q3,8,Asia,Thailand,Electronics,Monitor Ultra,Consumer,6849.13,3692.41,424.23,478.57,4595.21,2253.92,0.3291,1,August,0.0619,0.5391,0.0699
ORD-01313,2025-10-14,2025,Q4,10,Asia,Thailand,Electronics,Tablet Air,SMB,15695.84,7766.11,1262.89,658.63,9687.63,6008.21,0.3828,12,October,0.0805,0.4948,0.042
ORD-01314,2025-05-22,2025,Q2,5,North America,Canada,Electronics,Monitor Ultra,SMB,12853.39,7381.38,1151.49,597.12,9129.99,3723.4,0.2897,8,May,0.0896,0.5743,0.0465
ORD-01315,2025-06-08,2025,Q2,6,North America,Mexico,Software,Security Pro,Enterprise,15773.28,8952.86,1394.17,699.18,11046.21,4727.07,0.2997,9,June,0.0884,0.5676,0.0443
ORD-01316,2025-12-15,2025,Q4,12,North America,Canada,Electronics,Laptop Pro,Consumer,11439.76,6163.11,952.23,481.96,7597.3,3842.46,0.3359,2,December,0.0832,0.5387,0.0421
ORD-01317,2025-09-29,2025,Q3,9,Asia,Japan,Furniture,Ergonomic Chair,Consumer,11719.15,6784.91,996.97,479.13,8261.01,3458.14,0.2951,15,September,0.0851,0.579,0.0409
ORD-01318,2025-09-11,2025,Q3,9,North America,USA,Software,Analytics Suite,Enterprise,25594.44,13754.46,2264.36,1321.28,17340.1,8254.34,0.3225,7,September,0.0885,0.5374,0.0516
ORD-01319,2025-07-15,2025,Q3,7,North America,Canada,Furniture,Conference Table,Enterprise,3402.03,1753.8,276.31,225.8,2255.91,1146.12,0.3369,8,July,0.0812,0.5155,0.0664
ORD-01320,2025-02-16,2025,Q1,2,Europe,Italy,Accessories,Keyboard Pro,Enterprise,10066.34,5483.36,628.61,539.07,6651.04,3415.3,0.3393,2,February,0.0624,0.5447,0.0536
ORD-01321,2025-09-26,2025,Q3,9,Asia,India,Electronics,Laptop Pro,Consumer,5910.63,2936.7,525.5,330.25,3792.45,2118.18,0.3584,1,September,0.0889,0.4969,0.0559
ORD-01322,2025-06-17,2025,Q2,6,Asia,Singapore,Electronics,Tablet Air,Enterprise,25844.08,12892.27,2032.02,1174.71,16099.0,9745.08,0.3771,4,June,0.0786,0.4988,0.0455
ORD-01323,2025-06-26,2025,Q2,6,Europe,France,Software,Cloud Platform,SMB,12890.8,7321.55,842.09,573.2,8736.84,4153.96,0.3222,14,June,0.0653,0.568,0.0445
ORD-01324,2025-08-16,2025,Q3,8,Europe,Netherlands,Electronics,Laptop Pro,SMB,16869.57,8279.2,2104.66,973.43,11357.29,5512.28,0.3268,3,August,0.1248,0.4908,0.0577
ORD-01325,2025-02-21,2025,Q1,2,Asia,Japan,Furniture,Conference Table,SMB,16757.75,8962.01,1200.95,895.5,11058.46,5699.29,0.3401,2,February,0.0717,0.5348,0.0534
ORD-01326,2025-12-09,2025,Q4,12,North America,USA,Software,Cloud Platform,SMB,3060.04,1762.7,228.66,195.3,2186.66,873.38,0.2854,1,December,0.0747,0.576,0.0638
ORD-01327,2025-07-03,2025,Q3,7,Europe,Spain,Electronics,Laptop Pro,Consumer,9994.66,5708.82,1191.16,610.34,7510.32,2484.34,0.2486,9,July,0.1192,0.5712,0.0611
ORD-01328,2025-07-21,2025,Q3,7,North America,Mexico,Furniture,Conference Table,SMB,2957.28,1645.29,203.43,173.86,2022.58,934.7,0.3161,7,July,0.0688,0.5564,0.0588
ORD-01329,2025-08-11,2025,Q3,8,Asia,India,Accessories,Wireless Mouse,SMB,2415.14,1294.82,189.08,118.77,1602.67,812.47,0.3364,13,August,0.0783,0.5361,0.0492
ORD-01330,2025-05-28,2025,Q2,5,North America,Mexico,Electronics,Laptop Pro,Enterprise,25610.95,13079.82,1988.03,1716.15,16784.0,8826.95,0.3447,9,May,0.0776,0.5107,0.067
ORD-01331,2025-03-30,2025,Q1,3,North America,Canada,Electronics,Laptop Pro,Enterprise,26132.65,13549.52,1843.74,1466.9,16860.16,9272.49,0.3548,14,March,0.0706,0.5185,0.0561
ORD-01332,2025-12-17,2025,Q4,12,Asia,Thailand,Furniture,Conference Table,Consumer,10638.16,6075.09,669.77,728.7,7473.56,3164.6,0.2975,15,December,0.063,0.5711,0.0685
ORD-01333,2025-04-24,2025,Q2,4,North America,Canada,Electronics,Smartphone X,SMB,4197.22,2283.47,253.8,283.99,2821.26,1375.96,0.3278,4,April,0.0605,0.544,0.0677
ORD-01334,2025-12-19,2025,Q4,12,Europe,Italy,Electronics,Smartphone X,Consumer,12297.75,6925.24,1101.04,856.08,8882.36,3415.39,0.2777,14,December,0.0895,0.5631,0.0696
ORD-01335,2025-04-27,2025,Q2,4,Asia,South Korea,Electronics,Smartphone X,Enterprise,16527.42,8960.78,1119.66,1118.33,11198.77,5328.65,0.3224,11,April,0.0677,0.5422,0.0677
ORD-01336,2025-10-20,2025,Q4,10,North America,Mexico,Software,Cloud Platform,Consumer,11181.19,5671.79,902.42,586.75,7160.96,4020.23,0.3596,7,October,0.0807,0.5073,0.0525
ORD-01337,2025-07-13,2025,Q3,7,Asia,Japan,Accessories,USB Hub,Consumer,651.23,357.69,39.89,41.04,438.62,212.61,0.3265,3,July,0.0613,0.5493,0.063
ORD-01338,2025-12-06,2025,Q4,12,North America,USA,Electronics,Laptop Pro,Enterprise,5047.91,2822.38,312.95,283.23,3418.56,1629.35,0.3228,3,December,0.062,0.5591,0.0561
ORD-01339,2025-05-12,2025,Q2,5,North America,Mexico,Accessories,USB Hub,Consumer,4653.36,2631.71,315.71,292.37,3239.79,1413.57,0.3038,7,May,0.0678,0.5656,0.0628
ORD-01340,2025-04-14,2025,Q2,4,Europe,Netherlands,Accessories,Keyboard Pro,Enterprise,14425.69,6975.82,1072.76,625.24,8673.82,5751.87,0.3987,1,April,0.0744,0.4836,0.0433
ORD-01341,2025-07-18,2025,Q3,7,Europe,Germany,Electronics,Smartphone X,SMB,11306.58,5922.51,1126.57,654.76,7703.84,3602.74,0.3186,1,July,0.0996,0.5238,0.0579
ORD-01342,2025-12-06,2025,Q4,12,North America,USA,Furniture,Conference Table,Enterprise,15745.72,9051.57,1105.99,1078.78,11236.34,4509.38,0.2864,15,December,0.0702,0.5749,0.0685
ORD-01343,2025-03-31,2025,Q1,3,Asia,South Korea,Furniture,Office Desk,SMB,7212.6,4144.95,542.16,337.24,5024.35,2188.25,0.3034,11,March,0.0752,0.5747,0.0468
ORD-01344,2025-04-10,2025,Q2,4,Asia,South Korea,Electronics,Monitor Ultra,Enterprise,22913.32,12377.0,1572.64,1027.27,14976.91,7936.41,0.3464,9,April,0.0686,0.5402,0.0448
ORD-01345,2025-06-12,2025,Q2,6,Europe,Germany,Electronics,Monitor Ultra,Consumer,8246.97,4468.69,536.86,560.66,5566.21,2680.76,0.3251,6,June,0.0651,0.5419,0.068
ORD-01346,2025-01-20,2025,Q1,1,Europe,Germany,Furniture,Office Desk,SMB,659.52,320.42,47.24,37.6,405.26,254.26,0.3855,14,January,0.0716,0.4858,0.057
ORD-01347,2025-04-25,2025,Q2,4,North America,USA,Electronics,Laptop Pro,Consumer,12447.98,6568.09,960.3,642.09,8170.48,4277.5,0.3436,11,April,0.0771,0.5276,0.0516
ORD-01348,2025-11-12,2025,Q4,11,Asia,South Korea,Furniture,Storage Cabinet,Consumer,4125.61,2384.66,326.34,224.33,2935.33,1190.28,0.2885,15,November,0.0791,0.578,0.0544
ORD-01349,2025-03-20,2025,Q1,3,Asia,Thailand,Software,Cloud Platform,Enterprise,8387.14,4638.91,745.54,433.23,5817.68,2569.46,0.3064,5,March,0.0889,0.5531,0.0517
ORD-01350,2025-03-24,2025,Q1,3,Asia,India,Accessories,USB Hub,Enterprise,2010.68,1047.64,173.71,131.8,1353.15,657.53,0.327,7,March,0.0864,0.521,0.0655
ORD-01351,2025-03-06,2025,Q1,3,North America,Canada,Furniture,Storage Cabinet,SMB,15975.02,8403.79,1175.27,1095.43,10674.49,5300.53,0.3318,8,March,0.0736,0.5261,0.0686
ORD-01352,2025-07-06,2025,Q3,7,Asia,Singapore,Accessories,Keyboard Pro,Consumer,8184.08,4129.69,666.0,466.92,5262.61,2921.47,0.357,14,July,0.0814,0.5046,0.0571
ORD-01353,2025-12-04,2025,Q4,12,North America,Canada,Accessories,Webcam HD,SMB,11805.6,5918.75,758.39,510.7,7187.84,4617.76,0.3911,11,December,0.0642,0.5014,0.0433
ORD-01354,2025-08-20,2025,Q3,8,Asia,Thailand,Accessories,Wireless Mouse,Enterprise,6568.35,3515.18,424.98,338.46,4278.62,2289.73,0.3486,9,August,0.0647,0.5352,0.0515
ORD-01355,2025-08-10,2025,Q3,8,Europe,Spain,Electronics,Smartphone X,SMB,10472.64,5207.35,1452.96,632.75,7293.06,3179.58,0.3036,13,August,0.1387,0.4972,0.0604
ORD-01356,2025-03-21,2025,Q1,3,North America,Canada,Furniture,Ergonomic Chair,SMB,6106.94,3081.38,501.71,384.0,3967.09,2139.85,0.3504,8,March,0.0822,0.5046,0.0629
ORD-01357,2025-06-11,2025,Q2,6,North America,Mexico,Electronics,Laptop Pro,Enterprise,3138.08,1509.0,269.46,130.49,1908.95,1229.13,0.3917,14,June,0.0859,0.4809,0.0416
ORD-01358,2025-02-16,2025,Q1,2,Asia,Singapore,Furniture,Ergonomic Chair,Enterprise,8927.36,4344.08,702.56,441.59,5488.23,3439.13,0.3852,15,February,0.0787,0.4866,0.0495
ORD-01359,2025-08-17,2025,Q3,8,Asia,Singapore,Furniture,Conference Table,SMB,2366.09,1268.67,205.91,105.43,1580.01,786.08,0.3322,7,August,0.087,0.5362,0.0446
ORD-01360,2025-03-02,2025,Q1,3,North America,Mexico,Accessories,Keyboard Pro,Consumer,8508.66,4483.69,761.52,516.47,5761.68,2746.98,0.3228,15,March,0.0895,0.527,0.0607
ORD-01361,2025-05-08,2025,Q2,5,Europe,France,Accessories,Wireless Mouse,Enterprise,4439.13,2299.89,316.87,200.27,2817.03,1622.1,0.3654,1,May,0.0714,0.5181,0.0451
ORD-01362,2025-10-28,2025,Q4,10,North America,Canada,Accessories,Keyboard Pro,SMB,16155.39,9322.14,1428.11,920.91,11671.16,4484.23,0.2776,15,October,0.0884,0.577,0.057
ORD-01363,2025-06-23,2025,Q2,6,Europe,Italy,Electronics,Smartphone X,Enterprise,17187.21,9414.08,1503.93,744.71,11662.72,5524.49,0.3214,15,June,0.0875,0.5477,0.0433
ORD-01364,2025-12-09,2025,Q4,12,Europe,Italy,Software,Analytics Suite,SMB,11088.94,6209.05,670.64,739.98,7619.67,3469.27,0.3129,7,December,0.0605,0.5599,0.0667
ORD-01365,2025-03-28,2025,Q1,3,Asia,Singapore,Furniture,Conference Table,Consumer,13612.06,6565.7,946.81,612.63,8125.14,5486.92,0.4031,11,March,0.0696,0.4823,0.045
ORD-01366,2025-05-03,2025,Q2,5,North America,Canada,Software,CRM Enterprise,SMB,6472.81,3283.55,581.6,386.43,4251.58,2221.23,0.3432,11,May,0.0899,0.5073,0.0597
ORD-01367,2025-02-11,2025,Q1,2,Asia,Thailand,Electronics,Smartphone X,Consumer,654.83,351.88,45.24,30.12,427.24,227.59,0.3476,8,February,0.0691,0.5374,0.046
ORD-01368,2025-07-14,2025,Q3,7,Asia,India,Software,CRM Enterprise,SMB,6982.21,3709.36,627.07,368.21,4704.64,2277.57,0.3262,12,July,0.0898,0.5313,0.0527
ORD-01369,2025-06-25,2025,Q2,6,Europe,Italy,Software,Cloud Platform,SMB,5500.56,2686.09,404.27,330.88,3421.24,2079.32,0.378,13,June,0.0735,0.4883,0.0602
ORD-01370,2025-12-08,2025,Q4,12,Asia,Thailand,Electronics,Laptop Pro,Enterprise,21942.52,10767.3,1365.54,1123.49,13256.33,8686.19,0.3959,3,December,0.0622,0.4907,0.0512
ORD-01371,2025-10-20,2025,Q4,10,Europe,Germany,Electronics,Laptop Pro,Consumer,694.98,389.68,59.84,40.67,490.19,204.79,0.2947,3,October,0.0861,0.5607,0.0585
ORD-01372,2025-10-26,2025,Q4,10,North America,Canada,Software,Analytics Suite,Consumer,2268.69,1248.72,149.7,141.53,1539.95,728.74,0.3212,2,October,0.066,0.5504,0.0624
ORD-01373,2025-04-06,2025,Q2,4,Europe,Germany,Electronics,Monitor Ultra,Consumer,3879.6,1881.6,242.02,192.48,2316.1,1563.5,0.403,9,April,0.0624,0.485,0.0496
ORD-01374,2025-04-09,2025,Q2,4,Asia,Japan,Accessories,Keyboard Pro,SMB,5612.3,3073.39,482.38,234.81,3790.58,1821.72,0.3246,3,April,0.086,0.5476,0.0418
ORD-01375,2025-09-17,2025,Q3,9,Europe,Germany,Furniture,Ergonomic Chair,SMB,3103.73,1658.01,429.03,189.32,2276.36,827.37,0.2666,12,September,0.1382,0.5342,0.061
ORD-01376,2025-02-08,2025,Q1,2,Europe,France,Software,Cloud Platform,Enterprise,11200.83,6312.84,771.76,586.57,7671.17,3529.66,0.3151,11,February,0.0689,0.5636,0.0524
ORD-01377,2025-05-27,2025,Q2,5,Europe,Spain,Software,Security Pro,Consumer,3991.18,1918.55,346.1,241.49,2506.14,1485.04,0.3721,5,May,0.0867,0.4807,0.0605
ORD-01378,2025-03-24,2025,Q1,3,Europe,Germany,Electronics,Monitor Ultra,SMB,16306.87,7925.8,1348.08,862.68,10136.56,6170.31,0.3784,11,March,0.0827,0.486,0.0529
ORD-01379,2025-08-17,2025,Q3,8,Europe,Germany,Software,Security Pro,Consumer,10375.67,5684.0,996.72,496.72,7177.44,3198.23,0.3082,14,August,0.0961,0.5478,0.0479
ORD-01380,2025-06-13,2025,Q2,6,Asia,Singapore,Accessories,USB Hub,SMB,5824.3,3080.52,444.85,363.14,3888.51,1935.79,0.3324,4,June,0.0764,0.5289,0.0623
ORD-01381,2025-10-28,2025,Q4,10,Europe,Germany,Software,CRM Enterprise,SMB,15911.56,8153.67,1334.78,1087.66,10576.11,5335.45,0.3353,7,October,0.0839,0.5124,0.0684
ORD-01382,2025-08-26,2025,Q3,8,Asia,South Korea,Furniture,Ergonomic Chair,Consumer,11383.01,5941.47,691.34,502.93,7135.74,4247.27,0.3731,6,August,0.0607,0.522,0.0442
ORD-01383,2025-07-15,2025,Q3,7,North America,USA,Accessories,USB Hub,Enterprise,12237.35,6874.22,1066.62,544.94,8485.78,3751.57,0.3066,3,July,0.0872,0.5617,0.0445
ORD-01384,2025-04-22,2025,Q2,4,Europe,Germany,Accessories,Webcam HD,Enterprise,7970.23,3983.33,597.13,356.66,4937.12,3033.11,0.3806,14,April,0.0749,0.4998,0.0447
ORD-01385,2025-10-09,2025,Q4,10,Asia,Japan,Furniture,Storage Cabinet,Consumer,10994.07,5753.04,972.1,492.48,7217.62,3776.45,0.3435,11,October,0.0884,0.5233,0.0448
ORD-01386,2025-01-31,2025,Q1,1,Asia,India,Electronics,Tablet Air,Consumer,7412.15,3772.28,497.02,506.25,4775.55,2636.6,0.3557,13,January,0.0671,0.5089,0.0683
ORD-01387,2025-04-21,2025,Q2,4,Asia,South Korea,Electronics,Tablet Air,Consumer,2799.73,1520.38,225.44,148.02,1893.84,905.89,0.3236,2,April,0.0805,0.543,0.0529
ORD-01388,2025-11-03,2025,Q4,11,Europe,Netherlands,Software,Security Pro,Consumer,5913.64,3245.71,377.55,336.84,3960.1,1953.54,0.3303,8,November,0.0638,0.5489,0.057
ORD-01389,2025-02-02,2025,Q1,2,Europe,Spain,Software,CRM Enterprise,Enterprise,6366.8,3263.75,426.6,421.2,4111.55,2255.25,0.3542,6,February,0.067,0.5126,0.0662
ORD-01390,2025-11-21,2025,Q4,11,Asia,Singapore,Software,Security Pro,Consumer,3318.48,1635.06,231.15,195.73,2061.94,1256.54,0.3786,15,November,0.0697,0.4927,0.059
ORD-01391,2025-04-28,2025,Q2,4,North America,Mexico,Furniture,Ergonomic Chair,SMB,10401.39,5918.97,721.9,690.88,7331.75,3069.64,0.2951,7,April,0.0694,0.5691,0.0664
ORD-01392,2025-03-17,2025,Q1,3,North America,Canada,Electronics,Monitor Ultra,SMB,11085.24,6308.51,983.79,531.87,7824.17,3261.07,0.2942,8,March,0.0887,0.5691,0.048
ORD-01393,2025-07-19,2025,Q3,7,Europe,Italy,Furniture,Conference Table,Enterprise,13264.8,6663.35,1235.51,672.33,8571.19,4693.61,0.3538,10,July,0.0931,0.5023,0.0507
ORD-01394,2025-09-05,2025,Q3,9,North America,USA,Software,Security Pro,SMB,17743.95,9590.2,1350.12,1148.46,12088.78,5655.17,0.3187,11,September,0.0761,0.5405,0.0647
ORD-01395,2025-04-07,2025,Q2,4,North America,Mexico,Electronics,Tablet Air,Consumer,1378.16,783.45,104.33,75.97,963.75,414.41,0.3007,4,April,0.0757,0.5685,0.0551
ORD-01396,2025-07-12,2025,Q3,7,Asia,India,Software,Security Pro,Enterprise,4659.96,2248.56,370.7,292.98,2912.24,1747.72,0.3751,2,July,0.0796,0.4825,0.0629
ORD-01397,2025-07-08,2025,Q3,7,Asia,Japan,Accessories,Webcam HD,Consumer,2776.19,1455.87,192.73,189.08,1837.68,938.51,0.3381,8,July,0.0694,0.5244,0.0681
ORD-01398,2025-05-22,2025,Q2,5,Europe,Netherlands,Accessories,USB Hub,Enterprise,16207.14,8302.6,980.67,673.77,9957.04,6250.1,0.3856,6,May,0.0605,0.5123,0.0416
ORD-01399,2025-10-10,2025,Q4,10,Asia,Singapore,Furniture,Conference Table,Consumer,5937.92,2865.32,433.63,295.21,3594.16,2343.76,0.3947,3,October,0.073,0.4825,0.0497
ORD-01400,2025-06-17,2025,Q2,6,North America,USA,Software,Security Pro,Consumer,11469.12,5550.35,864.21,707.45,7122.01,4347.11,0.379,12,June,0.0754,0.4839,0.0617
ORD-01401,2025-03-09,2025,Q1,3,Asia,India,Electronics,Smartphone X,Enterprise,3568.81,1771.34,290.56,152.59,2214.49,1354.32,0.3795,6,March,0.0814,0.4963,0.0428
ORD-01402,2025-07-02,2025,Q3,7,Asia,India,Accessories,USB Hub,Enterprise,13753.09,7351.18,1041.66,814.93,9207.77,4545.32,0.3305,7,July,0.0757,0.5345,0.0593
ORD-01403,2025-12-22,2025,Q4,12,Europe,Netherlands,Electronics,Smartphone X,SMB,3367.65,1873.35,289.82,157.68,2320.85,1046.8,0.3108,1,December,0.0861,0.5563,0.0468
ORD-01404,2025-11-27,2025,Q4,11,North America,Mexico,Electronics,Laptop Pro,Consumer,12721.95,6393.44,779.5,592.46,7765.4,4956.55,0.3896,4,November,0.0613,0.5026,0.0466
ORD-01405,2025-03-20,2025,Q1,3,Europe,Netherlands,Software,Security Pro,SMB,13753.76,7523.67,833.17,866.02,9222.86,4530.9,0.3294,8,March,0.0606,0.547,0.063
ORD-01406,2025-01-13,2025,Q1,1,North America,Mexico,Accessories,Wireless Mouse,Enterprise,6123.25,2961.21,409.55,335.21,3705.97,2417.28,0.3948,6,January,0.0669,0.4836,0.0547
ORD-01407,2025-12-26,2025,Q4,12,Europe,Netherlands,Software,Cloud Platform,SMB,4302.34,2295.83,376.27,268.15,2940.25,1362.09,0.3166,5,December,0.0875,0.5336,0.0623
ORD-01408,2025-05-17,2025,Q2,5,North America,Canada,Accessories,Keyboard Pro,Enterprise,20583.88,10407.78,1355.93,1377.84,13141.55,7442.33,0.3616,7,May,0.0659,0.5056,0.0669
ORD-01409,2025-03-03,2025,Q1,3,North America,Canada,Accessories,Wireless Mouse,SMB,11098.6,6050.3,836.33,579.02,7465.65,3632.95,0.3273,3,March,0.0754,0.5451,0.0522
ORD-01410,2025-02-27,2025,Q1,2,Europe,Spain,Electronics,Smartphone X,Enterprise,20729.72,11475.35,1429.49,1258.14,14162.98,6566.74,0.3168,4,February,0.069,0.5536,0.0607
ORD-01411,2025-10-31,2025,Q4,10,Asia,Singapore,Accessories,Wireless Mouse,Consumer,9578.71,5140.74,828.86,455.66,6425.26,3153.45,0.3292,9,October,0.0865,0.5367,0.0476
ORD-01412,2025-01-13,2025,Q1,1,Asia,India,Furniture,Ergonomic Chair,SMB,4190.54,2408.22,300.28,208.78,2917.28,1273.26,0.3038,7,January,0.0717,0.5747,0.0498
ORD-01413,2025-11-05,2025,Q4,11,Europe,Spain,Accessories,USB Hub,Consumer,12931.71,6528.6,1015.02,860.38,8404.0,4527.71,0.3501,14,November,0.0785,0.5049,0.0665
ORD-01414,2025-01-16,2025,Q1,1,North America,USA,Electronics,Tablet Air,Enterprise,8819.95,4569.99,679.52,395.0,5644.51,3175.44,0.36,1,January,0.077,0.5181,0.0448
ORD-01415,2025-07-08,2025,Q3,7,Europe,France,Accessories,USB Hub,Enterprise,8207.44,4476.03,876.82,336.91,5689.76,2517.68,0.3068,2,July,0.1068,0.5454,0.041
ORD-01416,2025-06-04,2025,Q2,6,Europe,Italy,Accessories,Keyboard Pro,Enterprise,24896.51,13803.27,2003.04,1018.54,16824.85,8071.66,0.3242,15,June,0.0805,0.5544,0.0409
ORD-01417,2025-09-01,2025,Q3,9,Europe,Germany,Electronics,Laptop Pro,Consumer,3904.64,2213.85,468.4,221.48,2903.73,1000.91,0.2563,5,September,0.12,0.567,0.0567
ORD-01418,2025-01-12,2025,Q1,1,North America,Mexico,Accessories,Wireless Mouse,Consumer,10531.12,5281.86,757.46,540.49,6579.81,3951.31,0.3752,1,January,0.0719,0.5015,0.0513
ORD-01419,2025-09-12,2025,Q3,9,Asia,South Korea,Accessories,Keyboard Pro,Enterprise,15953.45,7727.91,987.36,1006.44,9721.71,6231.74,0.3906,5,September,0.0619,0.4844,0.0631
ORD-01420,2025-12-30,2025,Q4,12,Asia,South Korea,Furniture,Conference Table,Enterprise,18419.43,10615.47,1209.09,1117.88,12942.44,5476.99,0.2973,13,December,0.0656,0.5763,0.0607
ORD-01421,2025-01-01,2025,Q1,1,North America,USA,Accessories,Webcam HD,Enterprise,19576.36,10850.25,1342.85,834.98,13028.08,6548.28,0.3345,6,January,0.0686,0.5543,0.0427
ORD-01422,2025-08-22,2025,Q3,8,Asia,Thailand,Furniture,Conference Table,Consumer,13576.4,7502.59,1034.83,673.68,9211.1,4365.3,0.3215,11,August,0.0762,0.5526,0.0496
ORD-01423,2025-06-27,2025,Q2,6,Asia,Japan,Accessories,USB Hub,SMB,17713.12,9861.45,1141.24,1065.97,12068.66,5644.46,0.3187,15,June,0.0644,0.5567,0.0602
ORD-01424,2025-09-11,2025,Q3,9,North America,Mexico,Accessories,USB Hub,SMB,2104.15,1063.27,134.94,142.54,1340.75,763.4,0.3628,11,September,0.0641,0.5053,0.0677
ORD-01425,2025-08-27,2025,Q3,8,Asia,Thailand,Furniture,Office Desk,SMB,9410.54,5326.09,741.1,545.47,6612.66,2797.88,0.2973,9,August,0.0788,0.566,0.058
ORD-01426,2025-11-20,2025,Q4,11,North America,USA,Furniture,Ergonomic Chair,Consumer,6247.08,3513.01,539.88,435.52,4488.41,1758.67,0.2815,9,November,0.0864,0.5623,0.0697
ORD-01427,2025-01-22,2025,Q1,1,North America,USA,Electronics,Tablet Air,Consumer,10137.24,5032.84,677.2,621.34,6331.38,3805.86,0.3754,6,January,0.0668,0.4965,0.0613
ORD-01428,2025-09-08,2025,Q3,9,Europe,Italy,Software,CRM Enterprise,Consumer,10024.93,5205.75,1201.3,626.51,7033.56,2991.37,0.2984,12,September,0.1198,0.5193,0.0625
ORD-01429,2025-02-24,2025,Q1,2,Europe,Spain,Furniture,Ergonomic Chair,Consumer,508.64,284.51,38.22,21.99,344.72,163.92,0.3223,3,February,0.0751,0.5594,0.0432
ORD-01430,2025-02-06,2025,Q1,2,North America,Canada,Furniture,Storage Cabinet,SMB,14959.04,7991.07,940.89,963.88,9895.84,5063.2,0.3385,1,February,0.0629,0.5342,0.0644
ORD-01431,2025-01-09,2025,Q1,1,Europe,Italy,Electronics,Smartphone X,Enterprise,22501.84,12332.09,1395.35,1205.6,14933.04,7568.8,0.3364,2,January,0.062,0.548,0.0536
ORD-01432,2025-08-05,2025,Q3,8,Asia,South Korea,Electronics,Tablet Air,SMB,7346.8,3679.61,535.26,423.84,4638.71,2708.09,0.3686,8,August,0.0729,0.5008,0.0577
ORD-01433,2025-11-22,2025,Q4,11,North America,Mexico,Electronics,Monitor Ultra,Enterprise,13949.87,7186.27,944.04,756.19,8886.5,5063.37,0.363,13,November,0.0677,0.5151,0.0542
ORD-01434,2025-07-16,2025,Q3,7,North America,USA,Accessories,USB Hub,Consumer,7609.47,3673.34,465.4,415.66,4554.4,3055.07,0.4015,15,July,0.0612,0.4827,0.0546
ORD-01435,2025-02-14,2025,Q1,2,Asia,Singapore,Electronics,Laptop Pro,Enterprise,19803.67,10922.93,1736.17,1062.28,13721.38,6082.29,0.3071,12,February,0.0877,0.5516,0.0536
ORD-01436,2025-06-22,2025,Q2,6,Europe,Netherlands,Accessories,Wireless Mouse,SMB,5990.76,3341.14,513.04,278.55,4132.73,1858.03,0.3101,7,June,0.0856,0.5577,0.0465
ORD-01437,2025-02-18,2025,Q1,2,Europe,France,Electronics,Monitor Ultra,Enterprise,14004.1,7370.61,1133.13,723.25,9226.99,4777.11,0.3411,15,February,0.0809,0.5263,0.0516
ORD-01438,2025-10-02,2025,Q4,10,North America,Mexico,Electronics,Tablet Air,Consumer,2206.19,1172.98,143.88,118.15,1435.01,771.18,0.3496,14,October,0.0652,0.5317,0.0536
ORD-01439,2025-03-25,2025,Q1,3,Europe,Italy,Software,CRM Enterprise,Enterprise,18825.67,10859.71,1172.93,1025.33,13057.97,5767.7,0.3064,4,March,0.0623,0.5769,0.0545
ORD-01440,2025-01-03,2025,Q1,1,Asia,Japan,Accessories,Wireless Mouse,SMB,3778.59,1942.22,304.14,246.99,2493.35,1285.24,0.3401,4,January,0.0805,0.514,0.0654
ORD-01441,2025-08-16,2025,Q3,8,North America,USA,Electronics,Smartphone X,Enterprise,4345.17,2510.99,339.6,176.89,3027.48,1317.69,0.3033,8,August,0.0782,0.5779,0.0407
ORD-01442,2025-07-07,2025,Q3,7,North America,Canada,Electronics,Tablet Air,Consumer,8380.53,4373.48,511.26,444.91,5329.65,3050.88,0.364,12,July,0.061,0.5219,0.0531
ORD-01443,2025-08-05,2025,Q3,8,Europe,Germany,Electronics,Tablet Air,Consumer,5685.82,2957.38,771.83,382.08,4111.29,1574.53,0.2769,15,August,0.1357,0.5201,0.0672
ORD-01444,2025-03-12,2025,Q1,3,Europe,Germany,Furniture,Office Desk,Consumer,3208.47,1603.12,256.02,180.89,2040.03,1168.44,0.3642,9,March,0.0798,0.4997,0.0564
ORD-01445,2025-05-15,2025,Q2,5,Asia,India,Furniture,Storage Cabinet,Enterprise,15507.3,7803.66,999.01,682.27,9484.94,6022.36,0.3884,12,May,0.0644,0.5032,0.044
ORD-01446,2025-07-20,2025,Q3,7,Europe,Italy,Electronics,Laptop Pro,Enterprise,14591.1,7391.69,1716.92,716.43,9825.04,4766.06,0.3266,13,July,0.1177,0.5066,0.0491
ORD-01447,2025-03-12,2025,Q1,3,Asia,Japan,Accessories,Keyboard Pro,Enterprise,18231.35,9623.01,1210.99,823.56,11657.56,6573.79,0.3606,9,March,0.0664,0.5278,0.0452
ORD-01448,2025-11-21,2025,Q4,11,North America,Mexico,Electronics,Smartphone X,Consumer,2340.86,1242.96,200.93,98.41,1542.3,798.56,0.3411,9,November,0.0858,0.531,0.042
ORD-01449,2025-02-07,2025,Q1,2,North America,USA,Furniture,Storage Cabinet,Consumer,5744.98,2887.05,389.93,240.08,3517.06,2227.92,0.3878,7,February,0.0679,0.5025,0.0418
ORD-01450,2025-01-22,2025,Q1,1,Asia,South Korea,Electronics,Smartphone X,Consumer,11034.18,5708.73,810.96,718.23,7237.92,3796.26,0.344,4,January,0.0735,0.5174,0.0651
ORD-01451,2025-03-07,2025,Q1,3,Asia,Thailand,Accessories,Keyboard Pro,Enterprise,16533.35,8411.55,1375.46,875.97,10662.98,5870.37,0.3551,1,March,0.0832,0.5088,0.053
ORD-01452,2025-08-02,2025,Q3,8,Europe,Netherlands,Electronics,Smartphone X,Consumer,1079.25,547.98,114.46,64.22,726.66,352.59,0.3267,15,August,0.1061,0.5077,0.0595
ORD-01453,2025-06-24,2025,Q2,6,Asia,Thailand,Software,Security Pro,SMB,9499.06,4926.3,818.2,576.15,6320.65,3178.41,0.3346,12,June,0.0861,0.5186,0.0607
ORD-01454,2025-10-14,2025,Q4,10,North America,Mexico,Furniture,Storage Cabinet,SMB,2183.19,1154.83,153.42,121.19,1429.44,753.75,0.3453,11,October,0.0703,0.529,0.0555
ORD-01455,2025-02-02,2025,Q1,2,Asia,Singapore,Software,Security Pro,Consumer,7946.01,4062.84,692.69,534.1,5289.63,2656.38,0.3343,10,February,0.0872,0.5113,0.0672
ORD-01456,2025-04-08,2025,Q2,4,Asia,Singapore,Furniture,Conference Table,Consumer,10303.45,5232.63,802.98,619.14,6654.75,3648.7,0.3541,4,April,0.0779,0.5079,0.0601
ORD-01457,2025-11-10,2025,Q4,11,Europe,Italy,Furniture,Conference Table,Consumer,8370.25,4286.52,702.61,480.89,5470.02,2900.23,0.3465,3,November,0.0839,0.5121,0.0575
ORD-01458,2025-03-02,2025,Q1,3,North America,Mexico,Software,Cloud Platform,Enterprise,16511.23,8971.28,1157.79,1099.95,11229.02,5282.21,0.3199,13,March,0.0701,0.5433,0.0666
ORD-01459,2025-09-12,2025,Q3,9,Asia,Japan,Accessories,Webcam HD,Consumer,4425.74,2375.82,336.9,196.46,2909.18,1516.56,0.3427,10,September,0.0761,0.5368,0.0444
ORD-01460,2025-02-06,2025,Q1,2,Asia,India,Accessories,Webcam HD,Enterprise,2636.86,1479.8,178.37,144.64,1802.81,834.05,0.3163,15,February,0.0676,0.5612,0.0549
ORD-01461,2025-10-09,2025,Q4,10,North America,Canada,Accessories,Keyboard Pro,SMB,1487.28,777.51,133.04,86.05,996.6,490.68,0.3299,8,October,0.0895,0.5228,0.0579
ORD-01462,2025-08-12,2025,Q3,8,Asia,Singapore,Electronics,Smartphone X,Enterprise,4108.12,2284.17,369.02,169.38,2822.57,1285.55,0.3129,2,August,0.0898,0.556,0.0412
ORD-01463,2025-05-23,2025,Q2,5,Europe,Netherlands,Software,Cloud Platform,Enterprise,25062.02,13750.84,1657.77,1672.62,17081.23,7980.79,0.3184,10,May,0.0661,0.5487,0.0667
ORD-01464,2025-01-31,2025,Q1,1,Europe,Germany,Software,Security Pro,SMB,8078.57,4063.91,634.57,461.44,5159.92,2918.65,0.3613,5,January,0.0785,0.503,0.0571
ORD-01465,2025-10-10,2025,Q4,10,Asia,Japan,Furniture,Office Desk,Consumer,8969.74,4989.28,584.43,618.84,6192.55,2777.19,0.3096,7,October,0.0652,0.5562,0.069
ORD-01466,2025-04-15,2025,Q2,4,North America,Mexico,Electronics,Smartphone X,Enterprise,15809.37,8559.4,1410.55,1016.33,10986.28,4823.09,0.3051,2,April,0.0892,0.5414,0.0643
ORD-01467,2025-02-18,2025,Q1,2,Europe,Spain,Furniture,Ergonomic Chair,SMB,11207.17,6378.99,980.95,542.25,7902.19,3304.98,0.2949,1,February,0.0875,0.5692,0.0484
ORD-01468,2025-05-03,2025,Q2,5,North America,Canada,Accessories,Webcam HD,SMB,4312.95,2113.5,269.39,264.7,2647.59,1665.36,0.3861,8,May,0.0625,0.49,0.0614
ORD-01469,2025-03-18,2025,Q1,3,North America,Canada,Accessories,Wireless Mouse,Consumer,11593.31,5802.6,929.78,615.6,7347.98,4245.33,0.3662,15,March,0.0802,0.5005,0.0531
ORD-01470,2025-09-26,2025,Q3,9,Asia,Singapore,Electronics,Monitor Ultra,Consumer,9426.75,5315.01,737.14,482.54,6534.69,2892.06,0.3068,12,September,0.0782,0.5638,0.0512
ORD-01471,2025-02-09,2025,Q1,2,North America,Mexico,Accessories,Keyboard Pro,SMB,4204.08,2150.05,303.34,199.54,2652.93,1551.15,0.369,5,February,0.0722,0.5114,0.0475
ORD-01472,2025-04-29,2025,Q2,4,Asia,Thailand,Accessories,Wireless Mouse,Consumer,14061.35,7092.65,1137.95,753.23,8983.83,5077.52,0.3611,13,April,0.0809,0.5044,0.0536
ORD-01473,2025-01-12,2025,Q1,1,Asia,Thailand,Software,Security Pro,SMB,956.6,500.9,70.18,50.44,621.52,335.08,0.3503,7,January,0.0734,0.5236,0.0527
ORD-01474,2025-05-11,2025,Q2,5,Asia,Japan,Software,Security Pro,SMB,8926.44,4435.14,764.19,529.79,5729.12,3197.32,0.3582,10,May,0.0856,0.4969,0.0594
ORD-01475,2025-09-29,2025,Q3,9,Europe,Germany,Accessories,USB Hub,Enterprise,20754.54,10148.91,2814.05,887.7,13850.66,6903.88,0.3326,12,September,0.1356,0.489,0.0428
ORD-01476,2025-10-11,2025,Q4,10,Europe,Italy,Electronics,Tablet Air,SMB,3193.11,1577.92,233.34,211.16,2022.42,1170.69,0.3666,3,October,0.0731,0.4942,0.0661
ORD-01477,2025-04-28,2025,Q2,4,Asia,Singapore,Furniture,Office Desk,Enterprise,23654.24,12822.83,1825.59,1501.88,16150.3,7503.94,0.3172,14,April,0.0772,0.5421,0.0635
ORD-01478,2025-04-01,2025,Q2,4,Asia,Thailand,Accessories,Webcam HD,Enterprise,7066.0,3962.42,465.38,433.68,4861.48,2204.52,0.312,2,April,0.0659,0.5608,0.0614
ORD-01479,2025-02-21,2025,Q1,2,Asia,Japan,Electronics,Monitor Ultra,Consumer,11532.47,6369.63,744.79,783.8,7898.22,3634.25,0.3151,4,February,0.0646,0.5523,0.068
ORD-01480,2025-01-05,2025,Q1,1,Asia,Japan,Software,Analytics Suite,Consumer,7815.39,3795.82,500.56,323.95,4620.33,3195.06,0.4088,3,January,0.064,0.4857,0.0415
ORD-01481,2025-03-09,2025,Q1,3,Europe,Netherlands,Software,Security Pro,SMB,4876.73,2426.24,308.68,231.38,2966.3,1910.43,0.3917,11,March,0.0633,0.4975,0.0474
ORD-01482,2025-11-07,2025,Q4,11,Europe,Germany,Accessories,Keyboard Pro,Enterprise,8395.99,4474.13,627.17,525.82,5627.12,2768.87,0.3298,9,November,0.0747,0.5329,0.0626
ORD-01483,2025-10-05,2025,Q4,10,North America,Canada,Accessories,USB Hub,Consumer,8873.34,5002.46,640.26,421.86,6064.58,2808.76,0.3165,15,October,0.0722,0.5638,0.0475
ORD-01484,2025-07-28,2025,Q3,7,Europe,Netherlands,Accessories,Keyboard Pro,Enterprise,6299.91,3401.82,693.55,308.4,4403.77,1896.14,0.301,10,July,0.1101,0.54,0.049
ORD-01485,2025-07-31,2025,Q3,7,Asia,South Korea,Software,Security Pro,Enterprise,9109.63,4553.63,550.96,483.41,5588.0,3521.63,0.3866,11,July,0.0605,0.4999,0.0531
ORD-01486,2025-03-17,2025,Q1,3,Asia,Thailand,Furniture,Conference Table,SMB,4854.16,2337.95,324.32,258.1,2920.37,1933.79,0.3984,8,March,0.0668,0.4816,0.0532
ORD-01487,2025-07-24,2025,Q3,7,Asia,South Korea,Software,Cloud Platform,SMB,2869.21,1652.55,193.27,127.3,1973.12,896.09,0.3123,11,July,0.0674,0.576,0.0444
ORD-01488,2025-02-21,2025,Q1,2,Asia,Singapore,Electronics,Tablet Air,SMB,16423.42,9340.08,1415.1,695.43,11450.61,4972.81,0.3028,5,February,0.0862,0.5687,0.0423
ORD-01489,2025-07-01,2025,Q3,7,North America,Mexico,Accessories,Wireless Mouse,SMB,1778.95,912.86,123.3,98.2,1134.36,644.59,0.3623,1,July,0.0693,0.5131,0.0552
ORD-01490,2025-02-21,2025,Q1,2,Europe,Netherlands,Software,Analytics Suite,Enterprise,14198.12,7710.54,1010.03,758.9,9479.47,4718.65,0.3323,6,February,0.0711,0.5431,0.0535
ORD-01491,2025-11-10,2025,Q4,11,Asia,Singapore,Software,Security Pro,SMB,1485.94,790.08,94.65,78.98,963.71,522.23,0.3514,8,November,0.0637,0.5317,0.0532
ORD-01492,2025-08-10,2025,Q3,8,North America,USA,Electronics,Smartphone X,SMB,6344.65,3498.61,519.9,374.69,4393.2,1951.45,0.3076,3,August,0.0819,0.5514,0.0591
ORD-01493,2025-03-14,2025,Q1,3,Europe,Germany,Accessories,USB Hub,SMB,4432.13,2146.93,267.54,194.96,2609.43,1822.7,0.4112,7,March,0.0604,0.4844,0.044
ORD-01494,2025-10-19,2025,Q4,10,Europe,Spain,Furniture,Storage Cabinet,Consumer,8738.71,5060.09,579.54,609.36,6248.99,2489.72,0.2849,3,October,0.0663,0.579,0.0697
ORD-01495,2025-01-20,2025,Q1,1,Asia,South Korea,Electronics,Smartphone X,SMB,16523.33,8204.83,1324.81,717.56,10247.2,6276.13,0.3798,11,January,0.0802,0.4966,0.0434
ORD-01496,2025-08-24,2025,Q3,8,Asia,Thailand,Software,CRM Enterprise,SMB,10640.56,5690.49,926.15,662.52,7279.16,3361.4,0.3159,11,August,0.087,0.5348,0.0623
ORD-01497,2025-12-07,2025,Q4,12,Asia,Thailand,Furniture,Conference Table,Consumer,11785.29,5946.03,995.24,624.81,7566.08,4219.21,0.358,5,December,0.0844,0.5045,0.053
ORD-01498,2025-06-18,2025,Q2,6,North America,Canada,Accessories,Webcam HD,Enterprise,25749.82,13133.29,2211.75,1112.26,16457.3,9292.52,0.3609,3,June,0.0859,0.51,0.0432
ORD-01499,2025-10-12,2025,Q4,10,Europe,France,Furniture,Storage Cabinet,Enterprise,25069.95,13781.91,1884.64,1313.15,16979.7,8090.25,0.3227,7,October,0.0752,0.5497,0.0524
ORD-01500,2025-08-03,2025,Q3,8,North America,Canada,Software,Analytics Suite,Enterprise,5139.83,2714.43,451.55,215.82,3381.8,1758.03,0.342,6,August,0.0879,0.5281,0.042
ORD-01501,2025-01-30,2025,Q1,1,Asia,South Korea,Accessories,Keyboard Pro,SMB,8833.23,4266.98,778.45,384.66,5430.09,3403.14,0.3853,4,January,0.0881,0.4831,0.0435
ORD-01502,2025-09-07,2025,Q3,9,Asia,South Korea,Furniture,Storage Cabinet,SMB,15380.43,7823.21,1204.55,691.3,9719.06,5661.37,0.3681,3,September,0.0783,0.5086,0.0449
ORD-01503,2025-11-03,2025,Q4,11,Asia,Thailand,Accessories,Wireless Mouse,Enterprise,3042.68,1702.74,183.34,171.03,2057.11,985.57,0.3239,8,November,0.0603,0.5596,0.0562
ORD-01504,2025-02-17,2025,Q1,2,North America,Mexico,Furniture,Office Desk,Enterprise,13198.53,6378.43,907.3,861.96,8147.69,5050.84,0.3827,11,February,0.0687,0.4833,0.0653
ORD-01505,2025-12-18,2025,Q4,12,North America,Canada,Electronics,Laptop Pro,Enterprise,24204.16,12417.08,1480.53,1391.4,15289.01,8915.15,0.3683,1,December,0.0612,0.513,0.0575
ORD-01506,2025-11-11,2025,Q4,11,Europe,France,Furniture,Storage Cabinet,SMB,2471.17,1332.79,193.9,137.85,1664.54,806.63,0.3264,14,November,0.0785,0.5393,0.0558
ORD-01507,2025-11-10,2025,Q4,11,Asia,Japan,Electronics,Monitor Ultra,Consumer,12859.73,6375.08,1070.99,713.03,8159.1,4700.63,0.3655,8,November,0.0833,0.4957,0.0554
ORD-01508,2025-11-07,2025,Q4,11,Europe,Italy,Electronics,Monitor Ultra,SMB,12171.15,6687.94,1026.13,617.84,8331.91,3839.24,0.3154,9,November,0.0843,0.5495,0.0508
ORD-01509,2025-06-06,2025,Q2,6,Asia,South Korea,Accessories,Keyboard Pro,SMB,12192.84,6109.28,900.3,744.95,7754.53,4438.31,0.364,1,June,0.0738,0.5011,0.0611
ORD-01510,2025-02-10,2025,Q1,2,Europe,Netherlands,Electronics,Smartphone X,Enterprise,26953.69,13277.68,2201.66,1306.56,16785.9,10167.79,0.3772,6,February,0.0817,0.4926,0.0485
ORD-01511,2025-12-19,2025,Q4,12,Asia,Thailand,Furniture,Storage Cabinet,SMB,7731.92,4430.29,618.93,465.07,5514.29,2217.63,0.2868,12,December,0.08,0.573,0.0601
ORD-01512,2025-10-28,2025,Q4,10,Asia,Japan,Accessories,Wireless Mouse,SMB,3323.64,1658.99,206.0,136.07,2001.06,1322.58,0.3979,14,October,0.062,0.4991,0.0409
ORD-01513,2025-05-10,2025,Q2,5,Asia,Japan,Accessories,Webcam HD,Consumer,14515.01,8104.78,1246.51,776.38,10127.67,4387.34,0.3023,14,May,0.0859,0.5584,0.0535
ORD-01514,2025-06-17,2025,Q2,6,North America,Mexico,Accessories,USB Hub,Consumer,13087.94,6522.98,1126.55,587.98,8237.51,4850.43,0.3706,5,June,0.0861,0.4984,0.0449
ORD-01515,2025-08-01,2025,Q3,8,Europe,Spain,Software,Cloud Platform,Enterprise,23978.12,12085.03,2903.33,1647.58,16635.94,7342.18,0.3062,15,August,0.1211,0.504,0.0687
ORD-01516,2025-04-14,2025,Q2,4,North America,USA,Accessories,Wireless Mouse,Enterprise,17383.14,9580.48,1460.29,889.86,11930.63,5452.51,0.3137,1,April,0.084,0.5511,0.0512
ORD-01517,2025-02-23,2025,Q1,2,Asia,Thailand,Furniture,Ergonomic Chair,Enterprise,9578.72,5228.7,786.38,528.26,6543.34,3035.38,0.3169,9,February,0.0821,0.5459,0.0551
ORD-01518,2025-07-20,2025,Q3,7,North America,Mexico,Furniture,Storage Cabinet,Consumer,12104.05,6360.62,987.37,682.83,8030.82,4073.23,0.3365,9,July,0.0816,0.5255,0.0564
ORD-01519,2025-08-22,2025,Q3,8,Europe,Italy,Software,Analytics Suite,SMB,10854.17,6257.52,1041.13,704.29,8002.94,2851.23,0.2627,7,August,0.0959,0.5765,0.0649
ORD-01520,2025-08-26,2025,Q3,8,North America,Mexico,Furniture,Conference Table,Consumer,3732.04,1890.17,323.74,244.69,2458.6,1273.44,0.3412,14,August,0.0867,0.5065,0.0656
ORD-01521,2025-04-28,2025,Q2,4,North America,Mexico,Software,CRM Enterprise,SMB,674.56,339.25,44.96,43.61,427.82,246.74,0.3658,4,April,0.0667,0.5029,0.0646
ORD-01522,2025-07-23,2025,Q3,7,Europe,Spain,Electronics,Laptop Pro,SMB,9913.48,5650.18,1355.23,401.4,7406.81,2506.67,0.2529,14,July,0.1367,0.5699,0.0405
ORD-01523,2025-11-24,2025,Q4,11,Asia,Thailand,Electronics,Monitor Ultra,Consumer,3594.51,1963.07,246.68,156.28,2366.03,1228.48,0.3418,4,November,0.0686,0.5461,0.0435
ORD-01524,2025-07-19,2025,Q3,7,North America,Mexico,Software,Cloud Platform,Consumer,10013.49,4820.7,729.83,499.3,6049.83,3963.66,0.3958,4,July,0.0729,0.4814,0.0499
ORD-01525,2025-09-03,2025,Q3,9,Europe,Germany,Furniture,Conference Table,Enterprise,18059.63,9881.89,2028.53,1213.22,13123.64,4935.99,0.2733,4,September,0.1123,0.5472,0.0672
ORD-01526,2025-03-25,2025,Q1,3,Asia,India,Software,Security Pro,Consumer,10527.58,5725.98,655.73,470.24,6851.95,3675.63,0.3491,2,March,0.0623,0.5439,0.0447
ORD-01527,2025-01-02,2025,Q1,1,Europe,Germany,Software,Cloud Platform,Enterprise,20863.9,10718.89,1565.08,1357.32,13641.29,7222.61,0.3462,9,January,0.075,0.5138,0.0651
ORD-01528,2025-08-27,2025,Q3,8,North America,USA,Accessories,USB Hub,Enterprise,10198.36,4989.07,665.87,654.71,6309.65,3888.71,0.3813,9,August,0.0653,0.4892,0.0642
ORD-01529,2025-05-09,2025,Q2,5,North America,USA,Electronics,Laptop Pro,Enterprise,4705.72,2334.2,397.43,263.73,2995.36,1710.36,0.3635,8,May,0.0845,0.496,0.056
ORD-01530,2025-11-20,2025,Q4,11,Asia,India,Software,CRM Enterprise,SMB,2402.11,1276.1,202.63,111.39,1590.12,811.99,0.338,4,November,0.0844,0.5312,0.0464
ORD-01531,2025-11-14,2025,Q4,11,North America,Canada,Electronics,Smartphone X,Consumer,14040.05,7835.42,1077.2,754.45,9667.07,4372.98,0.3115,6,November,0.0767,0.5581,0.0537
ORD-01532,2025-11-25,2025,Q4,11,Asia,Japan,Electronics,Laptop Pro,SMB,3872.6,2079.95,234.35,232.11,2546.41,1326.19,0.3425,6,November,0.0605,0.5371,0.0599
ORD-01533,2025-11-29,2025,Q4,11,Asia,South Korea,Electronics,Tablet Air,SMB,2082.92,1175.4,162.13,118.4,1455.93,626.99,0.301,2,November,0.0778,0.5643,0.0568
ORD-01534,2025-10-31,2025,Q4,10,Europe,Spain,Accessories,USB Hub,Enterprise,17211.1,8317.23,1463.92,852.16,10633.31,6577.79,0.3822,5,October,0.0851,0.4832,0.0495
ORD-01535,2025-10-02,2025,Q4,10,Asia,Singapore,Electronics,Laptop Pro,Enterprise,25409.17,13885.66,2285.61,1546.84,17718.11,7691.06,0.3027,14,October,0.09,0.5465,0.0609
ORD-01536,2025-07-14,2025,Q3,7,Europe,Italy,Software,CRM Enterprise,Enterprise,26350.88,13607.03,3061.19,1637.94,18306.16,8044.72,0.3053,7,July,0.1162,0.5164,0.0622
ORD-01537,2025-01-12,2025,Q1,1,Europe,Italy,Software,Cloud Platform,Consumer,1849.61,913.23,140.11,107.25,1160.59,689.02,0.3725,2,January,0.0758,0.4937,0.058
ORD-01538,2025-07-05,2025,Q3,7,Europe,Germany,Software,Security Pro,SMB,16058.31,8001.24,1651.96,1027.91,10681.11,5377.2,0.3349,4,July,0.1029,0.4983,0.064
ORD-01539,2025-01-26,2025,Q1,1,Asia,Singapore,Electronics,Tablet Air,Consumer,10039.55,4919.81,723.95,681.92,6325.68,3713.87,0.3699,5,January,0.0721,0.49,0.0679
ORD-01540,2025-08-04,2025,Q3,8,Europe,Italy,Software,Analytics Suite,Enterprise,2694.31,1548.96,324.28,116.41,1989.65,704.66,0.2615,8,August,0.1204,0.5749,0.0432
ORD-01541,2025-01-22,2025,Q1,1,Asia,Singapore,Accessories,Wireless Mouse,SMB,3363.24,1930.38,292.1,159.51,2381.99,981.25,0.2918,6,January,0.0869,0.574,0.0474
ORD-01542,2025-03-28,2025,Q1,3,Europe,Netherlands,Electronics,Laptop Pro,SMB,4400.47,2423.85,286.39,302.39,3012.63,1387.84,0.3154,14,March,0.0651,0.5508,0.0687
ORD-01543,2025-12-16,2025,Q4,12,North America,USA,Accessories,Wireless Mouse,Consumer,8083.14,4100.83,677.69,511.56,5290.08,2793.06,0.3455,4,December,0.0838,0.5073,0.0633
ORD-01544,2025-09-10,2025,Q3,9,North America,USA,Electronics,Monitor Ultra,Enterprise,16906.03,8771.6,1432.8,824.7,11029.1,5876.93,0.3476,3,September,0.0848,0.5188,0.0488
ORD-01545,2025-07-27,2025,Q3,7,North America,Canada,Software,Security Pro,Enterprise,16987.64,9665.24,1379.52,809.46,11854.22,5133.42,0.3022,10,July,0.0812,0.569,0.0476
ORD-01546,2025-09-12,2025,Q3,9,Europe,Germany,Accessories,Keyboard Pro,Consumer,4167.58,2053.86,423.31,246.82,2723.99,1443.59,0.3464,2,September,0.1016,0.4928,0.0592
ORD-01547,2025-12-10,2025,Q4,12,Europe,France,Electronics,Smartphone X,Enterprise,20341.37,11251.33,1637.93,894.79,13784.05,6557.32,0.3224,4,December,0.0805,0.5531,0.044
ORD-01548,2025-05-22,2025,Q2,5,Europe,Netherlands,Electronics,Smartphone X,Consumer,2106.23,1157.63,152.49,105.82,1415.94,690.29,0.3277,8,May,0.0724,0.5496,0.0502
ORD-01549,2025-03-15,2025,Q1,3,Europe,Germany,Software,Security Pro,SMB,7189.81,3824.16,490.72,430.62,4745.5,2444.31,0.34,14,March,0.0683,0.5319,0.0599
ORD-01550,2025-11-22,2025,Q4,11,Europe,France,Accessories,USB Hub,Enterprise,23605.72,13356.39,1885.37,1291.17,16532.93,7072.79,0.2996,5,November,0.0799,0.5658,0.0547
ORD-01551,2025-08-12,2025,Q3,8,Europe,Italy,Electronics,Monitor Ultra,SMB,3359.73,1875.2,442.7,209.81,2527.71,832.02,0.2476,9,August,0.1318,0.5581,0.0624
ORD-01552,2025-05-29,2025,Q2,5,Europe,Spain,Electronics,Tablet Air,Enterprise,8297.95,4129.94,689.32,449.72,5268.98,3028.97,0.365,13,May,0.0831,0.4977,0.0542
ORD-01553,2025-09-29,2025,Q3,9,Europe,Netherlands,Accessories,USB Hub,SMB,11809.95,6199.45,1476.39,570.05,8245.89,3564.06,0.3018,8,September,0.125,0.5249,0.0483
ORD-01554,2025-07-19,2025,Q3,7,Asia,Japan,Accessories,Keyboard Pro,SMB,16343.63,7872.97,1095.56,891.99,9860.52,6483.11,0.3967,4,July,0.067,0.4817,0.0546
ORD-01555,2025-10-10,2025,Q4,10,North America,Mexico,Furniture,Office Desk,SMB,13149.62,6998.27,1061.14,633.21,8692.62,4457.0,0.3389,11,October,0.0807,0.5322,0.0482
ORD-01556,2025-09-22,2025,Q3,9,Asia,South Korea,Electronics,Laptop Pro,Consumer,14378.73,7055.82,1250.42,683.9,8990.14,5388.59,0.3748,4,September,0.087,0.4907,0.0476
ORD-01557,2025-12-09,2025,Q4,12,North America,Mexico,Furniture,Storage Cabinet,Consumer,548.88,316.08,38.32,33.31,387.71,161.17,0.2936,9,December,0.0698,0.5759,0.0607
ORD-01558,2025-08-03,2025,Q3,8,North America,Canada,Electronics,Monitor Ultra,Enterprise,5790.41,3203.61,472.65,305.42,3981.68,1808.73,0.3124,12,August,0.0816,0.5533,0.0527
ORD-01559,2025-05-20,2025,Q2,5,North America,USA,Accessories,USB Hub,Enterprise,10815.95,5867.24,937.83,538.0,7343.07,3472.88,0.3211,14,May,0.0867,0.5425,0.0497
ORD-01560,2025-06-22,2025,Q2,6,Asia,South Korea,Furniture,Conference Table,SMB,4559.85,2625.34,275.84,192.83,3094.01,1465.84,0.3215,10,June,0.0605,0.5758,0.0423
ORD-01561,2025-03-12,2025,Q1,3,Europe,Spain,Electronics,Smartphone X,SMB,7775.06,4506.39,483.44,469.84,5459.67,2315.39,0.2978,9,March,0.0622,0.5796,0.0604
ORD-01562,2025-08-14,2025,Q3,8,North America,USA,Furniture,Ergonomic Chair,Enterprise,10579.89,5117.09,638.51,609.67,6365.27,4214.62,0.3984,2,August,0.0604,0.4837,0.0576
ORD-01563,2025-05-24,2025,Q2,5,North America,Mexico,Accessories,Keyboard Pro,Enterprise,9795.25,4933.58,622.62,628.49,6184.69,3610.56,0.3686,13,May,0.0636,0.5037,0.0642
ORD-01564,2025-11-03,2025,Q4,11,North America,Mexico,Furniture,Office Desk,SMB,12588.54,6723.64,1003.54,766.34,8493.52,4095.02,0.3253,1,November,0.0797,0.5341,0.0609
ORD-01565,2025-09-08,2025,Q3,9,Europe,Spain,Software,Analytics Suite,Enterprise,14046.58,7064.49,1682.34,561.9,9308.73,4737.85,0.3373,12,September,0.1198,0.5029,0.04
ORD-01566,2025-06-28,2025,Q2,6,Asia,South Korea,Furniture,Office Desk,Consumer,1913.91,1038.72,116.06,92.36,1247.14,666.77,0.3484,3,June,0.0606,0.5427,0.0483
ORD-01567,2025-03-22,2025,Q1,3,Europe,Germany,Furniture,Ergonomic Chair,Enterprise,6058.53,3086.82,374.65,324.03,3785.5,2273.03,0.3752,10,March,0.0618,0.5095,0.0535
ORD-01568,2025-03-10,2025,Q1,3,Europe,Germany,Furniture,Conference Table,Consumer,11470.55,6378.88,975.48,607.42,7961.78,3508.77,0.3059,12,March,0.085,0.5561,0.053
ORD-01569,2025-02-02,2025,Q1,2,Europe,Spain,Accessories,Wireless Mouse,Enterprise,10675.38,5693.21,859.72,712.98,7265.91,3409.47,0.3194,2,February,0.0805,0.5333,0.0668
ORD-01570,2025-02-13,2025,Q1,2,Europe,France,Electronics,Smartphone X,SMB,2486.85,1250.7,209.84,119.33,1579.87,906.98,0.3647,9,February,0.0844,0.5029,0.048
ORD-01571,2025-10-12,2025,Q4,10,North America,Mexico,Software,CRM Enterprise,Enterprise,22531.04,12153.85,1798.33,1046.96,14999.14,7531.9,0.3343,8,October,0.0798,0.5394,0.0465
ORD-01572,2025-08-06,2025,Q3,8,Europe,Netherlands,Accessories,USB Hub,SMB,5127.98,2571.24,651.79,323.85,3546.88,1581.1,0.3083,1,August,0.1271,0.5014,0.0632
ORD-01573,2025-04-11,2025,Q2,4,Asia,Singapore,Accessories,Webcam HD,Enterprise,23730.32,11664.27,1918.25,1590.52,15173.04,8557.28,0.3606,4,April,0.0808,0.4915,0.067
ORD-01574,2025-12-25,2025,Q4,12,North America,USA,Accessories,Webcam HD,Consumer,8919.6,4939.33,571.36,495.38,6006.07,2913.53,0.3266,9,December,0.0641,0.5538,0.0555
ORD-01575,2025-04-29,2025,Q2,4,Europe,France,Electronics,Laptop Pro,Enterprise,14967.98,7309.71,1133.86,640.72,9084.29,5883.69,0.3931,5,April,0.0758,0.4884,0.0428
ORD-01576,2025-06-20,2025,Q2,6,North America,USA,Furniture,Office Desk,SMB,9134.85,5150.14,586.38,581.9,6318.42,2816.43,0.3083,12,June,0.0642,0.5638,0.0637
ORD-01577,2025-11-22,2025,Q4,11,Europe,Netherlands,Furniture,Storage Cabinet,Enterprise,11917.39,6475.74,743.7,748.46,7967.9,3949.49,0.3314,8,November,0.0624,0.5434,0.0628
ORD-01578,2025-03-26,2025,Q1,3,North America,Canada,Software,Analytics Suite,Enterprise,20879.01,11650.59,1738.37,1267.91,14656.87,6222.14,0.298,14,March,0.0833,0.558,0.0607
ORD-01579,2025-01-16,2025,Q1,1,Europe,Italy,Furniture,Office Desk,Enterprise,18855.66,9957.26,1586.92,1002.54,12546.72,6308.94,0.3346,15,January,0.0842,0.5281,0.0532
ORD-01580,2025-10-03,2025,Q4,10,North America,Canada,Electronics,Laptop Pro,Consumer,2671.74,1376.84,190.69,116.1,1683.63,988.11,0.3698,15,October,0.0714,0.5153,0.0435
ORD-01581,2025-09-16,2025,Q3,9,North America,Canada,Software,Security Pro,Enterprise,3119.56,1750.93,243.36,178.72,2173.01,946.55,0.3034,8,September,0.078,0.5613,0.0573
ORD-01582,2025-05-28,2025,Q2,5,Asia,Thailand,Electronics,Smartphone X,Enterprise,22415.72,11407.31,1762.99,925.18,14095.48,8320.24,0.3712,7,May,0.0786,0.5089,0.0413
ORD-01583,2025-08-29,2025,Q3,8,Europe,Netherlands,Accessories,Webcam HD,Enterprise,2052.22,995.09,254.03,136.62,1385.74,666.48,0.3248,7,August,0.1238,0.4849,0.0666
ORD-01584,2025-06-26,2025,Q2,6,North America,Canada,Electronics,Tablet Air,Consumer,7980.42,4253.59,575.83,454.01,5283.43,2696.99,0.338,4,June,0.0722,0.533,0.0569
ORD-01585,2025-07-31,2025,Q3,7,Europe,Italy,Furniture,Conference Table,SMB,12107.04,6254.75,1588.48,769.45,8612.68,3494.36,0.2886,7,July,0.1312,0.5166,0.0636
ORD-01586,2025-01-22,2025,Q1,1,North America,Mexico,Electronics,Monitor Ultra,Enterprise,11515.7,5804.36,898.95,672.82,7376.13,4139.57,0.3595,8,January,0.0781,0.504,0.0584
ORD-01587,2025-11-13,2025,Q4,11,Asia,India,Furniture,Ergonomic Chair,Enterprise,2484.58,1391.86,218.26,163.88,1774.0,710.58,0.286,5,November,0.0878,0.5602,0.066
ORD-01588,2025-09-28,2025,Q3,9,Europe,Netherlands,Electronics,Tablet Air,Consumer,11132.63,6414.79,1368.6,628.15,8411.54,2721.09,0.2444,8,September,0.1229,0.5762,0.0564
ORD-01589,2025-09-13,2025,Q3,9,Europe,Netherlands,Furniture,Storage Cabinet,Consumer,11575.87,6167.99,1111.09,556.03,7835.11,3740.76,0.3232,3,September,0.096,0.5328,0.048
ORD-01590,2025-12-11,2025,Q4,12,Europe,France,Accessories,USB Hub,Consumer,2977.63,1599.41,238.46,184.36,2022.23,955.4,0.3209,7,December,0.0801,0.5371,0.0619
ORD-01591,2025-06-02,2025,Q2,6,Europe,Germany,Furniture,Storage Cabinet,Consumer,2392.4,1321.14,204.19,126.62,1651.95,740.45,0.3095,2,June,0.0853,0.5522,0.0529
ORD-01592,2025-06-08,2025,Q2,6,Asia,India,Accessories,Wireless Mouse,SMB,5674.28,3280.99,406.83,287.35,3975.17,1699.11,0.2994,13,June,0.0717,0.5782,0.0506
ORD-01593,2025-07-11,2025,Q3,7,Asia,India,Furniture,Storage Cabinet,Enterprise,19721.34,10194.05,1504.82,899.46,12598.33,7123.01,0.3612,4,July,0.0763,0.5169,0.0456
ORD-01594,2025-01-12,2025,Q1,1,North America,USA,Accessories,Webcam HD,SMB,7754.73,3939.24,532.89,444.12,4916.25,2838.48,0.366,14,January,0.0687,0.508,0.0573
ORD-01595,2025-09-29,2025,Q3,9,North America,USA,Furniture,Office Desk,SMB,4801.12,2639.37,362.78,311.65,3313.8,1487.32,0.3098,5,September,0.0756,0.5497,0.0649
ORD-01596,2025-06-19,2025,Q2,6,North America,USA,Accessories,Wireless Mouse,Consumer,10479.73,5069.61,844.72,437.27,6351.6,4128.13,0.3939,14,June,0.0806,0.4838,0.0417
ORD-01597,2025-05-30,2025,Q2,5,Europe,France,Furniture,Ergonomic Chair,SMB,3981.32,2120.54,309.01,264.78,2694.33,1286.99,0.3233,2,May,0.0776,0.5326,0.0665
ORD-01598,2025-07-22,2025,Q3,7,North America,USA,Furniture,Office Desk,Enterprise,3368.4,1818.89,255.28,207.62,2281.79,1086.61,0.3226,13,July,0.0758,0.54,0.0616
ORD-01599,2025-03-05,2025,Q1,3,North America,USA,Furniture,Ergonomic Chair,Consumer,1825.57,1000.19,136.51,80.4,1217.1,608.47,0.3333,11,March,0.0748,0.5479,0.044
ORD-01600,2025-06-15,2025,Q2,6,Europe,Germany,Accessories,Wireless Mouse,Consumer,1614.19,788.35,133.17,101.44,1022.96,591.23,0.3663,8,June,0.0825,0.4884,0.0628
ORD-01601,2025-06-17,2025,Q2,6,Asia,India,Accessories,Webcam HD,Consumer,10944.15,5827.18,659.4,737.04,7223.62,3720.53,0.34,4,June,0.0603,0.5324,0.0673
ORD-01602,2025-01-14,2025,Q1,1,Europe,Netherlands,Electronics,Tablet Air,SMB,2549.05,1256.15,198.61,172.65,1627.41,921.64,0.3616,4,January,0.0779,0.4928,0.0677
ORD-01603,2025-12-19,2025,Q4,12,Asia,Singapore,Accessories,Webcam HD,SMB,13289.14,7472.54,1034.99,914.44,9421.97,3867.17,0.291,15,December,0.0779,0.5623,0.0688
ORD-01604,2025-08-01,2025,Q3,8,Europe,Netherlands,Furniture,Storage Cabinet,SMB,11209.52,5768.19,1504.25,474.02,7746.46,3463.06,0.3089,10,August,0.1342,0.5146,0.0423
ORD-01605,2025-02-06,2025,Q1,2,Europe,Netherlands,Software,Analytics Suite,Consumer,4737.53,2383.62,359.56,238.24,2981.42,1756.11,0.3707,1,February,0.0759,0.5031,0.0503
ORD-01606,2025-10-28,2025,Q4,10,Europe,Spain,Furniture,Ergonomic Chair,Consumer,2786.33,1397.51,217.5,123.81,1738.82,1047.51,0.3759,4,October,0.0781,0.5016,0.0444
ORD-01607,2025-08-20,2025,Q3,8,Asia,Singapore,Software,CRM Enterprise,Enterprise,3307.07,1896.2,267.42,217.33,2380.95,926.12,0.28,5,August,0.0809,0.5734,0.0657
ORD-01608,2025-03-08,2025,Q1,3,North America,Mexico,Accessories,Wireless Mouse,SMB,11570.32,6453.94,811.37,633.72,7899.03,3671.29,0.3173,7,March,0.0701,0.5578,0.0548
ORD-01609,2025-08-08,2025,Q3,8,Asia,India,Electronics,Laptop Pro,Consumer,2367.4,1321.08,143.32,97.69,1562.09,805.31,0.3402,4,August,0.0605,0.558,0.0413
ORD-01610,2025-01-29,2025,Q1,1,North America,USA,Software,CRM Enterprise,SMB,15990.99,7817.0,1377.42,652.72,9847.14,6143.85,0.3842,3,January,0.0861,0.4888,0.0408
ORD-01611,2025-12-17,2025,Q4,12,Asia,India,Software,Cloud Platform,Enterprise,25767.73,14346.43,1742.43,1293.95,17382.81,8384.92,0.3254,1,December,0.0676,0.5568,0.0502
ORD-01612,2025-08-09,2025,Q3,8,North America,Mexico,Furniture,Storage Cabinet,Consumer,2077.22,1127.18,154.87,130.64,1412.69,664.53,0.3199,11,August,0.0746,0.5426,0.0629
ORD-01613,2025-03-15,2025,Q1,3,North America,USA,Software,Security Pro,Consumer,14465.37,7110.93,999.85,819.26,8930.04,5535.33,0.3827,13,March,0.0691,0.4916,0.0566
ORD-01614,2025-09-28,2025,Q3,9,Asia,Japan,Software,Security Pro,Enterprise,13346.75,7296.81,1021.14,891.72,9209.67,4137.08,0.31,3,September,0.0765,0.5467,0.0668
ORD-01615,2025-07-28,2025,Q3,7,Europe,France,Furniture,Conference Table,Consumer,10995.93,5336.77,1363.68,588.79,7289.24,3706.69,0.3371,12,July,0.124,0.4853,0.0535
ORD-01616,2025-01-10,2025,Q1,1,North America,USA,Software,Analytics Suite,SMB,5572.3,2776.0,336.97,389.29,3502.26,2070.04,0.3715,5,January,0.0605,0.4982,0.0699
ORD-01617,2025-10-26,2025,Q4,10,Europe,Spain,Accessories,Webcam HD,Consumer,4797.97,2568.21,374.91,278.33,3221.45,1576.52,0.3286,12,October,0.0781,0.5353,0.058
ORD-01618,2025-12-13,2025,Q4,12,North America,Canada,Electronics,Tablet Air,Enterprise,14870.41,7682.32,1063.58,1019.49,9765.39,5105.02,0.3433,4,December,0.0715,0.5166,0.0686
ORD-01619,2025-03-17,2025,Q1,3,Asia,Thailand,Electronics,Tablet Air,Enterprise,21057.02,11975.84,1623.17,1342.78,14941.79,6115.23,0.2904,14,March,0.0771,0.5687,0.0638
ORD-01620,2025-04-10,2025,Q2,4,Europe,France,Electronics,Smartphone X,Enterprise,8584.67,4241.93,764.66,447.49,5454.08,3130.59,0.3647,9,April,0.0891,0.4941,0.0521
ORD-01621,2025-01-29,2025,Q1,1,Asia,Thailand,Electronics,Monitor Ultra,Enterprise,11287.64,5550.94,935.9,780.77,7267.61,4020.03,0.3561,1,January,0.0829,0.4918,0.0692
ORD-01622,2025-11-25,2025,Q4,11,Asia,Japan,Furniture,Conference Table,Consumer,14173.96,7830.26,1071.55,660.68,9562.49,4611.47,0.3253,11,November,0.0756,0.5524,0.0466
ORD-01623,2025-12-06,2025,Q4,12,North America,Canada,Furniture,Ergonomic Chair,Consumer,13507.45,7506.11,1149.2,937.8,9593.11,3914.34,0.2898,14,December,0.0851,0.5557,0.0694
ORD-01624,2025-01-02,2025,Q1,1,Asia,South Korea,Electronics,Smartphone X,Consumer,8710.88,4559.41,530.48,558.69,5648.58,3062.3,0.3515,13,January,0.0609,0.5234,0.0641
ORD-01625,2025-03-17,2025,Q1,3,Asia,Thailand,Software,Cloud Platform,SMB,12099.98,5921.12,925.87,691.97,7538.96,4561.02,0.3769,6,March,0.0765,0.4893,0.0572
ORD-01626,2025-07-28,2025,Q3,7,North America,USA,Furniture,Office Desk,Consumer,7487.97,3913.18,600.24,453.55,4966.97,2521.0,0.3367,3,July,0.0802,0.5226,0.0606
ORD-01627,2025-04-08,2025,Q2,4,North America,Canada,Software,Analytics Suite,SMB,15273.56,8518.4,1099.09,679.19,10296.68,4976.88,0.3258,10,April,0.072,0.5577,0.0445
ORD-01628,2025-06-09,2025,Q2,6,North America,Canada,Electronics,Laptop Pro,Enterprise,13386.69,6725.12,805.82,877.71,8408.65,4978.04,0.3719,7,June,0.0602,0.5024,0.0656
ORD-01629,2025-11-04,2025,Q4,11,Asia,South Korea,Electronics,Laptop Pro,Enterprise,22659.84,12606.24,1702.14,957.42,15265.8,7394.04,0.3263,11,November,0.0751,0.5563,0.0423
ORD-01630,2025-04-09,2025,Q2,4,North America,Canada,Electronics,Laptop Pro,Enterprise,10692.5,5192.26,849.5,453.4,6495.16,4197.34,0.3925,11,April,0.0794,0.4856,0.0424
ORD-01631,2025-11-07,2025,Q4,11,Europe,Italy,Electronics,Monitor Ultra,SMB,14061.59,7962.93,1063.82,930.25,9957.0,4104.59,0.2919,8,November,0.0757,0.5663,0.0662
ORD-01632,2025-11-25,2025,Q4,11,Asia,Japan,Electronics,Tablet Air,Enterprise,17538.83,8892.4,1523.63,933.41,11349.44,6189.39,0.3529,10,November,0.0869,0.507,0.0532
ORD-01633,2025-05-25,2025,Q2,5,Asia,Japan,Electronics,Monitor Ultra,Enterprise,19849.15,11042.02,1436.07,871.39,13349.48,6499.67,0.3275,3,May,0.0723,0.5563,0.0439
ORD-01634,2025-06-26,2025,Q2,6,Europe,Netherlands,Electronics,Monitor Ultra,Consumer,9568.15,5046.38,684.45,396.42,6127.25,3440.9,0.3596,3,June,0.0715,0.5274,0.0414
ORD-01635,2025-10-17,2025,Q4,10,North America,Mexico,Electronics,Tablet Air,Enterprise,11268.98,5999.58,856.51,473.46,7329.55,3939.43,0.3496,4,October,0.076,0.5324,0.042
ORD-01636,2025-04-12,2025,Q2,4,Europe,Spain,Furniture,Office Desk,Enterprise,25804.44,13196.91,2101.71,1164.75,16463.37,9341.07,0.362,6,April,0.0814,0.5114,0.0451
ORD-01637,2025-07-25,2025,Q3,7,Europe,Spain,Electronics,Monitor Ultra,Enterprise,6248.33,3621.6,844.81,377.03,4843.44,1404.89,0.2248,2,July,0.1352,0.5796,0.0603
ORD-01638,2025-11-05,2025,Q4,11,Europe,Germany,Accessories,Wireless Mouse,Enterprise,20483.81,10319.69,1544.46,1230.85,13095.0,7388.81,0.3607,3,November,0.0754,0.5038,0.0601
ORD-01639,2025-08-28,2025,Q3,8,Asia,Thailand,Software,CRM Enterprise,Enterprise,5869.11,3079.81,509.1,330.76,3919.67,1949.44,0.3322,5,August,0.0867,0.5247,0.0564
ORD-01640,2025-05-16,2025,Q2,5,North America,USA,Furniture,Conference Table,Enterprise,4576.21,2377.61,344.63,316.64,3038.88,1537.33,0.3359,2,May,0.0753,0.5196,0.0692
ORD-01641,2025-08-09,2025,Q3,8,Asia,Singapore,Electronics,Smartphone X,SMB,4165.09,2103.42,262.6,225.38,2591.4,1573.69,0.3778,2,August,0.063,0.505,0.0541
ORD-01642,2025-03-14,2025,Q1,3,Asia,South Korea,Furniture,Ergonomic Chair,Enterprise,1265.75,628.0,79.45,69.3,776.75,489.0,0.3863,14,March,0.0628,0.4961,0.0548
ORD-01643,2025-10-29,2025,Q4,10,North America,USA,Electronics,Smartphone X,SMB,9637.99,5564.66,627.9,543.43,6735.99,2902.0,0.3011,12,October,0.0651,0.5774,0.0564
ORD-01644,2025-09-09,2025,Q3,9,North America,Mexico,Accessories,Keyboard Pro,SMB,15678.55,7888.87,1327.6,741.45,9957.92,5720.63,0.3649,2,September,0.0847,0.5032,0.0473
ORD-01645,2025-09-21,2025,Q3,9,Europe,Netherlands,Software,CRM Enterprise,Enterprise,9734.1,5229.57,1108.8,605.11,6943.48,2790.62,0.2867,8,September,0.1139,0.5372,0.0622
ORD-01646,2025-12-26,2025,Q4,12,North America,Mexico,Accessories,Webcam HD,Consumer,13943.03,6858.57,1036.66,583.27,8478.5,5464.53,0.3919,14,December,0.0743,0.4919,0.0418
ORD-01647,2025-09-12,2025,Q3,9,Europe,Spain,Furniture,Office Desk,SMB,13902.93,7196.32,1385.83,830.94,9413.09,4489.84,0.3229,3,September,0.0997,0.5176,0.0598
ORD-01648,2025-04-03,2025,Q2,4,Europe,Italy,Software,Cloud Platform,Enterprise,26795.14,14680.38,2137.89,1083.73,17902.0,8893.14,0.3319,6,April,0.0798,0.5479,0.0404
ORD-01649,2025-10-04,2025,Q4,10,Asia,India,Software,CRM Enterprise,Consumer,2679.94,1305.9,213.16,182.54,1701.6,978.34,0.3651,2,October,0.0795,0.4873,0.0681
ORD-01650,2025-10-20,2025,Q4,10,Europe,Italy,Accessories,Webcam HD,Consumer,14345.92,7685.87,1090.69,867.3,9643.86,4702.06,0.3278,4,October,0.076,0.5358,0.0605
ORD-01651,2025-08-09,2025,Q3,8,North America,Mexico,Software,Analytics Suite,Enterprise,4211.41,2408.33,360.19,269.33,3037.85,1173.56,0.2787,10,August,0.0855,0.5719,0.064
ORD-01652,2025-12-21,2025,Q4,12,North America,USA,Accessories,USB Hub,Consumer,14551.45,7928.17,1003.24,846.43,9777.84,4773.61,0.3281,14,December,0.0689,0.5448,0.0582
ORD-01653,2025-11-09,2025,Q4,11,North America,Mexico,Electronics,Laptop Pro,SMB,6633.96,3599.63,499.05,456.9,4555.58,2078.38,0.3133,13,November,0.0752,0.5426,0.0689
ORD-01654,2025-01-19,2025,Q1,1,North America,Mexico,Accessories,Wireless Mouse,SMB,16671.5,8394.57,1272.35,890.71,10557.63,6113.87,0.3667,8,January,0.0763,0.5035,0.0534
ORD-01655,2025-04-11,2025,Q2,4,North America,Mexico,Furniture,Office Desk,Consumer,7054.09,3654.34,439.75,412.11,4506.2,2547.89,0.3612,12,April,0.0623,0.518,0.0584
ORD-01656,2025-11-18,2025,Q4,11,North America,Canada,Accessories,Webcam HD,SMB,10030.4,5674.22,774.73,532.55,6981.5,3048.9,0.304,8,November,0.0772,0.5657,0.0531
ORD-01657,2025-03-20,2025,Q1,3,Europe,Italy,Furniture,Storage Cabinet,Consumer,1053.61,573.51,73.28,58.72,705.51,348.1,0.3304,7,March,0.0696,0.5443,0.0557
ORD-01658,2025-11-26,2025,Q4,11,Europe,France,Software,Analytics Suite,Consumer,4405.24,2127.69,382.56,223.83,2734.08,1671.16,0.3794,7,November,0.0868,0.483,0.0508
ORD-01659,2025-07-15,2025,Q3,7,North America,Mexico,Software,CRM Enterprise,Consumer,1055.58,577.72,68.65,70.72,717.09,338.49,0.3207,3,July,0.065,0.5473,0.067
ORD-01660,2025-06-25,2025,Q2,6,Asia,Singapore,Software,Cloud Platform,Consumer,6201.01,3344.58,408.54,313.71,4066.83,2134.18,0.3442,14,June,0.0659,0.5394,0.0506
ORD-01661,2025-11-10,2025,Q4,11,Asia,Japan,Furniture,Ergonomic Chair,Consumer,8224.2,4421.37,559.88,425.53,5406.78,2817.42,0.3426,14,November,0.0681,0.5376,0.0517
ORD-01662,2025-04-24,2025,Q2,4,Europe,Netherlands,Electronics,Tablet Air,SMB,3460.93,1688.8,278.31,172.48,2139.59,1321.34,0.3818,9,April,0.0804,0.488,0.0498
ORD-01663,2025-06-22,2025,Q2,6,North America,Canada,Furniture,Conference Table,SMB,3517.62,1890.88,253.65,202.87,2347.4,1170.22,0.3327,14,June,0.0721,0.5375,0.0577
ORD-01664,2025-12-22,2025,Q4,12,Europe,Italy,Software,Analytics Suite,Enterprise,23357.75,13406.37,1475.89,1432.26,16314.52,7043.23,0.3015,6,December,0.0632,0.574,0.0613
ORD-01665,2025-07-07,2025,Q3,7,Europe,Spain,Software,CRM Enterprise,Consumer,5203.46,2815.01,666.84,328.81,3810.66,1392.8,0.2677,5,July,0.1282,0.541,0.0632
ORD-01666,2025-05-14,2025,Q2,5,Europe,Germany,Furniture,Conference Table,Consumer,9536.11,5414.37,827.89,617.27,6859.53,2676.58,0.2807,2,May,0.0868,0.5678,0.0647
ORD-01667,2025-02-27,2025,Q1,2,Asia,Thailand,Accessories,Keyboard Pro,Enterprise,6097.76,3434.88,426.89,287.09,4148.86,1948.9,0.3196,13,February,0.07,0.5633,0.0471
ORD-01668,2025-01-20,2025,Q1,1,Europe,Italy,Furniture,Storage Cabinet,SMB,2134.81,1087.4,134.97,138.4,1360.77,774.04,0.3626,4,January,0.0632,0.5094,0.0648
ORD-01669,2025-02-24,2025,Q1,2,Europe,France,Software,Cloud Platform,SMB,8879.89,5013.47,672.52,418.64,6104.63,2775.26,0.3125,7,February,0.0757,0.5646,0.0471
ORD-01670,2025-08-18,2025,Q3,8,Asia,India,Electronics,Tablet Air,Enterprise,19094.99,10394.0,1208.2,1308.23,12910.43,6184.56,0.3239,13,August,0.0633,0.5443,0.0685
ORD-01671,2025-02-14,2025,Q1,2,Europe,Italy,Furniture,Storage Cabinet,SMB,11313.51,6502.98,720.22,653.38,7876.58,3436.93,0.3038,8,February,0.0637,0.5748,0.0578
ORD-01672,2025-10-15,2025,Q4,10,Europe,Netherlands,Furniture,Storage Cabinet,Enterprise,7990.9,3939.34,681.95,445.92,5067.21,2923.69,0.3659,14,October,0.0853,0.493,0.0558
ORD-01673,2025-06-28,2025,Q2,6,Asia,Japan,Furniture,Conference Table,Consumer,12231.92,6861.36,891.03,510.7,8263.09,3968.83,0.3245,6,June,0.0728,0.5609,0.0418
ORD-01674,2025-10-26,2025,Q4,10,North America,Canada,Accessories,Webcam HD,SMB,5796.51,2879.47,433.47,290.62,3603.56,2192.95,0.3783,6,October,0.0748,0.4968,0.0501
ORD-01675,2025-12-09,2025,Q4,12,Asia,Thailand,Software,CRM Enterprise,SMB,14460.88,7400.11,1176.83,844.65,9421.59,5039.29,0.3485,3,December,0.0814,0.5117,0.0584
ORD-01676,2025-09-15,2025,Q3,9,Europe,Italy,Electronics,Laptop Pro,Consumer,6707.56,3442.52,666.26,439.55,4548.33,2159.23,0.3219,15,September,0.0993,0.5132,0.0655
ORD-01677,2025-01-21,2025,Q1,1,Europe,France,Software,Security Pro,Consumer,3828.81,2085.69,256.39,263.25,2605.33,1223.48,0.3195,3,January,0.067,0.5447,0.0688
ORD-01678,2025-11-26,2025,Q4,11,Europe,Italy,Software,Analytics Suite,Enterprise,1045.37,537.31,63.78,48.22,649.31,396.06,0.3789,11,November,0.061,0.514,0.0461
ORD-01679,2025-08-06,2025,Q3,8,North America,Mexico,Furniture,Office Desk,SMB,5876.77,3321.03,445.13,302.61,4068.77,1808.0,0.3077,10,August,0.0757,0.5651,0.0515
ORD-01680,2025-11-14,2025,Q4,11,North America,Canada,Furniture,Storage Cabinet,Consumer,14861.71,7463.68,1091.89,878.62,9434.19,5427.52,0.3652,8,November,0.0735,0.5022,0.0591
ORD-01681,2025-05-30,2025,Q2,5,North America,Canada,Furniture,Office Desk,Enterprise,10460.28,5559.97,859.44,471.04,6890.45,3569.83,0.3413,6,May,0.0822,0.5315,0.045
ORD-01682,2025-05-28,2025,Q2,5,Europe,Germany,Furniture,Ergonomic Chair,Consumer,8378.79,4705.83,687.99,383.02,5776.84,2601.95,0.3105,2,May,0.0821,0.5616,0.0457
ORD-01683,2025-03-06,2025,Q1,3,Europe,Netherlands,Furniture,Office Desk,Consumer,4920.61,2407.46,350.91,198.02,2956.39,1964.22,0.3992,2,March,0.0713,0.4893,0.0402
ORD-01684,2025-09-24,2025,Q3,9,Europe,Spain,Software,CRM Enterprise,Enterprise,6223.28,3331.16,678.6,348.35,4358.11,1865.17,0.2997,13,September,0.109,0.5353,0.056
ORD-01685,2025-08-30,2025,Q3,8,Asia,Thailand,Electronics,Monitor Ultra,Enterprise,21438.69,12219.73,1595.09,1063.9,14878.72,6559.97,0.306,12,August,0.0744,0.57,0.0496
ORD-01686,2025-07-05,2025,Q3,7,North America,Mexico,Software,CRM Enterprise,Enterprise,10789.54,6109.83,952.33,536.92,7599.08,3190.46,0.2957,10,July,0.0883,0.5663,0.0498
ORD-01687,2025-02-16,2025,Q1,2,North America,Mexico,Accessories,Webcam HD,Consumer,8530.1,4716.76,612.25,481.79,5810.8,2719.3,0.3188,3,February,0.0718,0.553,0.0565
ORD-01688,2025-08-14,2025,Q3,8,Europe,Spain,Furniture,Office Desk,SMB,12562.2,6278.99,1628.13,776.96,8684.08,3878.12,0.3087,15,August,0.1296,0.4998,0.0618
ORD-01689,2025-10-17,2025,Q4,10,North America,Mexico,Furniture,Office Desk,SMB,3763.13,1864.7,333.62,253.22,2451.54,1311.59,0.3485,4,October,0.0887,0.4955,0.0673
ORD-01690,2025-07-30,2025,Q3,7,Europe,Germany,Accessories,USB Hub,Consumer,12881.08,6279.99,1379.55,728.99,8388.53,4492.55,0.3488,3,July,0.1071,0.4875,0.0566
ORD-01691,2025-05-02,2025,Q2,5,Europe,Italy,Software,Cloud Platform,Consumer,12907.64,6892.89,898.45,880.18,8671.52,4236.12,0.3282,5,May,0.0696,0.534,0.0682
ORD-01692,2025-08-02,2025,Q3,8,Europe,Spain,Accessories,Webcam HD,Enterprise,5116.76,2657.18,534.66,207.67,3399.51,1717.25,0.3356,6,August,0.1045,0.5193,0.0406
ORD-01693,2025-05-14,2025,Q2,5,Asia,Thailand,Accessories,Wireless Mouse,Enterprise,24214.4,13084.51,2068.84,1391.55,16544.9,7669.5,0.3167,1,May,0.0854,0.5404,0.0575
ORD-01694,2025-04-06,2025,Q2,4,North America,USA,Accessories,Wireless Mouse,Enterprise,2346.92,1184.37,204.26,126.86,1515.49,831.43,0.3543,9,April,0.087,0.5046,0.0541
ORD-01695,2025-09-12,2025,Q3,9,North America,USA,Furniture,Storage Cabinet,Consumer,13483.05,6912.59,1043.42,765.15,8721.16,4761.89,0.3532,15,September,0.0774,0.5127,0.0567
ORD-01696,2025-09-23,2025,Q3,9,Europe,France,Furniture,Office Desk,Consumer,11414.86,5591.63,1482.62,592.59,7666.84,3748.02,0.3283,13,September,0.1299,0.4899,0.0519
ORD-01697,2025-01-28,2025,Q1,1,North America,USA,Furniture,Office Desk,Enterprise,7824.63,4189.47,611.87,533.58,5334.92,2489.71,0.3182,15,January,0.0782,0.5354,0.0682
ORD-01698,2025-08-27,2025,Q3,8,North America,Mexico,Accessories,USB Hub,Consumer,3553.49,1968.63,288.36,181.82,2438.81,1114.68,0.3137,9,August,0.0811,0.554,0.0512
ORD-01699,2025-07-02,2025,Q3,7,Europe,France,Accessories,Wireless Mouse,Enterprise,6172.07,3134.26,660.71,417.7,4212.67,1959.4,0.3175,11,July,0.107,0.5078,0.0677
ORD-01700,2025-02-11,2025,Q1,2,North America,Mexico,Software,Analytics Suite,SMB,1755.51,989.26,113.92,81.28,1184.46,571.05,0.3253,12,February,0.0649,0.5635,0.0463
ORD-01701,2025-10-20,2025,Q4,10,Europe,Germany,Furniture,Ergonomic Chair,Consumer,14156.5,7855.84,1131.39,605.53,9592.76,4563.74,0.3224,4,October,0.0799,0.5549,0.0428
ORD-01702,2025-09-02,2025,Q3,9,Asia,Thailand,Furniture,Office Desk,Consumer,12437.11,7103.65,961.34,867.68,8932.67,3504.44,0.2818,2,September,0.0773,0.5712,0.0698
ORD-01703,2025-04-18,2025,Q2,4,North America,Mexico,Accessories,Wireless Mouse,Consumer,14527.51,7184.12,892.75,646.88,8723.75,5803.76,0.3995,3,April,0.0615,0.4945,0.0445
ORD-01704,2025-03-01,2025,Q1,3,Europe,France,Electronics,Monitor Ultra,SMB,8718.02,4760.2,537.07,507.17,5804.44,2913.58,0.3342,12,March,0.0616,0.546,0.0582
ORD-01705,2025-12-11,2025,Q4,12,Europe,Germany,Electronics,Monitor Ultra,SMB,2418.4,1381.7,148.14,141.54,1671.38,747.02,0.3089,1,December,0.0613,0.5713,0.0585
ORD-01706,2025-08-17,2025,Q3,8,Europe,Italy,Accessories,Keyboard Pro,Enterprise,25055.11,13897.5,2579.55,1222.9,17699.95,7355.16,0.2936,4,August,0.103,0.5547,0.0488
ORD-01707,2025-08-09,2025,Q3,8,Asia,Singapore,Furniture,Office Desk,Consumer,3093.15,1685.96,247.31,151.7,2084.97,1008.18,0.3259,9,August,0.08,0.5451,0.049
ORD-01708,2025-02-23,2025,Q1,2,Europe,Italy,Furniture,Office Desk,Enterprise,8324.16,4653.07,670.02,489.13,5812.22,2511.94,0.3018,3,February,0.0805,0.559,0.0588
ORD-01709,2025-06-22,2025,Q2,6,Europe,Netherlands,Software,Cloud Platform,Enterprise,16464.04,8521.09,996.3,1065.18,10582.57,5881.47,0.3572,4,June,0.0605,0.5176,0.0647
ORD-01710,2025-12-25,2025,Q4,12,Asia,Singapore,Accessories,Wireless Mouse,Consumer,11171.76,5363.82,982.23,686.73,7032.78,4138.98,0.3705,10,December,0.0879,0.4801,0.0615
ORD-01711,2025-11-02,2025,Q4,11,Asia,Japan,Accessories,Wireless Mouse,Enterprise,6873.33,3611.07,441.66,314.27,4367.0,2506.33,0.3646,15,November,0.0643,0.5254,0.0457
ORD-01712,2025-07-03,2025,Q3,7,North America,Canada,Software,CRM Enterprise,SMB,13868.76,6837.76,1184.26,662.66,8684.68,5184.08,0.3738,2,July,0.0854,0.493,0.0478
ORD-01713,2025-03-21,2025,Q1,3,Europe,France,Accessories,Wireless Mouse,SMB,2742.16,1484.68,203.96,155.55,1844.19,897.97,0.3275,5,March,0.0744,0.5414,0.0567
ORD-01714,2025-01-31,2025,Q1,1,Europe,Netherlands,Electronics,Monitor Ultra,Consumer,10962.44,5355.56,797.91,632.8,6786.27,4176.17,0.381,7,January,0.0728,0.4885,0.0577
ORD-01715,2025-04-27,2025,Q2,4,Europe,France,Software,Analytics Suite,SMB,6158.17,3542.74,398.79,408.64,4350.17,1808.0,0.2936,11,April,0.0648,0.5753,0.0664
ORD-01716,2025-11-25,2025,Q4,11,Europe,France,Software,Analytics Suite,Enterprise,2430.71,1170.84,172.33,163.23,1506.4,924.31,0.3803,8,November,0.0709,0.4817,0.0672
ORD-01717,2025-10-16,2025,Q4,10,North America,Canada,Software,CRM Enterprise,SMB,11438.57,5914.76,888.82,724.65,7528.23,3910.34,0.3419,6,October,0.0777,0.5171,0.0634
ORD-01718,2025-07-10,2025,Q3,7,Asia,South Korea,Furniture,Ergonomic Chair,SMB,8944.54,4388.57,761.21,425.16,5574.94,3369.6,0.3767,7,July,0.0851,0.4906,0.0475
ORD-01719,2025-01-02,2025,Q1,1,Europe,Germany,Electronics,Laptop Pro,Consumer,2278.23,1140.76,191.79,141.48,1474.03,804.2,0.353,7,January,0.0842,0.5007,0.0621
ORD-01720,2025-10-11,2025,Q4,10,Europe,Germany,Accessories,Webcam HD,SMB,13883.93,6789.21,900.46,770.4,8460.07,5423.86,0.3907,9,October,0.0649,0.489,0.0555
ORD-01721,2025-01-07,2025,Q1,1,North America,USA,Software,CRM Enterprise,Enterprise,4766.25,2302.33,388.9,329.95,3021.18,1745.07,0.3661,12,January,0.0816,0.483,0.0692
ORD-01722,2025-02-01,2025,Q1,2,Asia,India,Furniture,Office Desk,SMB,8481.56,4280.22,626.43,397.58,5304.23,3177.33,0.3746,2,February,0.0739,0.5047,0.0469
ORD-01723,2025-01-25,2025,Q1,1,Asia,Singapore,Software,CRM Enterprise,SMB,4071.2,2117.28,258.22,186.85,2562.35,1508.85,0.3706,1,January,0.0634,0.5201,0.0459
ORD-01724,2025-10-17,2025,Q4,10,Asia,Japan,Software,Security Pro,SMB,8010.81,4189.24,541.63,327.57,5058.44,2952.37,0.3685,2,October,0.0676,0.5229,0.0409
ORD-01725,2025-10-15,2025,Q4,10,Europe,Italy,Furniture,Ergonomic Chair,Consumer,6337.41,3563.26,555.05,337.05,4455.36,1882.05,0.297,5,October,0.0876,0.5623,0.0532
ORD-01726,2025-08-12,2025,Q3,8,Asia,South Korea,Furniture,Office Desk,SMB,10781.56,5740.77,915.58,657.51,7313.86,3467.7,0.3216,8,August,0.0849,0.5325,0.061
ORD-01727,2025-01-10,2025,Q1,1,Europe,Germany,Software,CRM Enterprise,SMB,8004.81,4090.94,559.62,461.71,5112.27,2892.54,0.3614,13,January,0.0699,0.5111,0.0577
ORD-01728,2025-02-04,2025,Q1,2,Europe,Germany,Accessories,Webcam HD,Consumer,7276.7,4157.85,444.76,454.58,5057.19,2219.51,0.305,5,February,0.0611,0.5714,0.0625
ORD-01729,2025-10-27,2025,Q4,10,Europe,Netherlands,Electronics,Tablet Air,Consumer,543.89,274.63,48.91,22.83,346.37,197.52,0.3632,13,October,0.0899,0.5049,0.042
ORD-01730,2025-03-30,2025,Q1,3,Europe,Italy,Electronics,Tablet Air,Consumer,12536.9,7047.88,1101.72,650.04,8799.64,3737.26,0.2981,10,March,0.0879,0.5622,0.0519
ORD-01731,2025-09-28,2025,Q3,9,Asia,Japan,Electronics,Smartphone X,SMB,10871.52,5963.2,917.66,559.52,7440.38,3431.14,0.3156,9,September,0.0844,0.5485,0.0515
ORD-01732,2025-05-30,2025,Q2,5,Europe,Spain,Accessories,Wireless Mouse,Enterprise,6545.0,3329.22,402.34,356.03,4087.59,2457.41,0.3755,5,May,0.0615,0.5087,0.0544
ORD-01733,2025-05-08,2025,Q2,5,Europe,France,Software,CRM Enterprise,Enterprise,6405.41,3515.86,483.36,369.78,4369.0,2036.41,0.3179,5,May,0.0755,0.5489,0.0577
ORD-01734,2025-10-26,2025,Q4,10,North America,USA,Accessories,Wireless Mouse,Enterprise,19469.81,11119.35,1264.65,1030.41,13414.41,6055.4,0.311,11,October,0.065,0.5711,0.0529
ORD-01735,2025-03-13,2025,Q1,3,Europe,France,Accessories,Wireless Mouse,Consumer,7180.76,4095.96,612.72,310.0,5018.68,2162.08,0.3011,7,March,0.0853,0.5704,0.0432
ORD-01736,2025-01-29,2025,Q1,1,Europe,Germany,Software,Analytics Suite,Consumer,14183.86,7941.8,951.12,858.55,9751.47,4432.39,0.3125,13,January,0.0671,0.5599,0.0605
ORD-01737,2025-11-11,2025,Q4,11,North America,Mexico,Accessories,Keyboard Pro,Enterprise,3079.37,1614.96,186.83,200.43,2002.22,1077.15,0.3498,9,November,0.0607,0.5244,0.0651
ORD-01738,2025-11-17,2025,Q4,11,North America,Canada,Electronics,Laptop Pro,Consumer,13957.1,7947.4,964.76,616.17,9528.33,4428.77,0.3173,13,November,0.0691,0.5694,0.0441
ORD-01739,2025-03-03,2025,Q1,3,Asia,Singapore,Furniture,Storage Cabinet,Consumer,5920.09,3393.7,450.95,247.76,4092.41,1827.68,0.3087,1,March,0.0762,0.5733,0.0419
ORD-01740,2025-05-13,2025,Q2,5,North America,USA,Accessories,Webcam HD,SMB,8834.99,4323.58,753.43,576.6,5653.61,3181.38,0.3601,7,May,0.0853,0.4894,0.0653
ORD-01741,2025-10-16,2025,Q4,10,Europe,Italy,Accessories,Wireless Mouse,Consumer,10185.76,5840.67,767.26,560.12,7168.05,3017.71,0.2963,14,October,0.0753,0.5734,0.055
ORD-01742,2025-10-30,2025,Q4,10,Asia,Japan,Accessories,Keyboard Pro,SMB,13235.97,6872.26,1168.71,795.59,8836.56,4399.41,0.3324,14,October,0.0883,0.5192,0.0601
ORD-01743,2025-09-02,2025,Q3,9,North America,Mexico,Electronics,Tablet Air,Enterprise,16268.77,8182.11,1033.68,1092.31,10308.1,5960.67,0.3664,2,September,0.0635,0.5029,0.0671
ORD-01744,2025-10-25,2025,Q4,10,Asia,India,Software,CRM Enterprise,Enterprise,13802.68,7386.98,930.9,753.97,9071.85,4730.83,0.3427,11,October,0.0674,0.5352,0.0546
ORD-01745,2025-12-20,2025,Q4,12,North America,Mexico,Furniture,Conference Table,Consumer,5972.11,2930.52,525.13,342.98,3798.63,2173.48,0.3639,14,December,0.0879,0.4907,0.0574
ORD-01746,2025-12-04,2025,Q4,12,North America,Mexico,Accessories,Keyboard Pro,SMB,11735.98,6671.63,1030.26,716.6,8418.49,3317.49,0.2827,5,December,0.0878,0.5685,0.0611
ORD-01747,2025-11-09,2025,Q4,11,Asia,South Korea,Furniture,Conference Table,Consumer,6724.97,3406.63,506.73,299.6,4212.96,2512.01,0.3735,8,November,0.0754,0.5066,0.0446
ORD-01748,2025-01-06,2025,Q1,1,Europe,Netherlands,Software,Analytics Suite,SMB,3076.71,1778.72,217.42,193.22,2189.36,887.35,0.2884,14,January,0.0707,0.5781,0.0628
ORD-01749,2025-11-19,2025,Q4,11,Asia,Singapore,Furniture,Office Desk,Consumer,14531.09,8370.13,1211.31,697.17,10278.61,4252.48,0.2926,7,November,0.0834,0.576,0.048
ORD-01750,2025-09-30,2025,Q3,9,North America,Mexico,Furniture,Office Desk,SMB,2991.79,1513.41,222.55,208.58,1944.54,1047.25,0.35,13,September,0.0744,0.5059,0.0697
ORD-01751,2025-09-27,2025,Q3,9,Asia,Thailand,Electronics,Monitor Ultra,Enterprise,17166.54,8348.79,1184.44,797.1,10330.33,6836.21,0.3982,14,September,0.069,0.4863,0.0464
ORD-01752,2025-02-27,2025,Q1,2,North America,Mexico,Furniture,Conference Table,Consumer,11454.62,6185.14,967.3,801.34,7953.78,3500.84,0.3056,14,February,0.0844,0.54,0.07
ORD-01753,2025-04-15,2025,Q2,4,North America,Canada,Electronics,Smartphone X,Enterprise,13300.38,6926.35,798.19,606.46,8331.0,4969.38,0.3736,4,April,0.06,0.5208,0.0456
ORD-01754,2025-01-23,2025,Q1,1,Asia,Singapore,Electronics,Monitor Ultra,SMB,14167.8,7792.76,1236.85,719.86,9749.47,4418.33,0.3119,5,January,0.0873,0.55,0.0508
ORD-01755,2025-06-04,2025,Q2,6,Asia,Japan,Software,Analytics Suite,Consumer,1911.74,978.41,116.51,87.55,1182.47,729.27,0.3815,5,June,0.0609,0.5118,0.0458
ORD-01756,2025-05-21,2025,Q2,5,Europe,Netherlands,Accessories,Webcam HD,Enterprise,13168.21,7295.63,1144.28,894.66,9334.57,3833.64,0.2911,2,May,0.0869,0.554,0.0679
ORD-01757,2025-09-22,2025,Q3,9,Europe,Italy,Electronics,Laptop Pro,SMB,8634.02,4620.19,841.87,365.98,5828.04,2805.98,0.325,5,September,0.0975,0.5351,0.0424
ORD-01758,2025-07-31,2025,Q3,7,North America,USA,Furniture,Conference Table,Consumer,3178.27,1650.96,226.6,152.4,2029.96,1148.31,0.3613,7,July,0.0713,0.5195,0.048
ORD-01759,2025-11-12,2025,Q4,11,North America,Mexico,Furniture,Storage Cabinet,Consumer,9468.9,4962.03,832.4,487.03,6281.46,3187.44,0.3366,5,November,0.0879,0.524,0.0514
ORD-01760,2025-12-19,2025,Q4,12,Europe,Italy,Software,Security Pro,SMB,14582.28,7071.39,929.23,642.25,8642.87,5939.41,0.4073,10,December,0.0637,0.4849,0.044
ORD-01761,2025-12-14,2025,Q4,12,Europe,Germany,Accessories,USB Hub,Enterprise,19091.46,9892.22,1543.41,964.84,12400.47,6690.99,0.3505,2,December,0.0808,0.5181,0.0505
ORD-01762,2025-08-31,2025,Q3,8,Europe,Spain,Electronics,Smartphone X,Consumer,8298.35,4623.26,1083.34,383.5,6090.1,2208.25,0.2661,6,August,0.1305,0.5571,0.0462
ORD-01763,2025-05-08,2025,Q2,5,Asia,Japan,Electronics,Tablet Air,SMB,7079.56,3437.7,527.89,293.62,4259.21,2820.35,0.3984,10,May,0.0746,0.4856,0.0415
ORD-01764,2025-12-02,2025,Q4,12,North America,Mexico,Software,Cloud Platform,SMB,9828.14,5287.9,642.44,479.61,6409.95,3418.19,0.3478,7,December,0.0654,0.538,0.0488
ORD-01765,2025-07-12,2025,Q3,7,North America,Canada,Accessories,Webcam HD,SMB,7742.01,3969.23,565.74,347.27,4882.24,2859.77,0.3694,14,July,0.0731,0.5127,0.0449
ORD-01766,2025-06-09,2025,Q2,6,Asia,South Korea,Software,CRM Enterprise,SMB,6514.55,3708.38,502.51,413.51,4624.4,1890.15,0.2901,5,June,0.0771,0.5692,0.0635
ORD-01767,2025-06-13,2025,Q2,6,Europe,France,Electronics,Monitor Ultra,Enterprise,7229.68,4035.78,489.76,376.91,4902.45,2327.23,0.3219,7,June,0.0677,0.5582,0.0521
ORD-01768,2025-03-08,2025,Q1,3,North America,USA,Accessories,USB Hub,Consumer,4693.26,2303.64,370.67,272.72,2947.03,1746.23,0.3721,6,March,0.079,0.4908,0.0581
ORD-01769,2025-04-28,2025,Q2,4,Europe,Germany,Accessories,Keyboard Pro,Enterprise,3990.61,1976.21,261.11,250.85,2488.17,1502.44,0.3765,8,April,0.0654,0.4952,0.0629
ORD-01770,2025-08-08,2025,Q3,8,Asia,South Korea,Software,CRM Enterprise,Enterprise,20835.41,11278.78,1493.99,898.21,13670.98,7164.43,0.3439,3,August,0.0717,0.5413,0.0431
ORD-01771,2025-05-24,2025,Q2,5,North America,USA,Electronics,Tablet Air,Consumer,12321.64,6223.91,1033.87,729.23,7987.01,4334.63,0.3518,1,May,0.0839,0.5051,0.0592
ORD-01772,2025-01-04,2025,Q1,1,North America,USA,Electronics,Monitor Ultra,Consumer,7985.92,4149.55,649.49,557.01,5356.05,2629.87,0.3293,3,January,0.0813,0.5196,0.0697
ORD-01773,2025-04-11,2025,Q2,4,Europe,France,Software,CRM Enterprise,Enterprise,25198.72,12783.81,1613.91,1550.94,15948.66,9250.06,0.3671,13,April,0.064,0.5073,0.0615
ORD-01774,2025-05-15,2025,Q2,5,Europe,Spain,Electronics,Smartphone X,Consumer,2108.16,1046.62,139.38,100.22,1286.22,821.94,0.3899,12,May,0.0661,0.4965,0.0475
ORD-01775,2025-09-03,2025,Q3,9,Asia,Japan,Accessories,USB Hub,Consumer,9036.76,4686.35,746.23,374.51,5807.09,3229.67,0.3574,9,September,0.0826,0.5186,0.0414
ORD-01776,2025-06-29,2025,Q2,6,North America,USA,Software,Security Pro,Consumer,3035.01,1495.63,243.26,184.65,1923.54,1111.47,0.3662,4,June,0.0802,0.4928,0.0608
ORD-01777,2025-09-15,2025,Q3,9,Asia,Singapore,Software,Security Pro,Enterprise,1720.47,988.34,116.36,102.51,1207.21,513.26,0.2983,5,September,0.0676,0.5745,0.0596
ORD-01778,2025-11-30,2025,Q4,11,Asia,Singapore,Furniture,Ergonomic Chair,Enterprise,3807.64,2187.28,246.07,233.74,2667.09,1140.55,0.2995,8,November,0.0646,0.5744,0.0614
ORD-01779,2025-05-27,2025,Q2,5,North America,Mexico,Accessories,Wireless Mouse,SMB,8227.96,4585.9,682.3,389.07,5657.27,2570.69,0.3124,5,May,0.0829,0.5574,0.0473
ORD-01780,2025-11-27,2025,Q4,11,North America,Mexico,Furniture,Storage Cabinet,Enterprise,1701.4,964.29,130.42,87.43,1182.14,519.26,0.3052,3,November,0.0767,0.5668,0.0514
ORD-01781,2025-02-07,2025,Q1,2,Asia,Singapore,Electronics,Laptop Pro,Enterprise,16735.93,8680.97,1128.14,690.38,10499.49,6236.44,0.3726,6,February,0.0674,0.5187,0.0413
ORD-01782,2025-11-22,2025,Q4,11,Europe,Germany,Accessories,Keyboard Pro,SMB,13113.85,6954.33,843.81,770.1,8568.24,4545.61,0.3466,4,November,0.0643,0.5303,0.0587
ORD-01783,2025-06-19,2025,Q2,6,Europe,Italy,Electronics,Laptop Pro,Consumer,11923.67,6606.08,899.53,732.77,8238.38,3685.29,0.3091,7,June,0.0754,0.554,0.0615
ORD-01784,2025-08-14,2025,Q3,8,Asia,Thailand,Software,Analytics Suite,SMB,6608.92,3286.12,446.92,446.13,4179.17,2429.75,0.3676,6,August,0.0676,0.4972,0.0675
ORD-01785,2025-05-14,2025,Q2,5,Asia,South Korea,Electronics,Smartphone X,Consumer,13245.62,7269.77,983.53,776.01,9029.31,4216.31,0.3183,8,May,0.0743,0.5488,0.0586
ORD-01786,2025-12-27,2025,Q4,12,North America,USA,Electronics,Tablet Air,Enterprise,17699.25,8713.93,1346.89,1217.89,11278.71,6420.54,0.3628,9,December,0.0761,0.4923,0.0688
ORD-01787,2025-12-05,2025,Q4,12,Asia,Thailand,Accessories,Webcam HD,Consumer,8151.56,4545.65,705.47,512.98,5764.1,2387.46,0.2929,10,December,0.0865,0.5576,0.0629
ORD-01788,2025-02-01,2025,Q1,2,Asia,Singapore,Accessories,Keyboard Pro,SMB,2420.98,1365.37,194.72,115.27,1675.36,745.62,0.308,4,February,0.0804,0.564,0.0476
ORD-01789,2025-01-19,2025,Q1,1,Europe,Netherlands,Accessories,USB Hub,Enterprise,7889.57,4500.65,670.21,469.12,5639.98,2249.59,0.2851,10,January,0.0849,0.5705,0.0595
ORD-01790,2025-08-19,2025,Q3,8,Europe,Netherlands,Furniture,Ergonomic Chair,Consumer,11989.06,5935.72,1177.83,711.94,7825.49,4163.57,0.3473,9,August,0.0982,0.4951,0.0594
ORD-01791,2025-09-13,2025,Q3,9,Europe,Spain,Furniture,Ergonomic Chair,Enterprise,14395.82,7650.92,1371.86,825.49,9848.27,4547.55,0.3159,15,September,0.0953,0.5315,0.0573
ORD-01792,2025-04-19,2025,Q2,4,Europe,France,Electronics,Laptop Pro,Enterprise,1288.96,648.35,111.71,52.19,812.25,476.71,0.3698,12,April,0.0867,0.503,0.0405
ORD-01793,2025-09-25,2025,Q3,9,Asia,South Korea,Accessories,Webcam HD,Enterprise,2082.58,1005.84,177.52,120.59,1303.95,778.63,0.3739,14,September,0.0852,0.483,0.0579
ORD-01794,2025-10-13,2025,Q4,10,North America,Canada,Accessories,Wireless Mouse,Enterprise,15196.04,8536.88,998.08,782.77,10317.73,4878.31,0.321,2,October,0.0657,0.5618,0.0515
ORD-01795,2025-05-28,2025,Q2,5,Europe,France,Software,Security Pro,Consumer,4037.55,2318.93,313.67,252.97,2885.57,1151.98,0.2853,13,May,0.0777,0.5743,0.0627
ORD-01796,2025-09-05,2025,Q3,9,Asia,South Korea,Furniture,Ergonomic Chair,SMB,5982.34,3389.81,464.59,388.62,4243.02,1739.32,0.2907,13,September,0.0777,0.5666,0.065
ORD-01797,2025-02-20,2025,Q1,2,Europe,Germany,Furniture,Office Desk,SMB,15134.24,7876.28,990.86,773.39,9640.53,5493.71,0.363,14,February,0.0655,0.5204,0.0511
ORD-01798,2025-05-23,2025,Q2,5,Asia,Thailand,Accessories,Webcam HD,Enterprise,9549.73,5446.16,586.18,506.0,6538.34,3011.39,0.3153,15,May,0.0614,0.5703,0.053
ORD-01799,2025-12-09,2025,Q4,12,Asia,South Korea,Software,Analytics Suite,Enterprise,1240.39,675.68,108.51,60.75,844.94,395.45,0.3188,2,December,0.0875,0.5447,0.049
ORD-01800,2025-12-29,2025,Q4,12,Europe,France,Software,Analytics Suite,SMB,10024.78,4912.71,786.18,678.4,6377.29,3647.49,0.3638,10,December,0.0784,0.4901,0.0677
ORD-01801,2025-05-18,2025,Q2,5,North America,Canada,Electronics,Laptop Pro,SMB,14050.3,7812.26,1024.22,793.1,9629.58,4420.72,0.3146,5,May,0.0729,0.556,0.0564
ORD-01802,2025-10-11,2025,Q4,10,Europe,Spain,Accessories,Keyboard Pro,SMB,11160.64,6233.12,846.41,627.21,7706.74,3453.9,0.3095,9,October,0.0758,0.5585,0.0562
ORD-01803,2025-10-12,2025,Q4,10,North America,Mexico,Electronics,Monitor Ultra,Consumer,14927.59,8151.08,1112.98,872.23,10136.29,4791.3,0.321,6,October,0.0746,0.546,0.0584
ORD-01804,2025-01-16,2025,Q1,1,Asia,Thailand,Accessories,Keyboard Pro,SMB,8491.5,4141.76,625.26,435.71,5202.73,3288.77,0.3873,12,January,0.0736,0.4878,0.0513
ORD-01805,2025-11-01,2025,Q4,11,Europe,France,Electronics,Laptop Pro,Enterprise,12165.1,6692.68,1090.57,652.49,8435.74,3729.36,0.3066,11,November,0.0896,0.5502,0.0536
ORD-01806,2025-09-25,2025,Q3,9,North America,Mexico,Furniture,Storage Cabinet,Enterprise,8801.14,4293.78,753.76,552.99,5600.53,3200.61,0.3637,15,September,0.0856,0.4879,0.0628
ORD-01807,2025-10-20,2025,Q4,10,Asia,Japan,Electronics,Monitor Ultra,SMB,6439.69,3293.49,571.33,346.57,4211.39,2228.3,0.346,8,October,0.0887,0.5114,0.0538
ORD-01808,2025-05-29,2025,Q2,5,North America,USA,Furniture,Storage Cabinet,SMB,7300.68,3639.3,454.39,410.69,4504.38,2796.3,0.383,13,May,0.0622,0.4985,0.0563
ORD-01809,2025-11-27,2025,Q4,11,North America,USA,Software,Analytics Suite,Consumer,10835.17,5637.33,694.89,519.96,6852.18,3982.99,0.3676,3,November,0.0641,0.5203,0.048
ORD-01810,2025-03-14,2025,Q1,3,North America,Canada,Software,Analytics Suite,SMB,1529.07,842.08,137.42,101.71,1081.21,447.86,0.2929,12,March,0.0899,0.5507,0.0665
ORD-01811,2025-07-07,2025,Q3,7,Asia,Japan,Electronics,Tablet Air,Consumer,4757.9,2515.08,404.66,235.84,3155.58,1602.32,0.3368,13,July,0.0851,0.5286,0.0496
ORD-01812,2025-09-16,2025,Q3,9,Europe,Germany,Furniture,Ergonomic Chair,SMB,9246.84,4438.54,1106.99,630.11,6175.64,3071.2,0.3321,1,September,0.1197,0.48,0.0681
ORD-01813,2025-02-02,2025,Q1,2,North America,Canada,Furniture,Conference Table,SMB,5386.9,2614.18,350.96,349.17,3314.31,2072.59,0.3847,5,February,0.0652,0.4853,0.0648
ORD-01814,2025-08-29,2025,Q3,8,Europe,Netherlands,Furniture,Conference Table,Consumer,13339.44,6776.44,1276.8,727.86,8781.1,4558.34,0.3417,11,August,0.0957,0.508,0.0546
ORD-01815,2025-09-22,2025,Q3,9,Europe,France,Software,CRM Enterprise,Enterprise,3251.34,1883.72,313.33,221.9,2418.95,832.39,0.256,9,September,0.0964,0.5794,0.0682
ORD-01816,2025-07-11,2025,Q3,7,Europe,Spain,Electronics,Laptop Pro,SMB,17007.7,9254.71,2177.28,710.41,12142.4,4865.3,0.2861,2,July,0.128,0.5441,0.0418
ORD-01817,2025-10-22,2025,Q4,10,Asia,India,Furniture,Storage Cabinet,Enterprise,26505.53,14463.9,1840.8,1400.08,17704.78,8800.75,0.332,12,October,0.0694,0.5457,0.0528
ORD-01818,2025-01-23,2025,Q1,1,North America,Canada,Furniture,Storage Cabinet,Enterprise,22323.28,11019.14,1368.76,1202.58,13590.48,8732.8,0.3912,13,January,0.0613,0.4936,0.0539
ORD-01819,2025-08-09,2025,Q3,8,North America,Canada,Electronics,Laptop Pro,SMB,5061.81,2784.33,453.74,215.63,3453.7,1608.11,0.3177,9,August,0.0896,0.5501,0.0426
ORD-01820,2025-10-21,2025,Q4,10,Asia,Thailand,Software,Security Pro,Enterprise,22060.01,10899.52,1699.16,1192.34,13791.02,8268.99,0.3748,10,October,0.077,0.4941,0.054
ORD-01821,2025-10-12,2025,Q4,10,North America,USA,Accessories,USB Hub,Enterprise,16434.14,8346.95,1218.86,714.34,10280.15,6153.99,0.3745,14,October,0.0742,0.5079,0.0435
ORD-01822,2025-02-15,2025,Q1,2,North America,Mexico,Furniture,Storage Cabinet,Enterprise,21904.59,12290.53,1368.58,1468.72,15127.83,6776.76,0.3094,12,February,0.0625,0.5611,0.0671
ORD-01823,2025-02-06,2025,Q1,2,Europe,Italy,Software,Analytics Suite,Enterprise,10081.85,5405.36,789.64,470.35,6665.35,3416.5,0.3389,3,February,0.0783,0.5361,0.0467
ORD-01824,2025-02-05,2025,Q1,2,Asia,Singapore,Furniture,Conference Table,SMB,5054.98,2812.56,428.24,253.37,3494.17,1560.81,0.3088,15,February,0.0847,0.5564,0.0501
ORD-01825,2025-03-19,2025,Q1,3,Asia,Thailand,Electronics,Monitor Ultra,SMB,17634.84,9232.58,1452.4,942.3,11627.28,6007.56,0.3407,10,March,0.0824,0.5235,0.0534
ORD-01826,2025-10-08,2025,Q4,10,Europe,Italy,Software,Cloud Platform,Consumer,4902.78,2440.05,411.86,252.39,3104.3,1798.48,0.3668,13,October,0.084,0.4977,0.0515
ORD-01827,2025-11-19,2025,Q4,11,Asia,South Korea,Furniture,Office Desk,SMB,6411.47,3363.15,470.15,309.68,4142.98,2268.49,0.3538,1,November,0.0733,0.5246,0.0483
ORD-01828,2025-07-21,2025,Q3,7,Asia,South Korea,Software,Security Pro,Enterprise,10406.2,5408.17,688.68,473.31,6570.16,3836.04,0.3686,14,July,0.0662,0.5197,0.0455
ORD-01829,2025-01-05,2025,Q1,1,North America,USA,Software,Security Pro,Enterprise,2009.38,1090.88,139.22,82.04,1312.14,697.24,0.347,10,January,0.0693,0.5429,0.0408
ORD-01830,2025-02-22,2025,Q1,2,Europe,Germany,Electronics,Laptop Pro,SMB,14153.02,8125.82,889.41,984.89,10000.12,4152.9,0.2934,1,February,0.0628,0.5741,0.0696
ORD-01831,2025-03-14,2025,Q1,3,Asia,Singapore,Accessories,Webcam HD,Enterprise,18823.85,9368.91,1487.37,982.3,11838.58,6985.27,0.3711,10,March,0.079,0.4977,0.0522
ORD-01832,2025-07-09,2025,Q3,7,Europe,Italy,Software,Analytics Suite,Consumer,3068.33,1473.0,297.15,135.18,1905.33,1163.0,0.379,8,July,0.0968,0.4801,0.0441
ORD-01833,2025-06-10,2025,Q2,6,North America,Canada,Electronics,Laptop Pro,Enterprise,23344.21,12978.32,1890.63,969.33,15838.28,7505.93,0.3215,6,June,0.081,0.556,0.0415
ORD-01834,2025-02-26,2025,Q1,2,Asia,Japan,Furniture,Conference Table,Consumer,10452.59,5632.06,765.18,697.37,7094.61,3357.98,0.3213,6,February,0.0732,0.5388,0.0667
ORD-01835,2025-01-17,2025,Q1,1,Asia,Singapore,Electronics,Monitor Ultra,Enterprise,20866.11,11485.09,1780.62,1124.91,14390.62,6475.49,0.3103,9,January,0.0853,0.5504,0.0539
ORD-01836,2025-01-26,2025,Q1,1,Asia,Thailand,Software,Analytics Suite,Enterprise,18293.75,10297.98,1124.05,1270.99,12693.02,5600.73,0.3062,5,January,0.0614,0.5629,0.0695
ORD-01837,2025-12-13,2025,Q4,12,North America,USA,Software,Analytics Suite,Enterprise,18909.77,10171.52,1136.29,953.93,12261.74,6648.03,0.3516,1,December,0.0601,0.5379,0.0504
ORD-01838,2025-04-20,2025,Q2,4,Asia,India,Software,Analytics Suite,Enterprise,15066.06,8176.14,1315.2,1034.47,10525.81,4540.25,0.3014,11,April,0.0873,0.5427,0.0687
ORD-01839,2025-06-22,2025,Q2,6,North America,Mexico,Furniture,Conference Table,SMB,13823.39,6972.01,984.42,788.11,8744.54,5078.85,0.3674,3,June,0.0712,0.5044,0.057
ORD-01840,2025-01-24,2025,Q1,1,Asia,South Korea,Electronics,Laptop Pro,Enterprise,11537.24,6099.61,1017.78,466.01,7583.4,3953.84,0.3427,1,January,0.0882,0.5287,0.0404
ORD-01841,2025-07-23,2025,Q3,7,North America,Canada,Electronics,Laptop Pro,Consumer,6109.43,3200.87,414.73,387.03,4002.63,2106.8,0.3448,15,July,0.0679,0.5239,0.0633
ORD-01842,2025-05-04,2025,Q2,5,Asia,Thailand,Software,Cloud Platform,Consumer,13401.57,6724.65,882.03,877.11,8483.79,4917.78,0.367,5,May,0.0658,0.5018,0.0654
ORD-01843,2025-10-25,2025,Q4,10,North America,Canada,Furniture,Office Desk,Enterprise,11147.66,5861.97,922.61,729.0,7513.58,3634.08,0.326,6,October,0.0828,0.5258,0.0654
ORD-01844,2025-06-17,2025,Q2,6,Europe,France,Furniture,Conference Table,Enterprise,2802.13,1404.57,200.03,133.53,1738.13,1064.0,0.3797,15,June,0.0714,0.5013,0.0477
ORD-01845,2025-07-20,2025,Q3,7,Europe,Italy,Electronics,Monitor Ultra,Consumer,4194.18,2257.36,512.49,251.0,3020.85,1173.33,0.2798,10,July,0.1222,0.5382,0.0598
ORD-01846,2025-12-26,2025,Q4,12,Europe,France,Furniture,Conference Table,SMB,15494.6,7545.47,1272.37,634.63,9452.47,6042.13,0.39,1,December,0.0821,0.487,0.041
ORD-01847,2025-11-26,2025,Q4,11,Asia,India,Software,Cloud Platform,Enterprise,17531.1,10096.29,1344.17,918.98,12359.44,5171.66,0.295,5,November,0.0767,0.5759,0.0524
ORD-01848,2025-05-05,2025,Q2,5,Europe,France,Electronics,Laptop Pro,SMB,7430.93,3730.28,476.19,504.01,4710.48,2720.45,0.3661,5,May,0.0641,0.502,0.0678
ORD-01849,2025-12-14,2025,Q4,12,Asia,South Korea,Software,CRM Enterprise,SMB,15515.45,8782.84,971.76,896.83,10651.43,4864.02,0.3135,10,December,0.0626,0.5661,0.0578
ORD-01850,2025-08-05,2025,Q3,8,Asia,Japan,Accessories,Wireless Mouse,Enterprise,25779.86,12993.74,2065.77,1713.57,16773.08,9006.78,0.3494,13,August,0.0801,0.504,0.0665
ORD-01851,2025-01-05,2025,Q1,1,North America,USA,Accessories,USB Hub,SMB,9659.5,4711.65,713.43,520.66,5945.74,3713.76,0.3845,1,January,0.0739,0.4878,0.0539
ORD-01852,2025-12-22,2025,Q4,12,North America,USA,Electronics,Monitor Ultra,Enterprise,3270.77,1682.57,212.15,200.86,2095.58,1175.19,0.3593,9,December,0.0649,0.5144,0.0614
ORD-01853,2025-01-04,2025,Q1,1,Europe,France,Accessories,Keyboard Pro,Enterprise,17787.61,9619.53,1419.59,747.54,11786.66,6000.95,0.3374,15,January,0.0798,0.5408,0.042
ORD-01854,2025-09-26,2025,Q3,9,Europe,Netherlands,Accessories,Wireless Mouse,Consumer,5807.61,2842.51,568.85,251.83,3663.19,2144.42,0.3692,7,September,0.0979,0.4894,0.0434
ORD-01855,2025-04-19,2025,Q2,4,North America,Canada,Software,Analytics Suite,Consumer,9033.85,4618.96,745.19,548.43,5912.58,3121.27,0.3455,8,April,0.0825,0.5113,0.0607
ORD-01856,2025-03-27,2025,Q1,3,North America,Mexico,Electronics,Monitor Ultra,Consumer,7993.08,4403.25,659.53,505.11,5567.89,2425.19,0.3034,15,March,0.0825,0.5509,0.0632
ORD-01857,2025-05-02,2025,Q2,5,Asia,Thailand,Furniture,Office Desk,Consumer,14696.8,7948.99,949.96,988.48,9887.43,4809.37,0.3272,8,May,0.0646,0.5409,0.0673
ORD-01858,2025-03-30,2025,Q1,3,North America,Canada,Software,Security Pro,Enterprise,18057.01,10464.81,1158.23,1113.6,12736.64,5320.37,0.2946,8,March,0.0641,0.5795,0.0617
ORD-01859,2025-03-25,2025,Q1,3,Europe,Germany,Furniture,Ergonomic Chair,Consumer,4770.91,2350.85,418.88,331.01,3100.74,1670.17,0.3501,3,March,0.0878,0.4927,0.0694
ORD-01860,2025-12-06,2025,Q4,12,Europe,Germany,Software,Analytics Suite,SMB,5450.16,3154.23,434.08,337.55,3925.86,1524.3,0.2797,15,December,0.0796,0.5787,0.0619
ORD-01861,2025-09-26,2025,Q3,9,North America,USA,Electronics,Monitor Ultra,SMB,10644.57,5865.73,862.56,640.74,7369.03,3275.54,0.3077,12,September,0.081,0.5511,0.0602
ORD-01862,2025-11-18,2025,Q4,11,North America,USA,Furniture,Office Desk,Consumer,3513.94,1704.51,309.62,213.92,2228.05,1285.89,0.3659,4,November,0.0881,0.4851,0.0609
ORD-01863,2025-03-09,2025,Q1,3,Europe,Spain,Accessories,USB Hub,Enterprise,19051.31,9341.31,1356.22,872.91,11570.44,7480.87,0.3927,15,March,0.0712,0.4903,0.0458
ORD-01864,2025-03-08,2025,Q1,3,North America,USA,Accessories,USB Hub,Enterprise,11526.82,5989.19,692.61,801.47,7483.27,4043.55,0.3508,1,March,0.0601,0.5196,0.0695
ORD-01865,2025-06-26,2025,Q2,6,North America,Mexico,Furniture,Storage Cabinet,SMB,8597.02,4468.63,666.59,501.49,5636.71,2960.31,0.3443,4,June,0.0775,0.5198,0.0583
ORD-01866,2025-03-09,2025,Q1,3,Europe,Germany,Furniture,Office Desk,SMB,12477.87,7003.77,1114.88,526.83,8645.48,3832.39,0.3071,5,March,0.0893,0.5613,0.0422
ORD-01867,2025-07-13,2025,Q3,7,North America,USA,Furniture,Ergonomic Chair,Enterprise,25541.33,12334.35,1722.46,1761.35,15818.16,9723.17,0.3807,9,July,0.0674,0.4829,0.069
ORD-01868,2025-05-22,2025,Q2,5,Europe,Netherlands,Accessories,Webcam HD,Enterprise,4836.81,2360.93,416.25,329.71,3106.89,1729.92,0.3577,7,May,0.0861,0.4881,0.0682
ORD-01869,2025-09-07,2025,Q3,9,Europe,Netherlands,Electronics,Tablet Air,SMB,10294.93,5321.01,1360.14,671.67,7352.82,2942.11,0.2858,15,September,0.1321,0.5169,0.0652
ORD-01870,2025-07-21,2025,Q3,7,Asia,India,Accessories,Keyboard Pro,Consumer,6213.02,3077.29,479.08,398.41,3954.78,2258.24,0.3635,6,July,0.0771,0.4953,0.0641
ORD-01871,2025-07-05,2025,Q3,7,Europe,Italy,Software,Security Pro,SMB,12014.87,6296.96,1358.45,833.72,8489.13,3525.74,0.2934,11,July,0.1131,0.5241,0.0694
ORD-01872,2025-06-06,2025,Q2,6,North America,USA,Furniture,Storage Cabinet,SMB,748.53,407.74,53.38,40.13,501.25,247.28,0.3304,3,June,0.0713,0.5447,0.0536
ORD-01873,2025-03-28,2025,Q1,3,Asia,Japan,Accessories,Wireless Mouse,Enterprise,8613.01,4260.73,572.71,450.7,5284.14,3328.87,0.3865,3,March,0.0665,0.4947,0.0523
ORD-01874,2025-06-25,2025,Q2,6,North America,Mexico,Software,Security Pro,Consumer,2693.93,1476.05,230.34,159.18,1865.57,828.36,0.3075,1,June,0.0855,0.5479,0.0591
ORD-01875,2025-10-01,2025,Q4,10,North America,Canada,Electronics,Monitor Ultra,Enterprise,17590.17,9717.43,1534.27,1078.92,12330.62,5259.55,0.299,11,October,0.0872,0.5524,0.0613
ORD-01876,2025-11-04,2025,Q4,11,North America,Mexico,Accessories,USB Hub,Enterprise,6146.44,3158.56,412.93,270.56,3842.05,2304.39,0.3749,5,November,0.0672,0.5139,0.044
ORD-01877,2025-08-24,2025,Q3,8,Europe,Italy,Electronics,Tablet Air,Consumer,3919.83,1977.76,537.56,268.43,2783.75,1136.08,0.2898,1,August,0.1371,0.5046,0.0685
ORD-01878,2025-12-20,2025,Q4,12,Europe,Germany,Electronics,Tablet Air,Consumer,8170.53,4253.31,581.87,503.0,5338.18,2832.35,0.3467,6,December,0.0712,0.5206,0.0616
ORD-01879,2025-08-28,2025,Q3,8,North America,Canada,Software,CRM Enterprise,SMB,14451.55,7516.79,1175.82,890.45,9583.06,4868.49,0.3369,5,August,0.0814,0.5201,0.0616
ORD-01880,2025-11-22,2025,Q4,11,Asia,Japan,Software,Cloud Platform,SMB,7050.51,3717.16,604.35,365.15,4686.66,2363.85,0.3353,15,November,0.0857,0.5272,0.0518
ORD-01881,2025-11-01,2025,Q4,11,North America,Canada,Electronics,Monitor Ultra,Enterprise,24545.16,12092.11,1603.11,1192.07,14887.29,9657.87,0.3935,1,November,0.0653,0.4926,0.0486
ORD-01882,2025-10-02,2025,Q4,10,North America,USA,Software,Security Pro,Consumer,1769.31,909.72,146.52,102.4,1158.64,610.67,0.3451,6,October,0.0828,0.5142,0.0579
ORD-01883,2025-07-10,2025,Q3,7,North America,Canada,Accessories,USB Hub,SMB,3762.0,2126.82,252.75,201.63,2581.2,1180.8,0.3139,5,July,0.0672,0.5653,0.0536
ORD-01884,2025-03-11,2025,Q1,3,Europe,Italy,Electronics,Tablet Air,Enterprise,10943.44,6274.01,750.47,765.28,7789.76,3153.68,0.2882,5,March,0.0686,0.5733,0.0699
ORD-01885,2025-11-30,2025,Q4,11,North America,Mexico,Furniture,Ergonomic Chair,Enterprise,25459.02,14299.26,1757.43,1260.27,17316.96,8142.06,0.3198,5,November,0.069,0.5617,0.0495
ORD-01886,2025-04-20,2025,Q2,4,North America,USA,Accessories,Webcam HD,Enterprise,18068.2,9500.08,1140.6,1214.61,11855.29,6212.91,0.3439,15,April,0.0631,0.5258,0.0672
ORD-01887,2025-01-10,2025,Q1,1,Europe,Netherlands,Electronics,Monitor Ultra,Consumer,12418.3,7102.96,798.03,541.53,8442.52,3975.78,0.3202,6,January,0.0643,0.572,0.0436
ORD-01888,2025-10-09,2025,Q4,10,Asia,India,Software,Security Pro,Enterprise,6357.91,3570.38,506.97,395.29,4472.64,1885.27,0.2965,3,October,0.0797,0.5616,0.0622
ORD-01889,2025-08-10,2025,Q3,8,North America,Canada,Software,Security Pro,Consumer,9932.06,5441.49,610.41,545.43,6597.33,3334.73,0.3358,11,August,0.0615,0.5479,0.0549
ORD-01890,2025-03-25,2025,Q1,3,North America,Mexico,Electronics,Monitor Ultra,SMB,15830.43,8897.27,1055.52,844.42,10797.21,5033.22,0.3179,8,March,0.0667,0.562,0.0533
ORD-01891,2025-03-09,2025,Q1,3,North America,Canada,Accessories,USB Hub,SMB,3876.42,2042.11,245.55,261.0,2548.66,1327.76,0.3425,11,March,0.0633,0.5268,0.0673
ORD-01892,2025-01-24,2025,Q1,1,North America,Mexico,Software,Cloud Platform,SMB,16824.27,8181.44,1477.63,858.45,10517.52,6306.75,0.3749,11,January,0.0878,0.4863,0.051
ORD-01893,2025-09-23,2025,Q3,9,North America,USA,Electronics,Laptop Pro,Enterprise,13528.35,7416.81,1107.76,567.8,9092.37,4435.98,0.3279,3,September,0.0819,0.5482,0.042
ORD-01894,2025-06-13,2025,Q2,6,Asia,Japan,Electronics,Monitor Ultra,Enterprise,16670.02,8379.53,1287.09,1062.76,10729.38,5940.64,0.3564,13,June,0.0772,0.5027,0.0638
ORD-01895,2025-04-22,2025,Q2,4,Asia,Thailand,Electronics,Monitor Ultra,Enterprise,24610.1,12301.26,1622.88,1443.95,15368.09,9242.01,0.3755,6,April,0.0659,0.4998,0.0587
ORD-01896,2025-12-30,2025,Q4,12,Europe,Netherlands,Accessories,Keyboard Pro,Consumer,888.44,483.74,68.65,52.36,604.75,283.69,0.3193,8,December,0.0773,0.5445,0.0589
ORD-01897,2025-05-07,2025,Q2,5,Asia,Japan,Software,Security Pro,Consumer,10401.84,5938.98,670.41,463.12,7072.51,3329.33,0.3201,12,May,0.0645,0.571,0.0445
ORD-01898,2025-08-15,2025,Q3,8,Europe,Netherlands,Furniture,Ergonomic Chair,Enterprise,8399.3,4748.01,1051.09,544.69,6343.79,2055.51,0.2447,13,August,0.1251,0.5653,0.0648
ORD-01899,2025-04-24,2025,Q2,4,Asia,Japan,Furniture,Ergonomic Chair,SMB,8026.69,4259.99,715.66,434.13,5409.78,2616.91,0.326,2,April,0.0892,0.5307,0.0541
ORD-01900,2025-01-26,2025,Q1,1,North America,Canada,Electronics,Smartphone X,SMB,11164.14,6238.42,710.3,615.93,7564.65,3599.49,0.3224,3,January,0.0636,0.5588,0.0552
ORD-01901,2025-04-13,2025,Q2,4,Asia,India,Electronics,Laptop Pro,SMB,2769.45,1439.13,195.6,181.01,1815.74,953.71,0.3444,14,April,0.0706,0.5196,0.0654
ORD-01902,2025-10-11,2025,Q4,10,Europe,Netherlands,Furniture,Office Desk,SMB,12192.24,6878.64,890.55,746.45,8515.64,3676.6,0.3016,5,October,0.073,0.5642,0.0612
ORD-01903,2025-10-01,2025,Q4,10,Asia,South Korea,Accessories,Keyboard Pro,SMB,8301.52,4202.77,534.24,576.05,5313.06,2988.46,0.36,4,October,0.0644,0.5063,0.0694
ORD-01904,2025-12-20,2025,Q4,12,Europe,France,Furniture,Office Desk,Consumer,2038.89,1102.52,137.86,90.97,1331.35,707.54,0.347,9,December,0.0676,0.5407,0.0446
ORD-01905,2025-12-10,2025,Q4,12,North America,Mexico,Furniture,Ergonomic Chair,Enterprise,20063.99,10340.46,1238.25,912.74,12491.45,7572.54,0.3774,15,December,0.0617,0.5154,0.0455
ORD-01906,2025-11-13,2025,Q4,11,Asia,Japan,Software,Analytics Suite,SMB,4815.03,2743.17,403.07,261.76,3408.0,1407.03,0.2922,13,November,0.0837,0.5697,0.0544
ORD-01907,2025-05-06,2025,Q2,5,Europe,Germany,Electronics,Tablet Air,SMB,12495.93,6612.57,788.95,588.43,7989.95,4505.98,0.3606,8,May,0.0631,0.5292,0.0471
ORD-01908,2025-12-09,2025,Q4,12,Asia,Japan,Software,Analytics Suite,Consumer,8644.43,4277.69,749.08,364.38,5391.15,3253.28,0.3763,13,December,0.0867,0.4948,0.0422
ORD-01909,2025-07-17,2025,Q3,7,Europe,Spain,Electronics,Tablet Air,Consumer,6289.8,3378.19,795.56,375.54,4549.29,1740.51,0.2767,7,July,0.1265,0.5371,0.0597
ORD-01910,2025-02-02,2025,Q1,2,Asia,Singapore,Accessories,Wireless Mouse,SMB,6140.52,3296.64,515.67,418.19,4230.5,1910.02,0.3111,11,February,0.084,0.5369,0.0681
ORD-01911,2025-02-04,2025,Q1,2,Asia,India,Accessories,USB Hub,Enterprise,2922.57,1626.83,234.38,145.83,2007.04,915.53,0.3133,5,February,0.0802,0.5566,0.0499
ORD-01912,2025-01-09,2025,Q1,1,North America,Mexico,Electronics,Monitor Ultra,Consumer,14779.11,7967.32,1086.65,811.37,9865.34,4913.77,0.3325,13,January,0.0735,0.5391,0.0549
ORD-01913,2025-04-05,2025,Q2,4,Europe,Spain,Electronics,Smartphone X,Enterprise,7519.51,3936.16,486.88,304.14,4727.18,2792.33,0.3713,10,April,0.0647,0.5235,0.0404
ORD-01914,2025-11-30,2025,Q4,11,Asia,India,Furniture,Office Desk,Enterprise,8925.25,5123.81,688.56,558.34,6370.71,2554.54,0.2862,7,November,0.0771,0.5741,0.0626
ORD-01915,2025-11-14,2025,Q4,11,Asia,South Korea,Accessories,Webcam HD,Enterprise,15682.9,8348.35,1042.42,704.93,10095.7,5587.2,0.3563,8,November,0.0665,0.5323,0.0449
ORD-01916,2025-09-05,2025,Q3,9,Europe,Germany,Furniture,Ergonomic Chair,SMB,11945.4,6540.05,1126.65,821.54,8488.24,3457.16,0.2894,12,September,0.0943,0.5475,0.0688
ORD-01917,2025-10-23,2025,Q4,10,North America,Mexico,Accessories,Webcam HD,SMB,4727.83,2570.71,313.17,278.61,3162.49,1565.34,0.3311,10,October,0.0662,0.5437,0.0589
ORD-01918,2025-12-24,2025,Q4,12,North America,Canada,Furniture,Office Desk,Consumer,1829.58,1019.07,127.82,83.52,1230.41,599.17,0.3275,9,December,0.0699,0.557,0.0456
ORD-01919,2025-12-11,2025,Q4,12,North America,Mexico,Software,Cloud Platform,Enterprise,4154.39,2013.08,264.35,174.81,2452.24,1702.15,0.4097,14,December,0.0636,0.4846,0.0421
ORD-01920,2025-01-13,2025,Q1,1,Asia,South Korea,Accessories,USB Hub,SMB,10396.9,5464.71,911.29,565.57,6941.57,3455.33,0.3323,12,January,0.0877,0.5256,0.0544
ORD-01921,2025-01-26,2025,Q1,1,Europe,France,Accessories,Webcam HD,SMB,5927.36,3168.03,491.23,325.37,3984.63,1942.73,0.3278,5,January,0.0829,0.5345,0.0549
ORD-01922,2025-10-21,2025,Q4,10,Asia,Thailand,Accessories,USB Hub,Enterprise,11856.51,5929.8,1028.15,626.01,7583.96,4272.55,0.3604,1,October,0.0867,0.5001,0.0528
ORD-01923,2025-05-12,2025,Q2,5,Asia,India,Electronics,Monitor Ultra,Enterprise,10113.39,5561.38,749.48,415.95,6726.81,3386.58,0.3349,12,May,0.0741,0.5499,0.0411
ORD-01924,2025-07-17,2025,Q3,7,Asia,Thailand,Accessories,Keyboard Pro,SMB,8280.0,4065.41,654.53,492.68,5212.62,3067.38,0.3705,3,July,0.079,0.491,0.0595
ORD-01925,2025-10-19,2025,Q4,10,North America,Canada,Furniture,Conference Table,Enterprise,2193.13,1134.06,162.24,88.25,1384.55,808.58,0.3687,6,October,0.074,0.5171,0.0402
ORD-01926,2025-06-29,2025,Q2,6,Europe,France,Furniture,Storage Cabinet,SMB,12334.93,6446.93,826.97,522.4,7796.3,4538.63,0.3679,6,June,0.067,0.5227,0.0424
ORD-01927,2025-11-11,2025,Q4,11,Asia,Thailand,Software,CRM Enterprise,SMB,16653.3,8682.94,1216.34,815.28,10714.56,5938.74,0.3566,6,November,0.073,0.5214,0.049
ORD-01928,2025-05-15,2025,Q2,5,Asia,Japan,Software,Security Pro,Enterprise,21563.56,11008.96,1372.29,1230.88,13612.13,7951.43,0.3687,10,May,0.0636,0.5105,0.0571
ORD-01929,2025-10-29,2025,Q4,10,Europe,Netherlands,Furniture,Conference Table,SMB,10662.76,5422.11,823.67,512.76,6758.54,3904.22,0.3662,7,October,0.0772,0.5085,0.0481
ORD-01930,2025-05-16,2025,Q2,5,Europe,Netherlands,Furniture,Ergonomic Chair,Enterprise,2146.12,1100.57,155.82,124.83,1381.22,764.9,0.3564,8,May,0.0726,0.5128,0.0582
ORD-01931,2025-04-22,2025,Q2,4,North America,Mexico,Software,Analytics Suite,Enterprise,5015.8,2892.78,451.08,315.03,3658.89,1356.91,0.2705,8,April,0.0899,0.5767,0.0628
ORD-01932,2025-03-08,2025,Q1,3,Europe,France,Electronics,Monitor Ultra,Enterprise,13400.08,6835.86,1146.36,675.8,8658.02,4742.06,0.3539,5,March,0.0855,0.5101,0.0504
ORD-01933,2025-11-19,2025,Q4,11,North America,Canada,Software,Security Pro,SMB,14526.14,7164.16,1210.5,597.3,8971.96,5554.18,0.3824,1,November,0.0833,0.4932,0.0411
ORD-01934,2025-01-22,2025,Q1,1,Asia,Singapore,Accessories,USB Hub,SMB,16762.87,8294.91,1313.0,955.44,10563.35,6199.52,0.3698,14,January,0.0783,0.4948,0.057
ORD-01935,2025-01-15,2025,Q1,1,Europe,Italy,Electronics,Smartphone X,Enterprise,6225.45,3525.95,435.78,322.51,4284.24,1941.21,0.3118,6,January,0.07,0.5664,0.0518
ORD-01936,2025-09-28,2025,Q3,9,North America,Mexico,Accessories,Keyboard Pro,SMB,10732.89,5825.82,914.31,739.66,7479.79,3253.1,0.3031,9,September,0.0852,0.5428,0.0689
ORD-01937,2025-08-09,2025,Q3,8,Europe,Netherlands,Furniture,Office Desk,SMB,12881.2,6894.73,1311.25,784.12,8990.1,3891.1,0.3021,7,August,0.1018,0.5353,0.0609
ORD-01938,2025-07-18,2025,Q3,7,Europe,Germany,Electronics,Smartphone X,Consumer,8485.59,4113.86,869.93,566.05,5549.84,2935.75,0.346,4,July,0.1025,0.4848,0.0667
ORD-01939,2025-07-28,2025,Q3,7,Europe,France,Electronics,Smartphone X,Enterprise,8991.71,4579.26,947.08,415.75,5942.09,3049.62,0.3392,2,July,0.1053,0.5093,0.0462
ORD-01940,2025-01-10,2025,Q1,1,Asia,Japan,Accessories,Webcam HD,Consumer,11251.05,6159.72,897.17,713.8,7770.69,3480.36,0.3093,9,January,0.0797,0.5475,0.0634
ORD-01941,2025-01-15,2025,Q1,1,Europe,Netherlands,Software,Cloud Platform,Consumer,12975.15,6722.98,1005.28,538.52,8266.78,4708.37,0.3629,15,January,0.0775,0.5181,0.0415
ORD-01942,2025-12-01,2025,Q4,12,Europe,Spain,Accessories,USB Hub,Enterprise,13057.8,6513.65,798.17,603.73,7915.55,5142.25,0.3938,6,December,0.0611,0.4988,0.0462
ORD-01943,2025-01-30,2025,Q1,1,Europe,France,Software,Analytics Suite,Enterprise,5127.86,2748.06,452.94,270.05,3471.05,1656.81,0.3231,6,January,0.0883,0.5359,0.0527
ORD-01944,2025-04-03,2025,Q2,4,Asia,Singapore,Furniture,Ergonomic Chair,Enterprise,4383.74,2539.95,345.04,206.09,3091.08,1292.66,0.2949,3,April,0.0787,0.5794,0.047
ORD-01945,2025-01-09,2025,Q1,1,Europe,Italy,Accessories,Wireless Mouse,Enterprise,6235.13,2999.07,378.22,286.31,3663.6,2571.53,0.4124,7,January,0.0607,0.481,0.0459
ORD-01946,2025-08-28,2025,Q3,8,Asia,India,Electronics,Monitor Ultra,SMB,6954.48,3905.49,508.55,367.24,4781.28,2173.2,0.3125,13,August,0.0731,0.5616,0.0528
ORD-01947,2025-09-02,2025,Q3,9,North America,Mexico,Software,Security Pro,Enterprise,24354.63,11828.23,1664.39,1244.66,14737.28,9617.35,0.3949,1,September,0.0683,0.4857,0.0511
ORD-01948,2025-02-10,2025,Q1,2,Europe,France,Software,CRM Enterprise,Enterprise,7033.18,3528.4,573.22,481.93,4583.55,2449.63,0.3483,3,February,0.0815,0.5017,0.0685
ORD-01949,2025-01-24,2025,Q1,1,Europe,Netherlands,Software,CRM Enterprise,Enterprise,25604.9,14337.61,2158.11,1636.53,18132.25,7472.65,0.2918,15,January,0.0843,0.56,0.0639
ORD-01950,2025-01-09,2025,Q1,1,Europe,Spain,Furniture,Ergonomic Chair,Consumer,12057.5,6140.49,1042.16,503.46,7686.11,4371.39,0.3625,14,January,0.0864,0.5093,0.0418
ORD-01951,2025-07-31,2025,Q3,7,Asia,Thailand,Accessories,Wireless Mouse,SMB,11774.16,6465.17,819.88,562.96,7848.01,3926.15,0.3335,2,July,0.0696,0.5491,0.0478
ORD-01952,2025-11-15,2025,Q4,11,North America,USA,Software,Analytics Suite,SMB,6859.84,3664.27,522.07,463.83,4650.17,2209.67,0.3221,3,November,0.0761,0.5342,0.0676
ORD-01953,2025-12-13,2025,Q4,12,Asia,Japan,Software,Analytics Suite,Enterprise,4959.9,2677.75,417.03,285.43,3380.21,1579.69,0.3185,12,December,0.0841,0.5399,0.0575
ORD-01954,2025-06-25,2025,Q2,6,Asia,South Korea,Software,Security Pro,Consumer,11008.25,5446.26,742.2,522.6,6711.06,4297.19,0.3904,4,June,0.0674,0.4947,0.0475
ORD-01955,2025-08-20,2025,Q3,8,North America,USA,Furniture,Office Desk,Enterprise,3106.4,1795.29,197.49,166.93,2159.71,946.69,0.3048,9,August,0.0636,0.5779,0.0537
ORD-01956,2025-01-22,2025,Q1,1,Europe,Italy,Accessories,Wireless Mouse,Consumer,13786.8,7963.25,857.79,905.13,9726.17,4060.63,0.2945,14,January,0.0622,0.5776,0.0657
ORD-01957,2025-09-06,2025,Q3,9,Asia,India,Furniture,Ergonomic Chair,SMB,2402.1,1386.4,188.61,146.13,1721.14,680.96,0.2835,3,September,0.0785,0.5772,0.0608
ORD-01958,2025-11-03,2025,Q4,11,Asia,India,Accessories,Wireless Mouse,Enterprise,5480.63,3126.87,484.27,342.28,3953.42,1527.21,0.2787,4,November,0.0884,0.5705,0.0625
ORD-01959,2025-04-23,2025,Q2,4,North America,Canada,Furniture,Ergonomic Chair,Enterprise,10314.7,5249.42,663.55,528.84,6441.81,3872.89,0.3755,7,April,0.0643,0.5089,0.0513
ORD-01960,2025-12-14,2025,Q4,12,Asia,Singapore,Accessories,Keyboard Pro,Enterprise,20214.99,9706.24,1540.13,927.16,12173.53,8041.46,0.3978,5,December,0.0762,0.4802,0.0459
ORD-01961,2025-05-31,2025,Q2,5,Asia,South Korea,Electronics,Tablet Air,Consumer,12688.96,6724.0,989.44,858.71,8572.15,4116.81,0.3244,1,May,0.078,0.5299,0.0677
ORD-01962,2025-05-19,2025,Q2,5,Asia,India,Furniture,Office Desk,SMB,11280.98,5840.76,848.61,569.47,7258.84,4022.14,0.3565,10,May,0.0752,0.5178,0.0505
ORD-01963,2025-06-10,2025,Q2,6,Europe,Spain,Accessories,USB Hub,Consumer,10678.87,5319.85,777.57,637.93,6735.35,3943.52,0.3693,3,June,0.0728,0.4982,0.0597
ORD-01964,2025-11-03,2025,Q4,11,North America,Canada,Accessories,Keyboard Pro,SMB,3818.77,2184.82,283.45,243.8,2712.07,1106.7,0.2898,3,November,0.0742,0.5721,0.0638
ORD-01965,2025-07-03,2025,Q3,7,North America,USA,Electronics,Monitor Ultra,Enterprise,24019.96,12368.57,1501.52,1544.14,15414.23,8605.73,0.3583,3,July,0.0625,0.5149,0.0643
ORD-01966,2025-01-15,2025,Q1,1,North America,Canada,Furniture,Ergonomic Chair,Consumer,4644.64,2262.56,407.44,318.86,2988.86,1655.78,0.3565,13,January,0.0877,0.4871,0.0687
ORD-01967,2025-07-30,2025,Q3,7,Europe,Germany,Furniture,Conference Table,SMB,13779.64,7580.36,1539.23,731.38,9850.97,3928.67,0.2851,8,July,0.1117,0.5501,0.0531
ORD-01968,2025-12-09,2025,Q4,12,North America,USA,Accessories,Keyboard Pro,Consumer,10979.44,5999.25,972.98,453.26,7425.49,3553.95,0.3237,7,December,0.0886,0.5464,0.0413
ORD-01969,2025-02-08,2025,Q1,2,Asia,Singapore,Electronics,Tablet Air,Enterprise,5977.28,3301.76,398.63,335.62,4036.01,1941.27,0.3248,14,February,0.0667,0.5524,0.0561
ORD-01970,2025-01-21,2025,Q1,1,Europe,Italy,Furniture,Ergonomic Chair,Enterprise,22273.87,10877.91,1904.75,954.01,13736.67,8537.2,0.3833,14,January,0.0855,0.4884,0.0428
ORD-01971,2025-03-30,2025,Q1,3,Europe,Italy,Software,Analytics Suite,Consumer,5901.1,2923.2,431.15,309.89,3664.24,2236.86,0.3791,8,March,0.0731,0.4954,0.0525
ORD-01972,2025-07-25,2025,Q3,7,Asia,India,Electronics,Laptop Pro,Consumer,5237.39,2805.29,323.43,258.09,3386.81,1850.58,0.3533,5,July,0.0618,0.5356,0.0493
ORD-01973,2025-03-10,2025,Q1,3,North America,USA,Electronics,Monitor Ultra,Enterprise,15777.45,8365.96,1387.99,840.42,10594.37,5183.08,0.3285,9,March,0.088,0.5302,0.0533
ORD-01974,2025-09-03,2025,Q3,9,Europe,Italy,Software,CRM Enterprise,Consumer,6325.04,3634.2,705.67,311.97,4651.84,1673.2,0.2645,12,September,0.1116,0.5746,0.0493
ORD-01975,2025-03-02,2025,Q1,3,North America,Canada,Furniture,Ergonomic Chair,SMB,12057.97,5922.63,774.45,818.79,7515.87,4542.1,0.3767,13,March,0.0642,0.4912,0.0679
ORD-01976,2025-03-16,2025,Q1,3,Europe,Germany,Furniture,Ergonomic Chair,Enterprise,8877.16,4317.82,608.35,518.0,5444.17,3432.99,0.3867,9,March,0.0685,0.4864,0.0584
ORD-01977,2025-04-22,2025,Q2,4,Europe,Italy,Accessories,Wireless Mouse,Enterprise,13194.65,7144.9,852.41,828.76,8826.07,4368.58,0.3311,10,April,0.0646,0.5415,0.0628
ORD-01978,2025-11-09,2025,Q4,11,North America,Mexico,Software,Analytics Suite,Consumer,2832.81,1557.57,179.39,160.02,1896.98,935.83,0.3304,1,November,0.0633,0.5498,0.0565
ORD-01979,2025-04-23,2025,Q2,4,Asia,South Korea,Accessories,Wireless Mouse,Consumer,10478.74,5205.93,629.39,420.84,6256.16,4222.58,0.403,15,April,0.0601,0.4968,0.0402
ORD-01980,2025-04-11,2025,Q2,4,North America,USA,Software,Cloud Platform,Consumer,6242.43,3541.31,375.27,368.02,4284.6,1957.83,0.3136,6,April,0.0601,0.5673,0.059
ORD-01981,2025-04-02,2025,Q2,4,Asia,Japan,Furniture,Office Desk,SMB,10224.82,5073.39,741.69,657.55,6472.63,3752.19,0.367,3,April,0.0725,0.4962,0.0643
ORD-01982,2025-12-04,2025,Q4,12,North America,Mexico,Electronics,Laptop Pro,SMB,7527.07,4138.01,488.66,404.37,5031.04,2496.03,0.3316,7,December,0.0649,0.5498,0.0537
ORD-01983,2025-05-05,2025,Q2,5,Europe,France,Furniture,Storage Cabinet,Consumer,11949.25,6882.46,793.85,651.35,8327.66,3621.59,0.3031,15,May,0.0664,0.576,0.0545
ORD-01984,2025-02-12,2025,Q1,2,North America,Canada,Electronics,Monitor Ultra,Enterprise,11278.65,5531.9,823.59,554.25,6909.74,4368.91,0.3874,13,February,0.073,0.4905,0.0491
ORD-01985,2025-02-25,2025,Q1,2,Europe,Germany,Furniture,Ergonomic Chair,Consumer,7834.7,3883.55,681.64,481.89,5047.08,2787.62,0.3558,3,February,0.087,0.4957,0.0615
ORD-01986,2025-02-20,2025,Q1,2,North America,Mexico,Furniture,Conference Table,Enterprise,12934.36,6984.67,1108.27,722.39,8815.33,4119.03,0.3185,6,February,0.0857,0.54,0.0559
ORD-01987,2025-12-29,2025,Q4,12,North America,Mexico,Electronics,Monitor Ultra,SMB,9178.35,4492.77,562.66,575.17,5630.6,3547.75,0.3865,12,December,0.0613,0.4895,0.0627
ORD-01988,2025-07-09,2025,Q3,7,North America,USA,Electronics,Laptop Pro,Consumer,12291.67,6204.05,765.18,538.66,7507.89,4783.78,0.3892,10,July,0.0623,0.5047,0.0438
ORD-01989,2025-08-16,2025,Q3,8,Asia,India,Accessories,Wireless Mouse,SMB,17476.9,9121.19,1495.97,1036.34,11653.5,5823.4,0.3332,9,August,0.0856,0.5219,0.0593
ORD-01990,2025-12-21,2025,Q4,12,Asia,Singapore,Accessories,Keyboard Pro,Consumer,10295.58,5961.83,871.6,458.36,7291.79,3003.79,0.2918,7,December,0.0847,0.5791,0.0445
ORD-01991,2025-07-12,2025,Q3,7,Asia,South Korea,Accessories,Keyboard Pro,Consumer,13113.23,7048.03,823.85,651.86,8523.74,4589.49,0.35,4,July,0.0628,0.5375,0.0497
ORD-01992,2025-06-07,2025,Q2,6,North America,Mexico,Furniture,Conference Table,SMB,4489.17,2277.28,327.96,265.28,2870.52,1618.65,0.3606,13,June,0.0731,0.5073,0.0591
ORD-01993,2025-08-16,2025,Q3,8,North America,Canada,Furniture,Office Desk,SMB,5265.24,2777.51,436.72,275.69,3489.92,1775.32,0.3372,10,August,0.0829,0.5275,0.0524
ORD-01994,2025-06-05,2025,Q2,6,Europe,Spain,Accessories,Webcam HD,Enterprise,15579.58,8340.13,1213.01,766.67,10319.81,5259.77,0.3376,11,June,0.0779,0.5353,0.0492
ORD-01995,2025-09-12,2025,Q3,9,Asia,Thailand,Software,Security Pro,SMB,5398.91,3106.32,355.28,314.48,3776.08,1622.83,0.3006,9,September,0.0658,0.5754,0.0582
ORD-01996,2025-06-04,2025,Q2,6,Europe,Spain,Accessories,Keyboard Pro,SMB,15196.79,8083.15,1198.99,701.91,9984.05,5212.74,0.343,12,June,0.0789,0.5319,0.0462
ORD-01997,2025-10-25,2025,Q4,10,North America,Mexico,Electronics,Monitor Ultra,SMB,14109.46,7525.57,958.83,698.15,9182.55,4926.91,0.3492,13,October,0.068,0.5334,0.0495
ORD-01998,2025-11-06,2025,Q4,11,Europe,Netherlands,Accessories,Wireless Mouse,SMB,17388.43,8552.1,1506.34,711.92,10770.36,6618.07,0.3806,7,November,0.0866,0.4918,0.0409
ORD-01999,2025-03-13,2025,Q1,3,Asia,India,Accessories,Webcam HD,SMB,10220.06,5827.2,618.75,575.71,7021.66,3198.4,0.313,5,March,0.0605,0.5702,0.0563
ORD-02000,2025-10-01,2025,Q4,10,Asia,Singapore,Electronics,Smartphone X,Enterprise,15418.96,8233.14,1182.12,1021.48,10436.74,4982.22,0.3231,13,October,0.0767,0.534,0.0662
